MEMBER_ID,FFP_JOIN_DATE,FIRST_FLIGHT_DATE,GENDER,FFP_LOYALTY_TIER,WORK_CITY,WORK_PROVINCE,WORK_COUNTRY,AGE,LOAD_TIME,FLIGHT_COUNT,BP_SUM,SUM_YR_1,SUM_YR_2,SEG_KM_SUM,RECENT_FLIGHT_DATE,C.LAST_FLIGHT,AVG_INTERVAL,MAX_INTERVAL,EXCHANGE_COUNT,AVG_DISCOUNT,POINTS_SUM,POINTS_NOTFLIGHT,POINTS_SUM_LOG,BP_SUM_log,SUM_YR_1_log,SUM_YR_2_log,SEG_KM_SUM_log,POINTS_SUM_log,AVG_INTERVAL_log,MAX_INTERVAL_log,EXCHANGE_COUNT_log,POINTS_NOTFLIGHT_log,AVG_DISCOUNT_PCT,FFP_JOIN_DATE_STATUS,FIRST_FLIGHT_DATE_STATUS,RECENT_FLIGHT_DATE_STATUS
54993,2006-11-02,2008-12-24,Male,6,.,beijing,CN,31,2014-03-31,210,505308,239560,234188,580717,2014-03-31,1,3,18,34,0.961639043,619760,50,13.337089198832299,11.962618494255167,11.50973744102895,11.543276653286297,12.1506089531609,12.271620155461939,1.5421652381059419,2.977301475242586,3.5553480614894135,3.9318256327243257,96.1639043,Available,Available,Available
28065,,,Male,6,Unknown,beijing,CN,42,2014-03-31,140,362480,171483,167434,293678,2014-03-25,7,5,17,29,1.25231444,415768,33,12.937885096552126,11.962618494255167,11.50973744102895,11.543276653286297,12.1506089531609,12.271620155461939,1.8236205712459357,2.977301475242586,3.4011973816621555,3.5263605246161616,125.231444,Unknown,Unknown,Available
55106,2007-02-01,2007-08-30,Male,6,.,beijing,CN,40,2014-03-31,135,351159,163618,164982,283712,2014-03-21,11,5,18,20,1.254675516,406361,26,12.914999666937636,11.962618494255167,11.50973744102895,11.543276653286297,12.1506089531609,12.271620155461939,1.8403126946948087,2.977301475242586,3.044522437723423,3.295836866004329,125.46755160000001,Available,Available,Available
21189,,2008-08-23,Male,5,Los Angeles,CA,US,64,2014-03-31,23,337314,116350,125500,281336,2013-12-26,97,27,73,11,1.090869565,372204,12,12.827200056737887,11.962618494255167,11.50973744102895,11.543276653286297,12.1506089531609,12.271620155461939,3.3625825454083915,4.304065093204169,2.4849066497880004,2.5649493574615367,109.0869565,Unknown,Available,Available
39546,2009-04-10,2009-04-15,Male,6,guiyang,guizhou,CN,48,2014-03-31,152,273844,124560,130702,309928,2014-03-27,5,4,47,27,0.970657895,338813,39,12.733206563220342,11.962618494255167,11.50973744102895,11.543276653286297,12.1506089531609,12.271620155461939,1.755800538806286,3.8712010109078907,3.332204510175204,3.6888794541139363,97.0657895,Available,Available,Available
56972,2008-02-10,2009-09-29,Male,6,guangzhou,guangdong,CN,64,2014-03-31,92,313338,112364,76946,294585,2014-01-13,79,7,52,10,0.967692483,343121,15,12.745841348038311,11.962618494255167,11.50973744102895,11.250872152152262,12.1506089531609,12.271620155461939,2.084921007449926,3.970291913552122,2.3978952727983707,2.772588722239781,96.7692483,Available,Available,Available
44924,,2006-03-29,Male,6,wulumuqishi,xinjiang,CN,46,2014-03-31,101,248864,120500,114469,287042,2014-03-31,1,7,28,20,0.965346535,298873,29,12.607777358874644,11.962618494255167,11.50973744102895,11.543276653286297,12.1506089531609,12.271620155461939,2.102913897864978,3.367295829986474,3.044522437723423,3.4011973816621555,96.5346535,Unknown,Available,Available
22631,2010-04-09,,Female,6,wenzhoushi,zhejiang,CN,50,2014-03-31,73,301864,82440,114971,287230,2014-03-29,3,10,45,7,0.962070222,351198,14,12.769108293358634,11.962618494255167,11.319838164964791,11.543276653286297,12.1506089531609,12.271620155461939,2.407945608551872,3.828641396489095,2.0794415416798357,2.70805020110221,96.2070222,Available,Unknown,Available
32197,2011-06-07,,Male,5,DRANCY,Unknown,FR,50,2014-03-31,56,262958,72596,87401,321489,2014-03-26,6,13,94,5,0.828478237,295158,7,12.59526947317361,11.962618494255167,11.192678877645047,11.378273444677003,12.1506089531609,12.271620155461939,2.6429458630315357,4.553876891600541,1.791759469228055,2.0794415416798357,82.8478237,Available,Unknown,Available
31645,2010-07-05,,Female,6,wenzhou,zhejiang,CN,43,2014-03-31,64,204855,85258,60267,375074,2014-03-17,15,11,73,13,0.708010153,251907,16,12.436819220470786,11.962618494255167,11.353448961420955,11.00655656192118,12.1506089531609,12.271620155461939,2.5123056237058448,4.304065093204169,2.639057329615259,2.833213344056216,70.8010153,Available,Unknown,Available
58877,,2010-11-20,Female,6,PARIS,PARIS,FR,34,2014-03-31,43,298321,69056,91581,262013,,22,16,95,1,0.988658044,337839,3,12.730327689607826,11.962618494255167,11.142687529513884,11.424990024802062,12.1506089531609,12.271620155461939,2.881069365046935,4.564348191467836,0.6931471805599453,1.3862943611198906,98.8658044,Unknown,Available,Unknown
37994,,,Male,6,beijing,.,CN,47,2014-03-31,145,256093,92975,126821,271438,2014-03-26,6,5,42,15,0.95253487,353101,66,12.77451224601825,11.962618494255167,11.440096674314887,11.543276653286297,12.1506089531609,12.271620155461939,1.7963784151212159,3.7612001156935624,2.772588722239781,4.204692619390966,95.253487,Unknown,Unknown,Available
28012,,2007-11-18,Male,5,SAN MARINO,CA,US,58,2014-03-31,29,210269,44750,53977,321529,2014-01-25,67,23,112,3,0.799126984,245808,4,12.412310090578009,11.962618494255167,10.70886906982204,10.896331835126059,12.1506089531609,12.271620155461939,3.1780538303479458,4.727387818712341,1.3862943611198906,1.6094379124341003,79.91269840000001,Unknown,Available,Available
54943,,2007-10-27,Male,6,shenzhen,guangdong,CN,47,2014-03-31,118,241614,105466,119832,179514,2014-03-29,3,6,38,14,1.398381742,270704,20,12.508784946063509,11.962618494255167,11.50973744102895,11.543276653286297,12.098014048878682,12.271620155461939,1.9736060795027655,3.6635616461296463,2.70805020110221,3.044522437723423,139.8381742,Unknown,Available,Available
57881,2010-02-01,,Female,6,guangzhou,guangdong,CN,45,2014-03-31,50,289917,68941,79076,270067,2014-03-30,2,14,100,9,0.921984841,328345,12,12.701823209422182,11.962618494255167,11.141020850384026,11.278177340297884,12.1506089531609,12.271620155461939,2.7649062260420583,4.61512051684126,2.302585092994046,2.5649493574615367,92.1984841,Available,Unknown,Available
1254,,,Male,4,BOWLAND HEIGHTS,CALIFORNIA,US,63,2014-03-31,22,286164,69300,54764,234721,2014-01-27,65,31,102,6,1.026084586,310002,8,12.644337253833857,11.962618494255167,11.146214615088313,10.910806582757846,12.1506089531609,12.271620155461939,3.471670638304748,4.634728988229636,1.9459101490553132,2.1972245773362196,102.6084586,Unknown,Unknown,Available
8253,,2010-08-20,Male,6,wulumuqi,xinjiang,CN,48,2014-03-31,101,219995,93840,93114,172231,2014-03-25,7,6,41,15,1.3865249,257193,22,12.457585942924196,11.962618494255167,11.449357139707065,11.441590567365607,12.056597684141165,12.271620155461939,2.0592388343623163,3.7376696182833684,2.772588722239781,3.1354942159291497,138.65249,Unknown,Available,Available
58899,2010-11-10,2011-02-23,Female,6,PARIS,Unknown,FR,50,2014-03-31,40,249882,66239,63260,284160,2014-02-16,45,17,77,12,0.837844243,281705,13,12.548619252892165,11.962618494255167,11.101039789059142,11.055024304512125,12.1506089531609,12.271620155461939,2.9226100087388214,4.356708826689592,2.5649493574615367,2.639057329615259,83.7844243,Available,Available,Available
26955,2006-04-06,2007-02-22,Male,6,wulumuqishi,xinjiang,CN,54,2014-03-31,64,215013,99735,93006,169358,2014-03-30,2,11,48,16,1.401596264,249914,23,12.42887613903128,11.962618494255167,11.50973744102895,11.440430038120041,12.03977600120936,12.271620155461939,2.501956243413201,3.8918202981106265,2.833213344056216,3.1780538303479458,140.15962639999998,Available,Available,Available
41616,,2011-10-22,Male,6,dongguan,guangdong,CN,41,2014-03-31,38,191038,60930,52316,332896,,24,18,74,0,0.70828541,215694,3,12.281620651765511,11.962618494255167,11.017497355384243,10.86507664503757,12.1506089531609,12.271620155461939,2.979383135772242,4.31748811353631,0.0,1.3862943611198906,70.828541,Unknown,Available,Unknown
21501,,2008-11-21,Male,6,.,beijing,CN,49,2014-03-31,106,220641,69566,122763,167113,2014-03-28,4,6,31,4,1.369404116,251134,9,12.433745922130779,11.962618494255167,11.150045595952545,11.543276653286297,12.026431493240322,12.271620155461939,2.0066147996693586,3.4657359027997265,1.6094379124341003,2.302585092994046,136.94041159999998,Unknown,Available,Available
41281,2011-06-07,,Male,6,VECHEL,NORD BRABANT,AN,45,2014-03-31,23,255573,46800,198224,214590,2014-03-26,6,32,135,7,1.061630924,286520,9,12.565567110880052,11.962618494255167,10.753659849198824,11.543276653286297,12.1506089531609,12.271620155461939,3.523683146872255,4.912654885736052,2.0794415416798357,2.302585092994046,106.1630924,Available,Unknown,Available
47229,2005-04-10,,Male,6,guangzhou,guangdong,CN,69,2014-03-31,94,193169,59169,74497,305250,,23,7,42,5,0.741803833,277394,46,12.533197762187086,11.962618494255167,10.98816993567074,11.218527558369717,12.1506089531609,12.271620155461939,2.1368985967553846,3.7612001156935624,1.791759469228055,3.8501476017100584,74.1803833,Available,Unknown,Unknown
28474,,2010-04-13,Male,6,Unknown,CA,US,41,2014-03-31,20,256337,64258,59600,222380,2014-01-18,74,32,110,8,1.004904443,280760,9,12.545259052598949,11.962618494255167,11.070677070768497,10.995427631436174,12.1506089531609,12.271620155461939,3.52014932439891,4.709530201312334,2.1972245773362196,2.302585092994046,100.49044430000001,Unknown,Available,Available
58472,,,Female,5,Unknown,Unknown,FR,48,2014-03-31,44,204801,38510,75816,281837,2014-03-15,17,15,66,10,0.787308444,235939,12,12.371332814395833,11.962618494255167,10.558699193753036,11.236077820891051,12.1506089531609,12.271620155461939,2.8263498991174596,4.204692619390966,2.3978952727983707,2.5649493574615367,78.7308444,Unknown,Unknown,Available
13942,,,Male,6,PARIS,FRANCE,FR,39,2014-03-31,62,241719,72806,83496,243674,2014-03-15,17,11,121,7,0.902990019,274882,10,12.52410083157179,11.962618494255167,11.195567383408447,11.332565982049804,12.1506089531609,12.271620155461939,2.5051913210130534,4.804021044733257,2.0794415416798357,2.3978952727983707,90.2990019,Unknown,Unknown,Available
45075,2007-02-01,2007-03-23,Male,6,zhanjiang,guangdong,CN,46,2014-03-31,213,217809,136769,96568,187917,2014-03-29,3,3,37,0,1.146354614,795398,49,13.586599154525869,11.962618494255167,11.50973744102895,11.47801305772458,12.143760976449425,12.271620155461939,1.5421652381059419,3.6375861597263857,0.0,3.912023005428146,114.63546140000001,Available,Available,Available
47114,,2005-03-17,Male,6,.,beijing,CN,47,2014-03-31,74,209810,101398,83139,148685,2014-03-21,11,9,51,8,1.433364428,235176,14,12.368093701109295,11.962618494255167,11.50973744102895,11.328281212806628,11.909591978722043,12.271620155461939,2.3507227285987273,3.9512437185814275,2.1972245773362196,2.70805020110221,143.3364428,Unknown,Available,Available
54619,2006-01-07,,Male,6,guangzhou,guangdong,CN,62,2014-03-31,101,209362,94055,107896,159129,2014-03-14,18,7,29,3,1.33816985,237787,11,12.379134799391949,11.962618494255167,11.451645628547578,11.543276653286297,11.97747675720423,12.271620155461939,2.089391872533004,3.4011973816621555,1.3862943611198906,2.4849066497880004,133.81698500000002,Available,Unknown,Available
12349,,2008-06-27,Male,6,shenzhen,guangdong,CN,46,2014-03-31,87,199866,83780,102594,149254,2014-03-21,11,8,36,9,1.424714581,224081,15,12.31976733527795,11.962618494255167,11.335961530452709,11.538544477587848,11.91341153153123,12.271620155461939,2.226507382486519,3.6109179126442243,2.302585092994046,2.772588722239781,142.4714581,Unknown,Available,Available
35883,2006-04-11,2007-04-18,Male,6,wulumuqishi,xinjiang,CN,55,2014-03-31,53,195075,96945,69814,144076,2014-03-30,2,13,61,3,1.469224298,211879,7,12.263775355658463,11.962618494255167,11.481909401439038,11.153604165376295,11.878103157867375,12.263775355658463,2.6714926052620296,4.127134385045092,1.3862943611198906,2.0794415416798357,146.9224298,Available,Available,Available
56091,,,Female,6,guangzhoushi,guangdongsheng,CN,46,2014-03-31,95,197222,134702,60366,149053,2014-03-24,8,7,80,8,1.414895104,212131,14,12.264964001402785,11.962618494255167,11.50973744102895,11.008197876999304,11.912063935378125,12.264964001402785,2.1487889602242176,4.394449154672439,2.1972245773362196,2.70805020110221,141.4895104,Unknown,Unknown,Available
2137,2005-04-11,,Male,6,guangzhou,guangdong,CN,69,2014-03-31,131,199716,86875,89532,220948,2014-03-16,16,5,50,14,0.944884271,234826,20,12.366604351807178,11.962618494255167,11.372237093592211,11.402362551388043,12.1506089531609,12.271620155461939,1.8706180440929814,3.9318256327243257,2.70805020110221,3.044522437723423,94.48842710000001,Available,Unknown,Available
27708,,2006-03-25,Male,6,shenzhen,guangdong,CN,45,2014-03-31,95,194326,96692,75484,148227,2014-03-29,3,7,37,8,1.398640194,220012,19,12.30144191449779,11.962618494255167,11.479296289989751,11.231689240001836,11.906506907871512,12.271620155461939,2.1647893015317834,3.6375861597263857,2.1972245773362196,2.995732273553991,139.8640194,Unknown,Available,Available
28014,2006-12-01,,Female,6,Paris,Unknown,FR,48,2014-03-31,47,218842,63100,69298,285144,2014-03-29,3,15,105,5,0.725685618,251712,7,12.436044828577895,11.962618494255167,11.052491896264268,11.14618575505945,12.1506089531609,12.271620155461939,2.821637652331186,4.663439094112067,1.791759469228055,2.0794415416798357,72.5685618,Available,Unknown,Available
3539,,2009-10-13,Male,4,UPLAND,CALIFORNIA,US,53,2014-03-31,25,228851,115502,48696,220389,2013-12-15,108,23,72,9,0.937899941,258717,10,12.46349394441618,11.962618494255167,11.50973744102895,10.793372705530512,12.1506089531609,12.271620155461939,3.1952659593655857,4.290459441148391,2.302585092994046,2.3978952727983707,93.7899941,Unknown,Available,Available
56149,,,Male,4,fanyu,guangdong,CN,39,2014-03-31,24,228227,138960,32385,189813,2014-02-27,34,27,192,6,1.087220053,239108,10,12.384674793892334,11.962618494255167,11.50973744102895,10.385481509633417,12.1506089531609,12.271620155461939,3.3612807743773767,5.262690188904886,1.9459101490553132,2.3978952727983707,108.7220053,Unknown,Unknown,Available
44936,,,Male,6,wulumuqishi,xinjiang,CN,37,2014-03-31,54,183336,101235,70902,141012,2013-11-28,125,11,54,5,1.462104927,206363,11,12.2373968787722,11.962618494255167,11.50973744102895,11.16906802474211,11.856607363691838,12.2373968787722,2.5158688753462357,4.007333185232471,1.791759469228055,2.4849066497880004,146.2104927,Unknown,Unknown,Available
62751,2007-05-08,,Male,6,beijing,beijing,CN,45,2014-03-31,166,206908,71418,112597,229303,2014-03-31,1,4,31,10,0.890172305,260880,25,12.471819643635861,11.962618494255167,11.176319219370214,11.543276653286297,12.1506089531609,12.271620155461939,1.6830262691253732,3.4657359027997265,2.3978952727983707,3.258096538021482,89.0172305,Available,Unknown,Available
40066,,,Male,6,guangzhou,guangdong,CN,63,2014-03-31,81,185232,107153,75102,140819,2014-02-27,34,8,46,1,1.429179443,213436,5,12.271096986138353,11.962618494255167,11.50973744102895,11.22661578369206,11.855237758073125,12.271096986138353,2.257849199152654,3.8501476017100584,0.6931471805599453,1.791759469228055,142.9179443,Unknown,Unknown,Available
18793,,,Male,6,.,beijing,CN,48,2014-03-31,98,191809,88788,85119,137876,2014-03-30,2,7,46,11,1.458541443,210435,17,12.256936847870898,11.962618494255167,11.394018047433386,11.351817304575471,11.834117262343613,12.256936847870898,2.1406724078106922,3.8501476017100584,2.4849066497880004,2.8903717578961645,145.8541443,Unknown,Unknown,Available
13963,,,Male,6,guangzhou,guangdong,CN,63,2014-03-31,35,230527,146039,119384,201141,2014-03-29,3,21,84,13,0.998554546,254051,16,12.445294249456941,11.962618494255167,11.50973744102895,11.543276653286297,12.1506089531609,12.271620155461939,3.108272833192962,4.442651256490317,2.639057329615259,2.833213344056216,99.8554546,Unknown,Unknown,Available
46084,2007-01-04,2007-03-31,Male,6,guangzhou,guangdong,CN,54,2014-03-31,95,190478,91729,89721,140803,2014-03-29,3,7,47,1,1.396985007,220352,21,12.302986084881335,11.962618494255167,11.426604758503702,11.404471279959477,11.855124131393458,12.271620155461939,2.1647893015317834,3.8712010109078907,0.6931471805599453,3.091042453358316,139.6985007,Available,Available,Available
58798,2010-05-04,2010-05-14,Male,5,guangzhou,guangdong,CN,51,2014-03-31,46,177032,53523,50287,256766,2014-03-19,13,15,54,0,0.764737193,191878,2,12.164620244011843,11.962618494255167,10.887885430424879,10.825521759037349,12.1506089531609,12.164620244011843,2.8266559435758465,4.007333185232471,0.0,1.0986122886681096,76.4737193,Available,Available,Available
56089,2004-12-04,2005-02-27,Male,6,guangzhoushi,guangdongsheng,CN,49,2014-03-31,54,208801,99145,84348,160825,2014-02-23,38,13,52,0,1.20853437,230772,4,12.349189822370793,11.962618494255167,11.50434879021937,11.342718232539287,11.988078314198622,12.271620155461939,2.643092304572404,3.970291913552122,0.0,1.6094379124341003,120.853437,Available,Available,Available
58693,2010-12-11,,Male,6,PARIS,Unknown,FR,39,2014-03-31,21,219390,54900,63000,185493,,22,34,154,4,1.029507529,237893,5,12.379580475292045,11.962618494255167,10.91328684226798,11.050905878263567,12.130777815493039,12.271620155461939,3.580737295494233,5.043425116919247,1.6094379124341003,1.791759469228055,102.9507529,Available,Unknown,Unknown
28780,,2012-07-13,Male,6,guangzhou,guangdong,CN,47,2014-03-31,110,190726,75354,103498,187588,2014-03-31,1,5,39,5,1.015978367,227957,11,12.33691668044142,11.962618494255167,11.229965558853777,11.543276653286297,12.142008678440684,12.271620155461939,1.90988223650245,3.6888794541139363,1.791759469228055,2.4849066497880004,101.5978367,Unknown,Available,Available
27836,,2006-08-18,Male,6,.,beijing,CN,59,2014-03-31,134,181303,106902,72650,140356,2014-03-25,7,5,37,9,1.356053179,200953,15,12.210831305128353,11.962618494255167,11.50973744102895,11.193422433528612,11.851944455858018,12.210831305128353,1.860752340781673,3.6375861597263857,2.302585092994046,2.772588722239781,135.60531790000002,Unknown,Available,Available
38073,,,Male,6,changsha,hunan,CN,76,2014-03-31,107,181982,81623,80541,135811,2014-03-30,2,6,30,2,1.398992423,205938,9,12.235335287415715,11.962618494255167,11.30987861535514,11.296534066478552,11.81902685544576,12.235335287415715,2.0591907008059565,3.4339872044851463,1.0986122886681096,2.302585092994046,139.8992423,Unknown,Unknown,Available
22629,,2010-07-15,Male,5,SUMIDA-KU,TOKYO-TO,JP,49,2014-03-31,70,195866,181233,27525,219282,,304,6,32,8,0.863479447,199386,9,12.20300293879779,11.962618494255167,11.50973744102895,10.222886291539478,12.1506089531609,12.20300293879779,1.9500423863051721,3.4965075614664802,2.1972245773362196,2.302585092994046,86.3479447,Unknown,Available,Unknown
12326,,,Male,6,.,beijing,CN,40,2014-03-31,189,181836,74201,104344,235687,2014-03-31,1,3,20,5,0.802633323,262134,56,12.47661491721426,11.962618494255167,11.214546382970113,11.543276653286297,12.1506089531609,12.271620155461939,1.583574401940251,3.044522437723423,1.791759469228055,4.04305126783455,80.2633323,Unknown,Unknown,Available
24222,2012-01-08,2012-02-23,Male,6,guangzhou,guangdong,CN,51,2014-03-31,87,186523,80624,91862,132283,2014-03-28,4,8,44,3,1.425177007,206809,7,12.239555776346721,11.962618494255167,11.297564054098073,11.428053615739717,11.792706405525752,12.239555776346721,2.242686951395693,3.8066624897703196,1.3862943611198906,2.0794415416798357,142.5177007,Available,Available,Available
916,,,Male,6,fanyu,guangdong,CN,46,2014-03-31,29,192450,59672,56764,211369,2014-03-21,11,25,131,7,0.888869986,226692,10,12.331351958206804,11.962618494255167,10.996634935773171,10.946675217598633,12.1506089531609,12.271620155461939,3.283860675011161,4.882801922586371,2.0794415416798357,2.3978952727983707,88.8869986,Unknown,Unknown,Available
45008,2007-12-10,,Male,5,wulumuqi,xinjiang,CN,54,2014-03-31,48,166322,45881,92675,130135,2014-03-31,1,15,61,3,1.408197795,195368,10,12.182645357079465,11.962618494255167,10.73382816227228,11.436864818357265,11.776335336446289,12.182645357079465,2.7818541756723962,4.127134385045092,1.3862943611198906,2.3978952727983707,140.8197795,Available,Unknown,Available
11523,2007-07-06,2007-07-17,Male,6,shenzhen,guangdong,CN,49,2014-03-31,68,175383,62056,93021,135374,2014-03-31,1,10,39,2,1.349375212,201197,11,12.212044776800463,11.962618494255167,11.035808596518118,11.440591303299476,11.815803984303292,12.212044776800463,2.439097114004102,3.6888794541139363,1.0986122886681096,2.4849066497880004,134.9375212,Available,Available,Available
56088,2004-12-03,2005-01-13,Male,6,guangzhou,guangdong,CN,41,2014-03-31,111,184392,67261,62413,216560,2014-03-28,4,6,39,19,0.828452854,272042,100,12.5137154210188,11.962618494255167,11.116350720207512,11.041544888167167,12.1506089531609,12.271620155461939,2.0269513590704156,3.6888794541139363,2.995732273553991,4.61512051684126,82.8452854,Available,Available,Available
56573,,2007-12-14,Female,6,guangzhou,guangdong,CN,38,2014-03-31,69,163542,65014,91429,131660,,22,9,77,6,1.354943567,199477,39,12.203459233542022,11.962618494255167,11.08237329148542,11.423328931158473,11.787985716314305,12.203459233542022,2.368042309626651,4.356708826689592,1.9459101490553132,3.6888794541139363,135.4943567,Unknown,Available,Unknown
38883,2008-02-02,,Male,6,guangzhou,guangdong,CN,48,2014-03-31,126,172529,83906,87043,204371,2014-03-28,4,5,33,2,0.867522349,234654,13,12.365871629327103,11.962618494255167,11.337464321632913,11.374169016916182,12.1506089531609,12.271620155461939,1.9027043631797818,3.5263605246161616,1.0986122886681096,2.639057329615259,86.7522349,Available,Unknown,Available
38035,,,Male,6,shenzhen,guangdongsheng,CN,42,2014-03-31,55,163139,53027,86719,153868,2014-03-17,15,13,59,0,1.146000598,177562,5,12.08708075450247,11.962618494255167,10.878575354918741,11.370439816673473,11.94385687003765,12.08708075450247,2.6508917874975557,4.0943445622221,0.0,1.791759469228055,114.60005980000001,Unknown,Unknown,Available
11034,,,Male,5,beijing,.,CN,59,2014-03-31,76,155120,53644,85537,214921,,21,9,34,5,0.819187329,190530,13,12.15757018996865,11.951960736517725,10.890143547070847,11.356716000633117,12.1506089531609,12.15757018996865,2.3158303197111714,3.5553480614894135,1.791759469228055,2.639057329615259,81.91873290000001,Unknown,Unknown,Unknown
47143,,2005-02-17,Male,6,.,beijing,CN,48,2014-03-31,68,165817,78610,74530,127335,2014-03-17,15,10,60,3,1.380410335,186501,9,12.136197241869096,11.962618494255167,11.27226691773475,11.218970425201533,11.75458454110969,12.136197241869096,2.444291930659717,4.110873864173311,1.3862943611198906,2.302585092994046,138.0410335,Unknown,Available,Available
29033,,2004-11-19,Male,6,HK,HK,HK,60,2014-03-31,77,169956,60120,91155,136121,2014-03-31,1,9,55,4,1.288018381,195217,7,12.181872161824515,11.962618494255167,11.004114477128445,11.420327603502662,11.821306821424916,12.181872161824515,2.356375267585171,4.02535169073515,1.6094379124341003,2.0794415416798357,128.8018381,Unknown,Available,Available
16812,2010-06-09,2010-06-27,Male,6,PUCHONG,Selangor Darul Ehsan,MY,52,2014-03-31,84,182039,69796,118928,186821,2014-03-26,6,8,69,1,0.938031056,204668,2,12.229149319047648,11.962618494255167,11.153346307884107,11.543276653286297,12.137911570861453,12.229149319047648,2.2757214507207846,4.248495242049359,0.6931471805599453,1.0986122886681096,93.80310560000001,Available,Available,Available
5241,,2011-05-14,Male,6,hangzhoushi,zhejiang,CN,31,2014-03-31,96,165370,78243,65025,204612,2014-03-18,14,7,55,12,0.848239546,259585,81,12.466843333236119,11.962618494255167,11.26758742814625,11.082542468899101,12.1506089531609,12.271620155461939,2.115621198244648,4.02535169073515,2.5649493574615367,4.406719247264253,84.8239546,Unknown,Available,Available
49208,,2010-10-16,Male,6,beijing,beijing,CN,44,2014-03-31,30,188887,41590,81104,164001,2014-03-24,8,23,128,2,1.057257212,219035,16,12.296991378850784,11.962618494255167,10.635639076689303,11.303499890484215,12.007633901853927,12.271620155461939,3.1923194076625756,4.859812404361672,1.0986122886681096,2.833213344056216,105.7257212,Unknown,Available,Available
38241,,2005-08-14,Male,6,guangzhou,guangdong,CN,53,2014-03-31,85,179574,101471,66947,121097,2014-03-13,19,8,34,8,1.426106262,195796,15,12.184833687204273,11.962618494255167,11.50973744102895,11.111671477633529,11.704355414128175,12.184833687204273,2.23359222147138,3.5553480614894135,2.1972245773362196,2.772588722239781,142.6106262,Unknown,Available,Available
38456,,2007-11-16,Male,5,TORRANCE,CALIFORNIA,US,39,2014-03-31,32,188209,77606,63733,182563,,88,18,127,8,0.944650121,206462,11,12.237876498573703,11.962618494255167,11.259412908288544,11.062473451127666,12.114856075460601,12.237876498573703,2.974541586508454,4.852030263919617,2.1972245773362196,2.4849066497880004,94.4650121,Unknown,Available,Unknown
44377,2010-07-10,2010-07-13,Male,5,chengdu,sichuan,CN,53,2014-03-31,34,183443,69213,49135,170121,2014-03-13,19,21,90,10,1.013669976,201302,13,12.21256651464649,11.962618494255167,11.144958433282149,10.802347242680604,12.044271105705706,12.21256651464649,3.116876657100999,4.51085950651685,2.3978952727983707,2.639057329615259,101.3669976,Available,Available,Available
49737,,2010-10-31,Male,6,shishi,fujian,CN,30,2014-03-31,197,99590,113295,41200,275800,2014-03-31,1,3,28,0,0.620507614,134178,3,11.806930008413596,11.508827078044066,11.50973744102895,10.626217806887722,12.1506089531609,11.806930008413596,1.5505974123505608,3.367295829986474,0.0,1.3862943611198906,62.0507614,Unknown,Available,Available
47919,,2010-05-20,Female,6,Unknown,VIC,AU,43,2014-03-31,30,198230,80383,91978,184194,2014-03-25,7,24,92,3,0.928504294,212047,3,12.26456794312046,11.962618494255167,11.294570430387816,11.429315569106135,12.123750258026675,12.26456794312046,3.2366479945326976,4.532599493153256,1.3862943611198906,1.3862943611198906,92.8504294,Unknown,Available,Available
23528,,2012-08-15,Male,6,LOS ANGELES,CA,US,33,2014-03-31,18,161279,19100,46215,209911,2014-01-30,62,31,141,2,0.811871079,182497,2,12.114494493040525,11.962618494255167,9.857495968685136,10.741081337461102,12.1506089531609,12.114494493040525,3.4767049342793914,4.955827057601261,1.0986122886681096,1.0986122886681096,81.1871079,Unknown,Available,Available
58088,,2009-10-22,Male,6,shenzhen,guangdong,CN,55,2014-03-31,64,179686,50385,115130,137636,2014-03-13,19,11,47,9,1.236256939,202596,14,12.21897406318462,11.962618494255167,10.82746863769429,11.543276653286297,11.832375063684342,12.21897406318462,2.495433063023679,3.8712010109078907,2.302585092994046,2.70805020110221,123.6256939,Unknown,Available,Available
51079,,2011-12-21,Male,6,shanghai,shanghai,CN,37,2014-03-31,149,141827,21251,45091,219108,2014-03-28,4,4,28,4,0.774487057,170799,8,12.048248560336607,11.862370334800241,9.964206287570834,10.716460126164423,12.1506089531609,12.048248560336607,1.7724297030654257,3.367295829986474,1.6094379124341003,2.1972245773362196,77.4487057,Unknown,Available,Available
19420,,2011-08-23,Male,6,changshashi,hunan,CN,47,2014-03-31,61,155772,36108,90487,143186,2014-03-19,13,11,56,3,1.183962818,170871,5,12.04867001717864,11.956155098299348,10.494297420728252,11.412972524211217,11.87190674726483,12.04867001717864,2.559807957703386,4.04305126783455,1.3862943611198906,1.791759469228055,118.3962818,Unknown,Available,Available
58753,,2012-06-24,Male,5,PARIS,PARIS,FR,28,2014-03-31,36,160297,34341,54825,209839,2014-02-25,36,17,94,2,0.806177069,181775,4,12.110530438809686,11.962618494255167,10.444124373873748,10.911919812973826,12.1506089531609,12.110530438809686,2.915451442447987,4.553876891600541,1.0986122886681096,1.6094379124341003,80.6177069,Unknown,Available,Available
13517,,2010-12-29,Female,6,PARIS,PARIS,FR,45,2014-03-31,22,187933,24615,105814,170406,,22,32,133,0,0.992454374,208960,1,12.249902910663653,11.962618494255167,10.111151917001878,11.543276653286297,12.045944972345806,12.249902910663653,3.51650822827216,4.897839799950911,0.0,0.6931471805599453,99.2454374,Unknown,Available,Unknown
56048,,2013-03-17,Male,6,Haarlem,Noord-Holland,NL,46,2014-03-31,23,193780,18062,89648,169224,,29,16,71,1,0.995539285,220828,3,12.305143925340369,11.962618494255167,9.801620926132557,11.403657324481385,12.038984469376809,12.271620155461939,2.833213344056216,4.276666119016055,0.6931471805599453,1.3862943611198906,99.5539285,Unknown,Available,Unknown
50434,2011-06-09,2011-06-22,Male,4,LOS ANGELES,Unknown,US,44,2014-03-31,16,196213,37800,54093,163191,2014-03-14,18,45,193,3,1.019520072,206055,4,12.235903255488848,11.962618494255167,10.540090836284206,10.898478552953948,12.0026827007028,12.235903255488848,3.828641396489095,5.267858159063328,1.3862943611198906,1.6094379124341003,101.9520072,Available,Available,Available
13869,,2010-10-27,Male,6,zhanjiang,guangdong,CN,42,2014-03-31,102,166991,79538,108837,140220,2014-03-24,8,7,42,1,1.179368992,258781,36,12.463741287412612,11.962618494255167,11.284002746391979,11.543276653286297,11.850975028385793,12.271620155461939,2.0806784002048713,3.7612001156935624,0.6931471805599453,3.6109179126442243,117.93689919999998,Unknown,Available,Available
47432,,2006-02-21,Male,5,guangzhou,guangdong,CN,47,2014-03-31,81,167849,90030,51276,159255,2014-03-26,6,9,45,20,1.034587737,224076,64,12.319745021768682,11.962618494255167,11.407909334449478,10.84499758754313,11.97826824933377,12.271620155461939,2.30632807927288,3.828641396489095,3.044522437723423,4.174387269895637,103.45877370000001,Unknown,Available,Available
60658,,2012-06-29,Female,6,MANTES LA VILLE,FR,FR,37,2014-03-31,30,148518,23000,61855,208687,2014-03-26,6,21,130,4,0.782406571,177837,5,12.088628302510964,11.90846817516843,10.043292972227004,11.032564382008058,12.1506089531609,12.088628302510964,3.1324912105490794,4.875197323201151,1.6094379124341003,1.791759469228055,78.24065709999999,Unknown,Available,Available
9744,,,Male,5,.,beijing,CN,53,2014-03-31,127,168079,64222,95061,170611,2014-03-20,12,5,54,7,0.956332827,210483,25,12.257164919714517,11.962618494255167,11.070116680971605,11.462284589290249,12.04714725154253,12.257164919714517,1.870580429641489,4.007333185232471,2.0794415416798357,3.258096538021482,95.6332827,Unknown,Unknown,Available
18111,,2008-09-19,Male,6,wulumuqi,xinjiang,CN,44,2014-03-31,56,149456,44503,78197,116728,2014-03-30,2,11,68,5,1.394863786,164783,8,12.012390804365584,11.914764005022693,10.70333435175513,11.266999350758775,11.667610287831979,12.012390804365584,2.5235444422747553,4.23410650459726,1.791759469228055,2.1972245773362196,139.4863786,Unknown,Available,Available
42444,,2012-05-18,Male,6,dongguan,guangdong,CN,67,2014-03-31,79,116059,77755,107694,208797,2014-03-31,1,8,32,2,0.777341772,154520,24,11.94808528841343,11.6618625777446,11.261330997482004,11.543276653286297,12.1506089531609,11.94808528841343,2.2779245311300444,3.4965075614664802,1.0986122886681096,3.2188758248682006,77.7341772,Unknown,Available,Available
11055,,,Male,6,yangjiang,guangdong,CN,47,2014-03-31,97,152555,55464,88679,155881,2014-03-23,9,7,46,3,1.036667137,210280,51,12.256200010486086,11.935287020738123,10.92350747017276,11.392789663730248,11.956854589752682,12.256200010486086,2.1425141450957907,3.8501476017100584,1.3862943611198906,3.9512437185814275,103.6667137,Unknown,Unknown,Available
47107,,2004-11-18,Female,6,shenzhen,guangdong,CN,57,2014-03-31,158,142626,73605,72492,205159,2014-03-30,2,4,25,3,0.784701427,167943,6,12.031385869484158,11.867988109853087,11.206481823133382,11.19124528445721,12.1506089531609,12.031385869484158,1.727079395316807,3.258096538021482,1.3862943611198906,1.9459101490553132,78.4701427,Unknown,Available,Available
62880,2006-05-08,2009-01-16,Male,6,fuzhou,fujian,CN,55,2014-03-31,64,144803,33780,66940,115300,2014-03-25,7,11,54,0,1.391299306,177907,9,12.089021841726602,11.8831363828616,10.427653793239193,11.111566913404856,11.655301379246426,12.089021841726602,2.5123056237058448,4.007333185232471,0.0,2.302585092994046,139.1299306,Available,Available,Available
49441,2010-07-03,,Male,6,shenzhenshi,guangdong,CN,47,2014-03-31,51,162790,65145,51533,137500,2014-03-19,13,14,79,1,1.165835855,175423,8,12.074961179662457,11.962618494255167,11.084386183891462,10.84999706299428,11.83138646878959,12.074961179662457,2.717340248009303,4.382026634673881,0.6931471805599453,2.1972245773362196,116.58358550000001,Available,Unknown,Available
20569,,,Female,6,zhongqing,zhongqing,CN,35,2014-03-31,29,181871,52395,48737,157056,,144,19,81,6,1.017859044,196377,13,12.18779665233493,11.962618494255167,10.86658553151754,10.794214292279008,11.964364075765923,12.18779665233493,3.042820309448463,4.406719247264253,1.9459101490553132,2.639057329615259,101.78590439999999,Unknown,Unknown,Unknown
47687,2007-10-05,2007-10-25,Male,6,guangzhou,guangdong,CN,70,2014-03-31,69,153766,71749,70946,114077,2014-03-31,1,10,109,10,1.387490292,171652,15,12.053230276158102,11.943193748662143,11.180943133621868,11.169688398396127,11.644637703937642,12.053230276158102,2.4423470353692043,4.700480365792417,2.3978952727983707,2.772588722239781,138.7490292,Available,Available,Available
37305,,2008-06-13,Male,6,guangzhou,guangdong,CN,40,2014-03-31,88,150790,37667,109401,122619,2014-03-17,15,8,90,6,1.281481989,203485,15,12.223352485429432,11.923650051077356,10.536566206629955,11.543276653286297,11.716845421316679,12.223352485429432,2.2073898491143344,4.51085950651685,1.9459101490553132,2.772588722239781,128.1481989,Unknown,Available,Available
58189,,2011-01-31,Male,6,nanning,guangxi,CN,54,2014-03-31,42,178832,23150,65152,162453,2014-03-17,15,15,136,4,0.966069448,198945,8,12.200788710098797,11.962618494255167,10.049793255125714,11.084493629075336,11.998150163755017,12.200788710098797,2.8129227931446668,4.919980925828125,1.6094379124341003,2.1972245773362196,96.60694480000001,Unknown,Available,Available
25857,,2007-01-26,Male,6,.,beijing,CN,43,2014-03-31,129,150057,85135,71385,109813,2014-03-22,10,5,17,8,1.429138536,209250,40,12.251289767312823,11.918777165008768,11.35200525683615,11.175857050670414,11.606543304483287,12.251289767312823,1.8849366940822383,2.977301475242586,2.1972245773362196,3.713572066704308,142.91385359999998,Unknown,Available,Available
951,,2006-11-28,Male,6,.,beijing,CN,46,2014-03-31,67,148491,71181,71769,123464,2014-03-18,14,10,51,0,1.265322199,167126,5,12.02650928142314,11.908286363719869,11.172995256449724,11.181221840424117,11.723712994074853,12.02650928142314,2.443663691675004,3.9512437185814275,0.0,1.791759469228055,126.53221990000002,Unknown,Available,Available
4178,,2013-02-21,Male,5,SIPASDENA,CA91030,US,41,2014-03-31,12,181452,12500,110100,146784,,53,32,53,0,1.059166667,208118,2,12.245865310472459,11.962618494255167,9.433563920090563,11.543276653286297,11.896724210105324,12.245865310472459,3.4965075614664802,3.9889840465642745,0.0,1.0986122886681096,105.9166667,Unknown,Available,Unknown
2010,,2005-02-13,Male,6,guangzhoushi,guangdong,CN,40,2014-03-31,100,156294,64331,72891,162250,2014-03-28,4,7,27,2,0.952273652,234787,68,12.36643825830467,11.959500526134608,11.071812453615538,11.196734172605947,11.99689979787554,12.271620155461939,2.119050679746969,3.332204510175204,1.0986122886681096,4.23410650459726,95.22736520000001,Unknown,Available,Available
38290,,2006-05-17,Male,6,guangzhou,guangdong,CN,66,2014-03-31,69,148405,78724,56434,118726,2014-03-21,11,10,46,14,1.297050351,189498,47,12.15213902644584,11.907707040164942,11.273716045969225,10.940844812389727,11.684582018927152,12.15213902644584,2.448720543088819,3.8501476017100584,2.70805020110221,3.8712010109078907,129.7050351,Unknown,Available,Available
57622,,2011-04-14,Male,6,Zwijndrecht,ZUID HOLLAND,NL,55,2014-03-31,17,157540,188926,174895,125349,2014-02-27,34,36,73,2,1.226505277,166984,3,12.025659267005521,11.962618494255167,11.50973744102895,11.543276653286297,11.73886510358644,12.025659267005521,3.6210020317108507,4.304065093204169,1.0986122886681096,1.3862943611198906,122.6505277,Unknown,Available,Available
2001,2004-11-11,2004-11-27,Female,6,guangzhoushi,guangdongsheng,CN,39,2014-03-31,12,181452,75100,53500,146784,2014-03-23,9,65,136,2,1.046666667,195408,6,12.182850076895523,11.962618494255167,11.226589153242802,10.887455624298198,11.896724210105324,12.182850076895523,3.861673167219153,4.919980925828125,1.0986122886681096,1.9459101490553132,104.6666667,Available,Available,Available
60311,,2012-05-18,Male,6,xianggang,xianggang,HK,49,2014-03-31,54,135157,101923,71157,144562,2014-03-28,4,12,72,0,1.053910364,138647,0,11.839693626129211,11.814199743441444,11.50973744102895,11.172658035707453,11.881470677679443,11.839693626129211,2.6268537883891,4.290459441148391,0.0,0.0,105.3910364,Unknown,Available,Available
36030,,2008-07-28,Male,6,zhuhai,guangdong,CN,51,2014-03-31,79,144647,74245,66353,123985,,21,9,48,7,1.228445376,214323,48,12.275244167724804,11.88205848383099,11.215139183159923,11.102759324303415,11.727923934987318,12.271620155461939,2.3102479657472483,3.8918202981106265,2.0794415416798357,3.8918202981106265,122.84453760000001,Unknown,Available,Unknown
35766,2008-09-08,,Male,6,changchun,jilin,CN,56,2014-03-31,87,138406,69765,69062,105119,2014-03-27,5,8,36,9,1.445489778,155309,13,11.953178398564056,11.837953898921363,11.152902064058596,11.142774410487005,11.562857833718438,11.953178398564056,2.238976371991658,3.6109179126442243,2.302585092994046,2.639057329615259,144.5489778,Available,Unknown,Available
33319,,2012-04-28,Male,5,wulumuqi,xinjiang,CN,41,2014-03-31,53,128965,76881,51012,144682,2014-03-15,17,13,81,12,1.046215562,143172,18,11.871808968245336,11.767304082712743,11.25002705787396,10.839835781185261,11.88230042126715,11.871808968245336,2.65405420225852,4.406719247264253,2.5649493574615367,2.9444389791664403,104.6215562,Unknown,Available,Available
55096,2007-01-03,,Male,6,zhongshan,guangdong,CN,47,2014-03-31,92,139459,73350,66291,134823,2014-03-15,17,7,36,13,1.118316089,213043,41,12.269253996128299,11.845533100775002,11.203011416743363,11.101824505243435,11.811725503155856,12.269253996128299,2.1774952074099865,3.6109179126442243,2.639057329615259,3.7376696182833684,111.83160889999999,Available,Unknown,Available
30681,,,Male,6,Unknown,Unknown,JP,55,2014-03-31,48,168825,96104,95788,150537,2014-03-21,11,14,70,5,1.001144569,220976,16,12.305813902685792,11.962618494255167,11.47319662274123,11.469903134819365,11.921970822994757,12.271620155461939,2.7672553764515846,4.2626798770413155,1.791759469228055,2.833213344056216,100.11445690000001,Unknown,Unknown,Available
17837,,2005-10-22,Male,6,changchun,jilin,CN,48,2014-03-31,90,137685,68430,68978,108184,2014-03-29,3,8,51,6,1.390945611,154547,11,11.948260006680671,11.832731009250223,11.13358121731339,11.14155738943011,11.59159800362153,11.948260006680671,2.209631684431362,3.9512437185814275,1.9459101490553132,2.4849066497880004,139.0945611,Unknown,Available,Available
3872,,2009-06-26,Male,6,xianggang,xianggang,HK,61,2014-03-31,56,138314,59951,66704,104663,2014-03-23,9,12,82,0,1.435274261,150939,3,11.92463768583886,11.837288971641351,11.001299521033468,11.108035191612906,11.558510498190712,11.92463768583886,2.6325426486594243,4.418840607796598,0.0,1.3862943611198906,143.5274261,Unknown,Available,Available
56201,2005-04-05,2005-05-20,Male,6,guangzhoushi,guangdong,CN,36,2014-03-31,146,140996,71300,68443,191328,2014-03-28,4,4,33,8,0.783239829,181374,17,12.10832199018649,11.85649389253821,11.174665631549477,11.133771171651862,12.1506089531609,12.10832199018649,1.7883052343888024,3.5263605246161616,2.1972245773362196,2.8903717578961645,78.3239829,Available,Available,Available
4468,,2011-09-16,Female,6,ANDE,ANDE,FR,33,2014-03-31,35,151293,53356,39002,167150,2014-03-17,15,21,192,0,0.894261083,151293,0,11.926980242678152,11.926980242678152,10.88476045711994,10.57139384523028,12.026652874480662,11.926980242678152,3.0937126819408616,5.262690188904886,0.0,0.0,89.4261083,Unknown,Available,Available
32602,2011-10-09,,Male,6,Glendale,CA,US,55,2014-03-31,33,160926,72497,5665,174046,2014-01-29,63,20,108,3,0.85318887,164243,5,12.009108405999267,11.962618494255167,11.191314254255364,9.077809308899132,12.067080656664722,12.009108405999267,3.0636829354624986,4.6913478822291435,1.3862943611198906,1.791759469228055,85.318887,Available,Unknown,Available
11277,,2005-10-29,Male,6,shenzhen,guangdong,CN,45,2014-03-31,142,138626,54428,80511,177357,2014-03-25,7,5,35,7,0.835532119,172256,13,12.056742826656855,11.839542151960677,10.904652379038273,11.296161520620057,12.085925567726838,12.056742826656855,1.8104953802356407,3.58351893845611,2.0794415416798357,2.639057329615259,83.55321190000001,Unknown,Available,Available
45117,,,Male,6,Suwanee,GA,US,30,2014-03-31,31,126239,23421,32296,204438,2014-02-17,44,21,89,3,0.723434195,162728,39,11.999841519487374,11.745940136079701,10.061431030602083,10.382729625640236,12.1506089531609,11.999841519487374,3.110547947833984,4.499809670330265,1.3862943611198906,3.6888794541139363,72.3434195,Unknown,Unknown,Available
19051,,2006-11-29,Male,6,beijing,beijing,CN,42,2014-03-31,53,146519,70090,56015,102999,,29,13,106,5,1.434114409,159103,8,11.977313355430327,11.89491721689275,11.157549676763116,10.933392643194447,11.542484267211773,11.977313355430327,2.6688294877355956,4.672828834461906,1.791759469228055,2.1972245773362196,143.4114409,Unknown,Available,Unknown
19371,,2007-05-31,Male,5,CRONULLA,NSW,AU,53,2014-03-31,21,164969,69100,55700,159605,2014-03-18,14,32,80,7,0.925114251,174849,8,12.071683742491523,11.962618494255167,11.143324481431074,10.92775337907558,11.980463557276172,12.071683742491523,3.507057772361633,4.394449154672439,2.0794415416798357,2.1972245773362196,92.5114251,Unknown,Available,Available
60020,2012-06-07,2012-06-16,Female,4,LOS ANGELES,LA,US,49,2014-03-31,16,116312,20140,30850,195712,,27,41,150,0,0.75375,133754,1,11.80376504723709,11.664040112139473,9.910512817472881,10.336924443719042,12.1506089531609,11.80376504723709,3.75809452321317,5.017279836814924,0.0,0.6931471805599453,75.375,Available,Available,Unknown
2007,,2005-04-19,Male,6,guangzhou,guangdong,CN,43,2014-03-31,85,151345,58008,71227,155704,2014-03-29,3,8,60,15,0.946174922,182967,21,12.117066553145195,11.927323885293218,10.968353449904356,11.173641278521204,11.95571847034437,12.117066553145195,2.2649821182201224,4.110873864173311,2.772588722239781,3.091042453358316,94.6174922,Unknown,Available,Available
56093,,2004-11-24,Male,6,guangzhoushi,guangdongsheng,CN,59,2014-03-31,71,141563,64754,70510,119961,,22,9,44,6,1.225504039,156664,10,11.961865046663672,11.860507190629843,11.078366196657688,11.163524004997994,11.69493030494804,11.961865046663672,2.358154944108316,3.8066624897703196,1.9459101490553132,2.3978952727983707,122.5504039,Unknown,Available,Unknown
62762,,2008-08-25,Male,6,shenyang,liaoning,CN,42,2014-03-31,130,145214,32720,50685,167593,2014-03-30,2,5,64,2,0.873661907,258114,64,12.461160501026889,11.88597068182228,10.395772352596852,10.83340501732494,12.029299666866628,12.271620155461939,1.8664209979862834,4.174387269895637,1.0986122886681096,4.174387269895637,87.3661907,Unknown,Available,Available
49215,2010-05-07,2010-05-29,Male,6,shenzhen,guangdong,CN,40,2014-03-31,89,126501,43042,79130,149557,2014-03-28,4,7,56,3,0.978068228,295393,50,12.596065337431025,11.748013397301412,10.669954895008782,11.278859985955462,11.915439556442129,12.271620155461939,2.1819571052464566,4.04305126783455,1.3862943611198906,3.9318256327243257,97.8068228,Available,Available,Available
20362,,2005-09-14,Male,6,guangzhou,guangdong,CN,59,2014-03-31,83,139199,53260,82972,103087,2014-03-21,11,8,45,11,1.411593411,165577,17,12.017197661866376,11.843667026882457,10.882959635008408,11.326270532652002,11.543338271378424,12.017197661866376,2.2778924804061744,3.828641396489095,2.4849066497880004,2.8903717578961645,141.15934109999998,Unknown,Available,Available
38022,2004-12-02,2005-06-30,Male,6,guangzhoushi,guangdongsheng,CN,36,2014-03-31,99,146797,52996,69050,162215,2014-03-30,2,7,28,9,0.896966187,200588,48,12.209013317512932,11.896812771091543,10.877990587158619,11.142600640991803,11.996684059448299,12.209013317512932,2.1108314384101696,3.367295829986474,2.302585092994046,3.8918202981106265,89.6966187,Available,Available,Available
47179,,2005-04-18,Male,4,guangzhou,guangdong,CN,54,2014-03-31,40,124687,33993,35519,198627,,27,17,85,2,0.731685018,152573,6,11.935405003237522,11.733569896083342,10.433939317437297,10.477851197106107,12.1506089531609,11.935405003237522,2.9335840554977963,4.454347296253507,1.0986122886681096,1.9459101490553132,73.1685018,Unknown,Available,Unknown
17903,,2008-05-30,Male,6,changchun,jilin,CN,48,2014-03-31,52,134746,67215,58621,99524,2014-03-21,11,14,57,5,1.458000784,144914,7,11.88390264261972,11.811154225072574,11.115666593409163,10.978865331731324,11.508164147868518,11.88390264261972,2.7132653366122677,4.060443010546419,1.791759469228055,2.0794415416798357,145.8000784,Unknown,Available,Available
45581,,2005-12-29,Male,6,guangzhou,guangdong,CN,49,2014-03-31,65,145852,73784,70564,119794,2014-03-22,10,10,66,12,1.210876087,216228,36,12.284093310252072,11.890354544162147,11.20891073789755,11.164289549848107,11.69353722756546,12.271620155461939,2.4822990863809196,4.204692619390966,2.5649493574615367,3.6109179126442243,121.08760869999999,Unknown,Available,Available
47255,,2005-06-21,Female,5,wuhan,hubei,CN,48,2014-03-31,34,171324,83009,71460,151642,2014-03-29,3,19,126,1,0.951756044,186619,4,12.136829742788013,11.962618494255167,11.326716361449082,11.176907125322197,11.92928435313281,12.136829742788013,2.995732273553991,4.844187086458591,0.6931471805599453,1.6094379124341003,95.1756044,Unknown,Available,Available
876,,2006-08-14,Male,6,.,beijing,CN,41,2014-03-31,83,149093,45490,79527,149993,2014-03-26,6,8,46,0,0.960765569,165704,4,12.017964377974485,11.912332258494429,10.725269783175804,11.283864439891982,11.91835057227837,12.017964377974485,2.2853644952746333,3.8501476017100584,0.0,1.6094379124341003,96.0765569,Unknown,Available,Available
6088,,,Male,5,shanghaishi,shanghai,CN,46,2014-03-31,65,137293,62763,81624,109089,,24,10,59,0,1.318943707,154356,4,11.947023380375882,11.829879890874025,11.047136939678959,11.309890866578732,11.599928508591802,11.947023380375882,2.4665092846482843,4.0943445622221,0.0,1.6094379124341003,131.8943707,Unknown,Unknown,Unknown
50931,,2012-12-25,Female,6,VALINDA,CA,US,47,2014-03-31,18,162084,7444,70223,146238,,23,25,136,2,0.982511386,180183,2,12.101733829981214,11.962618494255167,8.915297945118109,11.159445411928015,11.892997548590198,12.101733829981214,3.291470046794225,4.919980925828125,1.0986122886681096,1.0986122886681096,98.2511386,Unknown,Available,Unknown
38443,2007-06-08,,Male,6,guangzhou,guangdong,CN,47,2014-03-31,66,139155,58495,72152,102689,2014-03-28,4,11,61,1,1.39722054,174814,8,12.071483550878883,11.843350884960842,10.976713654813821,11.186544143379171,11.53947002019234,12.071483550878883,2.4963790510769797,4.127134385045092,0.6931471805599453,2.1972245773362196,139.72205399999999,Available,Unknown,Available
8850,,2006-05-14,Male,6,wulumuqi,xinjiang,CN,51,2014-03-31,52,128038,28768,75154,105167,2014-03-30,2,13,67,2,1.356986792,155485,13,11.954310974393948,11.760090183993944,10.267053697512587,11.227307926567326,11.563314350503358,11.954310974393948,2.6404569097459056,4.219507705176107,1.0986122886681096,2.639057329615259,135.69867920000002,Unknown,Available,Available
59307,,2012-05-27,Male,6,guangzhou,guangdong,CN,34,2014-03-31,27,119305,60310,25559,182561,2014-02-23,38,24,94,0,0.780547269,122509,0,11.715947938288217,11.689446900199377,11.007269787305745,10.14878390849147,12.11484512033826,11.715947938288217,3.2386784521643803,4.553876891600541,0.0,0.0,78.0547269,Unknown,Available,Available
20121,,,Male,6,shantoushi,guangdongsheng,CN,66,2014-03-31,193,130675,93532,60040,209912,2014-03-31,1,3,31,17,0.675609779,242611,25,12.399218738407276,11.78047625612502,11.446069594184163,11.002782941171654,12.1506089531609,12.271620155461939,1.564702018592709,3.4657359027997265,2.8903717578961645,3.258096538021482,67.5609779,Unknown,Unknown,Available
53451,,2013-05-16,Male,6,wulumuqi,xinjiang,CN,50,2014-03-31,65,112582,0,119684,184730,2014-03-26,6,4,70,1,0.764,153208,14,11.939558281299398,11.631446006380152,8.856572917341328,11.543276653286297,12.126655991843936,11.939558281299398,1.7786531217227544,4.2626798770413155,0.6931471805599453,2.70805020110221,76.4,Unknown,Available,Available
59669,2012-04-11,2012-07-30,Male,4,dongguan,guangdong,CN,62,2014-03-31,14,167720,45675,23100,144708,,59,42,208,2,0.97367319,179310,3,12.096877007404661,11.962618494255167,10.729328274821539,10.047631185616188,11.882480108335692,12.096877007404661,3.771876373649506,5.342334251964811,1.0986122886681096,1.3862943611198906,97.367319,Available,Available,Unknown
49369,,2010-01-28,Male,5,dongguan,guangdong,CN,63,2014-03-31,24,105572,26870,31155,213058,2014-03-21,11,30,86,2,0.658633893,111104,2,11.618230979115499,11.567157935743948,10.198802917143304,10.34676212203984,12.1506089531609,11.618230979115499,3.4575503180626024,4.465908118654584,1.0986122886681096,1.0986122886681096,65.8633893,Unknown,Available,Available
52814,2010-10-09,,Male,6,dalian,liaoning,CN,44,2014-03-31,89,122732,37259,72426,177556,2014-03-15,17,7,35,0,0.787337009,141293,2,11.858598104926036,11.717766543194053,10.52567564415558,11.190334437030174,12.087046963108008,11.858598104926036,2.1934295063778073,3.58351893845611,0.0,1.0986122886681096,78.7337009,Available,Unknown,Available
57377,,2008-11-13,Male,6,.,beijing,CN,50,2014-03-31,57,139756,55150,69155,98104,2014-03-24,8,12,63,10,1.42497258,155326,14,11.953287851076261,11.847660479208349,10.917830156883532,11.144120101224667,11.493793612654201,11.953287851076261,2.630088659632498,4.1588830833596715,2.3978952727983707,2.70805020110221,142.497258,Unknown,Available,Available
31219,,2009-11-13,Male,6,shanghai,shanghai,CN,42,2014-03-31,101,122805,3126,15735,140188,2014-03-20,12,7,25,9,0.996902945,181303,32,12.107930459378766,11.718361153436424,8.856572917341328,9.663706360068895,11.850746791160736,12.107930459378766,2.0980179272527715,3.258096538021482,2.302585092994046,3.4965075614664802,99.6902945,Unknown,Available,Available
29392,2013-03-03,,Male,6,dongguan,guangdong,CN,33,2014-03-31,19,139379,25220,84795,155552,2014-03-16,16,21,64,0,0.897522308,139379,0,11.84495929499251,11.84495929499251,10.135432259803407,11.348003650856143,11.954741788542888,11.84495929499251,3.093564522992537,4.174387269895637,0.0,0.0,89.75223079999999,Available,Unknown,Available
12578,,2006-06-29,Female,5,guangzhou,guangdong,CN,47,2014-03-31,95,128687,73267,46603,140931,,24,7,52,9,0.988949912,142516,16,11.867216569820986,11.76514614914385,11.201879230480108,10.749441653339831,11.85603278352742,11.867216569820986,2.131266609557048,3.970291913552122,2.302585092994046,2.833213344056216,98.8949912,Unknown,Available,Unknown
19439,2008-04-01,,Male,6,.,beijing,CN,51,2014-03-31,85,136565,75444,64034,97855,2014-03-25,7,8,45,3,1.423453171,194017,46,12.175706217246496,11.82456329323424,11.231159192947752,11.067185087860173,11.491252289288735,12.175706217246496,2.2612669436385007,3.828641396489095,1.3862943611198906,3.8501476017100584,142.3453171,Available,Unknown,Available
29034,,2004-12-24,Male,6,guangzhou,guangdong,CN,47,2014-03-31,108,146964,67505,57435,169746,,22,6,29,12,0.817685954,192071,89,12.165625580714991,11.897949742173607,11.119971761799126,10.958426563414267,12.04206437221617,12.165625580714991,2.0303592787912264,3.4011973816621555,2.5649493574615367,4.499809670330265,81.7685954,Unknown,Available,Unknown
2012,,,Male,6,shenzhenshi,guangdongsheng,CN,51,2014-03-31,64,129600,48767,70429,97250,2014-03-28,4,11,51,15,1.426656247,153682,22,11.942647318334673,11.772215778919925,10.794829639046318,11.162374587739457,11.485050544204174,11.942647318334673,2.5238220663430173,3.9512437185814275,2.772588722239781,3.1354942159291497,142.6656247,Unknown,Unknown,Available
47194,2005-04-02,,Male,6,Unknown,beijing,CN,53,2014-03-31,113,114508,46357,73029,204853,2014-03-29,3,6,31,3,0.674381581,170970,32,12.049249230459402,11.648408701507496,10.744149155884623,11.198625594614155,12.1506089531609,12.049249230459402,2.0077345310060983,3.4657359027997265,1.3862943611198906,3.4965075614664802,67.4381581,Available,Unknown,Available
26406,,,Male,6,wulumuqi,xinjiang,CN,56,2014-03-31,31,138229,46725,59667,95766,2014-03-31,1,24,94,13,1.438600025,158587,16,11.974064923277492,11.836674243458402,10.752056033913902,10.996551142273821,11.469673436975427,11.974064923277492,3.22552036771932,4.553876891600541,2.639057329615259,2.833213344056216,143.8600025,Unknown,Unknown,Available
56437,,2006-02-20,Male,6,guangzhou,guangdong,CN,56,2014-03-31,79,123103,59892,61960,129119,2014-03-27,5,9,58,6,1.065611103,160671,49,11.987120298834432,11.720784805552022,11.000314915838985,11.034260433845368,11.768497483503776,11.987120298834432,2.307700193632755,4.07753744390572,1.9459101490553132,3.912023005428146,106.5611103,Unknown,Available,Available
59509,2012-05-02,,Male,5,shenyang,liaoning,CN,39,2014-03-31,109,123892,55140,57589,163010,2014-03-15,17,6,36,1,0.843554751,144137,5,11.87852645298325,11.727173568846068,10.917648820068036,10.961104220500719,12.001572962174489,11.87852645298325,1.9911667406333204,3.6109179126442243,0.6931471805599453,1.791759469228055,84.35547509999999,Available,Unknown,Available
13061,,,Male,4,guangzhou,guangdong,CN,52,2014-03-31,19,81412,24550,22100,201613,2014-03-14,18,33,119,3,0.681331859,81412,3,11.307290244398825,11.307290244398825,10.10850786559065,10.003378135350923,12.1506089531609,11.307290244398825,3.5537594986770897,4.787491742782046,1.3862943611198906,1.3862943611198906,68.1331859,Unknown,Unknown,Available
12155,2009-06-04,,Male,6,guangzhou,guangdong,CN,31,2014-03-31,120,123415,60467,67083,172352,,25,5,56,13,0.790287551,181078,50,12.106688679113617,11.723316041691776,11.009869578468598,11.113700844451518,12.057299978233903,12.106688679113617,1.9203768470846314,4.04305126783455,2.639057329615259,3.9318256327243257,79.0287551,Available,Unknown,Unknown
26960,,,Male,5,wulumuqi,xinjiang,CN,47,2014-03-31,45,126790,42126,65876,116917,2014-03-31,1,16,52,1,1.154155854,144550,7,11.88138766544201,11.750295340548229,10.648444144272437,11.095544645914101,11.66922811336557,11.88138766544201,2.8569925358745496,3.970291913552122,0.6931471805599453,2.0794415416798357,115.41558540000001,Unknown,Unknown,Available
1123,2007-05-08,2012-02-23,Male,4,AMSTELVEEN,NOORD HOLLAND,NL,51,2014-03-31,19,158573,57507,28210,136374,2013-11-18,135,33,112,1,0.988910129,160482,2,11.98594329693928,11.962618494255167,10.959679347542483,10.247467251790306,11.823163723135371,11.98594329693928,3.5279931781705525,4.727387818712341,0.6931471805599453,1.0986122886681096,98.89101289999999,Available,Available,Available
12536,,,Male,6,Escondido,CA,US,78,2014-03-31,22,157809,48796,23824,135717,2013-09-30,184,24,150,5,0.993493225,166575,6,12.023206940714534,11.962618494255167,10.795424114541712,10.078490728522404,11.818334482567954,12.023206940714534,3.2188758248682006,5.017279836814924,1.791759469228055,1.9459101490553132,99.3493225,Unknown,Unknown,Available
43627,,2009-12-27,Male,6,beijing,beijing,CN,43,2014-03-31,80,123833,56260,64169,105118,2014-03-17,15,8,45,0,1.277942503,141978,17,11.863434438323045,11.726697238037431,10.937756856503727,11.069291090744562,11.562848320735593,11.863434438323045,2.2898460672653336,3.828641396489095,0.0,2.8903717578961645,127.7942503,Unknown,Available,Available
37021,,2008-06-16,Male,6,xianggang,xianggang,HK,51,2014-03-31,82,125625,57227,71221,106666,2014-03-26,6,8,54,5,1.255920537,141315,8,11.858753796515467,11.7410645179628,10.954798568086225,11.173557038436915,11.577467111102917,11.858753796515467,2.282634306594848,4.007333185232471,1.791759469228055,2.1972245773362196,125.5920537,Unknown,Available,Available
40792,2010-08-08,,Female,5,guangzhoushitianhequ,guangdong,CN,28,2014-03-31,90,135116,66245,49045,179472,2014-03-20,12,7,80,7,0.744693267,198691,49,12.199511166028326,11.813896348748525,11.101130364667192,10.800513912228825,12.097780057769276,12.199511166028326,2.182129951076979,4.394449154672439,2.0794415416798357,3.912023005428146,74.46932670000001,Available,Unknown,Available
22418,2010-08-06,,Male,6,PARIS,IIE DE FRANCE,FR,37,2014-03-31,17,150754,36244,34500,143287,2013-10-27,157,35,136,2,0.931991388,160716,3,11.987400333311617,11.923411281535257,10.498056719734977,10.448743588106625,11.872611869905095,11.987400333311617,3.585253544268318,4.919980925828125,1.0986122886681096,1.3862943611198906,93.1991388,Available,Unknown,Available
27900,,2006-11-19,Male,5,guangzhou,guangdong,CN,49,2014-03-31,39,127925,103340,26441,97116,2014-03-23,9,18,86,0,1.374724556,161225,7,11.99056238637136,11.75920725072306,11.50973744102895,10.182708934070043,11.483671716195143,11.99056238637136,2.963643958866621,4.465908118654584,0.0,2.0794415416798357,137.47245560000002,Unknown,Available,Available
21245,2008-05-05,2011-02-15,Male,6,shanghai,shanghai,CN,46,2014-03-31,102,127764,59208,69487,102961,2014-03-21,11,7,33,10,1.295748779,198202,38,12.197047036989508,11.75794791800288,10.988828836344187,11.148909354774602,11.54211526710077,12.197047036989508,2.0819137308005335,3.5263605246161616,2.3978952727983707,3.6635616461296463,129.5748779,Available,Available,Available
2006,,,Male,5,guangzhou,guangdong,CN,45,2014-03-31,90,141907,64227,50884,158149,2014-03-21,11,7,101,3,0.843185667,189684,54,12.15312008057744,11.862934239289766,11.070194531669575,10.837323463626031,11.971299228733795,12.15312008057744,2.1770473480388035,4.624972813284271,1.3862943611198906,4.007333185232471,84.31856669999999,Unknown,Unknown,Available
11028,,,Male,6,guangzhou,guangdong,CN,38,2014-03-31,125,117882,56590,66832,176585,2014-03-25,7,5,35,14,0.75433474,155391,23,11.95370623553906,11.677447886137568,10.943605240947042,11.109952249517042,12.081563288811363,11.95370623553906,1.9011441351711489,3.58351893845611,2.70805020110221,3.1780538303479458,75.433474,Unknown,Unknown,Available
62642,2007-02-07,,Male,6,changchun,jilin,CN,61,2014-03-31,77,120590,32440,43183,94142,,23,9,54,0,1.414713624,138945,6,11.841840647422714,11.700159933624827,10.3871783338948,10.673225335257786,11.452570181878862,11.841840647422714,2.3221296890618546,4.007333185232471,0.0,1.9459101490553132,141.4713624,Available,Unknown,Unknown
29051,2004-12-07,,Female,6,guangzhou,guangdong,CN,46,2014-03-31,79,124838,70462,39777,157844,2014-03-26,6,9,61,12,0.843179595,221619,81,12.308719482490316,11.73478018609951,11.16284302833769,10.591069274623191,11.969368817843023,12.271620155461939,2.3253997707827736,4.127134385045092,2.5649493574615367,4.406719247264253,84.3179595,Available,Unknown,Available
19073,2006-11-09,,Male,6,guangzhou,guangdong,CN,39,2014-03-31,116,120154,59962,65443,165365,2014-03-19,13,6,35,1,0.802227557,144290,8,11.879587372754498,11.696537854947106,11.001482984320479,11.088950094102968,12.01591647816763,11.879587372754498,1.960706966484513,3.58351893845611,0.6931471805599453,2.1972245773362196,80.22275570000001,Available,Unknown,Available
58686,,2011-01-19,Male,6,beijing,beijing,CN,32,2014-03-31,58,123331,65453,55873,91515,2014-03-17,15,12,65,7,1.448642081,137940,13,11.834581336487785,11.72263518508305,11.089102884825811,10.930854434663992,11.424269099364771,11.834581336487785,2.5902671651958267,4.189654742026425,2.0794415416798357,2.639057329615259,144.8642081,Unknown,Available,Available
781,,2006-07-23,Male,5,zhanjiang,guangdong,CN,49,2014-03-31,109,133352,55657,76163,144321,2014-03-24,8,6,52,11,0.914492693,164372,16,12.009893514539764,11.800755026544953,10.926981101987296,11.240644189094471,11.879802193293555,12.009893514539764,2.0368819273045182,3.970291913552122,2.4849066497880004,2.833213344056216,91.4492693,Unknown,Available,Available
36780,2006-07-10,,Male,6,guangzhou,guangdong,CN,48,2014-03-31,180,105442,66455,62607,182540,2014-03-23,9,3,15,4,0.720028487,142631,15,11.868023165714606,11.56592580153188,11.104295353518907,11.044648344450193,12.114730084307205,11.868023165714606,1.6049586215728153,2.977301475242586,1.6094379124341003,2.772588722239781,72.0028487,Available,Unknown,Available
1359,,,Male,6,guangzhou,guangdong,CN,45,2014-03-31,103,92686,45754,86859,218087,2014-03-31,1,7,42,6,0.602317149,169772,82,12.04221752961515,11.43698350439507,10.731056354349478,11.372052906088813,12.1506089531609,12.04221752961515,2.084331526939881,3.7612001156935624,1.9459101490553132,4.418840607796598,60.2317149,Unknown,Unknown,Available
29076,,,Male,5,guangzhou,guangdong,CN,56,2014-03-31,107,121404,78200,54540,155834,2014-03-24,8,6,33,1,0.841613512,144683,8,11.882307332905311,11.706887342920858,11.267037714175425,10.906707991398342,11.956553034172742,11.882307332905311,2.054365600853583,3.5263605246161616,0.6931471805599453,2.1972245773362196,84.1613512,Unknown,Unknown,Available
49714,,2011-04-13,Female,5,COVINA,CA,US,49,2014-03-31,14,153078,33444,46100,125796,,121,46,129,3,1.040394289,156566,3,11.961239312363233,11.938709406986293,10.417657577552509,10.738589920723442,11.742424775587335,11.961239312363233,3.8615391000285166,4.867534450455582,1.3862943611198906,1.3862943611198906,104.03942889999999,Unknown,Available,Unknown
55458,2010-02-12,,Male,6,guangzhou,guangdong,CN,30,2014-03-31,149,116162,64079,60697,155588,2014-03-30,2,4,23,5,0.836742487,136195,9,11.82185030369066,11.662749656171407,11.06788758174224,11.013666027575601,11.95497319414008,11.82185030369066,1.7770116125660709,3.1780538303479458,1.791759469228055,2.302585092994046,83.67424869999999,Available,Unknown,Available
59905,,2011-09-13,Male,5,guangzhou,guangdong,CN,41,2014-03-31,76,122401,86103,37023,94185,,49,8,57,0,1.380177417,129029,4,11.767800214445892,11.71506598879615,11.363311146944135,10.519321629993403,11.453026829561876,11.767800214445892,2.2999148644047445,4.060443010546419,0.0,1.6094379124341003,138.01774170000002,Unknown,Available,Unknown
28087,2007-02-10,,Male,6,fanyu,guangdong,CN,64,2014-03-31,55,126221,64899,50346,94577,2014-03-29,3,12,62,0,1.369523774,200391,6,12.208030727236336,11.745797540362084,11.080602902692181,10.826694313452013,11.457180169854597,12.208030727236336,2.6324216053862783,4.143134726391533,0.0,1.9459101490553132,136.9523774,Available,Unknown,Available
14825,,2011-09-21,Male,6,changsha,hunan,CN,45,2014-03-31,80,120818,61032,61240,92022,2014-03-28,4,8,49,4,1.407186108,132796,7,11.796576925407859,11.702048836883112,11.01916998048313,11.022572178834904,11.429793824786385,11.796576925407859,2.2859924979032,3.912023005428146,1.6094379124341003,2.0794415416798357,140.71861080000002,Unknown,Available,Available
20173,,,Female,6,guangzhou,guangdong,CN,53,2014-03-31,40,142164,38782,60402,139742,2014-03-16,16,18,136,6,0.926317142,156893,14,11.96332569707214,11.864743633847617,10.565737285268195,11.008794051563621,11.847560300317388,11.96332569707214,2.960503581789769,4.919980925828125,1.9459101490553132,2.70805020110221,92.6317142,Unknown,Unknown,Available
18700,,2006-02-24,Male,6,guangzhou,guangdong,CN,43,2014-03-31,142,109292,60942,57023,183472,2014-03-25,7,5,39,5,0.702883928,133052,10,11.798502824065952,11.601787628197902,11.017694280077595,10.951227510830481,12.119822796686185,11.798502824065952,1.8023415785199957,3.6888794541139363,1.791759469228055,2.3978952727983707,70.2883928,Unknown,Available,Available
47040,,2013-04-28,Male,6,Unknown,Unknown,US,56,2014-03-31,14,147158,0,69575,126850,,23,24,61,0,1.016463224,165825,0,12.018694324829365,11.899268913870806,8.856572917341328,11.1501749592696,11.750768448323118,12.018694324829365,3.2311083933950204,4.127134385045092,0.0,0.0,101.6463224,Unknown,Available,Unknown
5040,,,Male,6,guangzhou,guangdong,CN,36,2014-03-31,24,142746,36000,98882,125340,,30,28,116,3,1.026238631,157710,6,11.968519523213514,11.868829111535602,10.491301994830229,11.5016926120371,11.738793302045867,11.968519523213514,3.380698860187779,4.762173934797756,1.3862943611198906,1.9459101490553132,102.6238631,Unknown,Unknown,Unknown
19751,2011-05-12,,Female,5,CULVER CITY,CA,US,33,2014-03-31,13,150850,25200,43093,126495,2014-03-14,18,53,262,3,1.014545871,169574,5,12.041050585814281,11.924047873666991,10.134638955251866,10.67113905526418,11.747965966096412,12.041050585814281,3.861673167219153,5.572154032177765,1.3862943611198906,1.791759469228055,101.4545871,Available,Unknown,Available
9980,2006-12-06,2007-03-17,Male,6,guangzhou,guangdong,CN,47,2014-03-31,85,120754,41949,71795,151736,2014-03-30,2,8,46,10,0.843447435,199762,46,12.204886942862512,11.701518978525032,10.644233711895351,11.181584043178033,11.929904038036284,12.204886942862512,2.237411449569007,3.8501476017100584,2.3978952727983707,3.8501476017100584,84.34474349999999,Available,Available,Available
38079,2005-03-02,2005-05-20,Male,6,.,beijing,CN,49,2014-03-31,68,109266,50278,62111,117537,2014-03-29,3,10,47,0,1.085817147,123410,6,11.723275527485464,11.601549707259737,10.825342773882696,11.036694485968736,11.674516964537785,11.723275527485464,2.4286258137052004,3.8712010109078907,0.0,1.9459101490553132,108.58171469999999,Available,Available,Available
38098,,,Male,6,guangzhou,guangdong,CN,45,2014-03-31,116,117613,68978,50566,161730,2014-03-24,8,6,21,6,0.786706177,162718,44,11.999780065737445,11.675163354980105,11.14155738943011,10.831054468604599,11.993689740239455,11.999780065737445,1.9789003125000257,3.091042453358316,1.9459101490553132,3.8066624897703196,78.6706177,Unknown,Unknown,Available
33282,2012-04-09,,Male,6,.,beijing,CN,51,2014-03-31,123,111651,55346,61475,89350,2014-03-30,2,5,19,2,1.419099832,125014,7,11.736189009085015,11.623142170229228,10.921377736125875,11.026402133727203,11.400327712466746,11.736189009085015,1.9329459133302835,2.995732273553991,1.0986122886681096,2.0794415416798357,141.9099832,Available,Unknown,Available
53999,2007-04-04,,Male,6,wulumuqishi,xinjiang,CN,50,2014-03-31,47,115352,36960,66252,91018,2014-03-15,17,14,74,7,1.389867279,127625,12,11.756859390891705,11.655752271066044,10.517618581666662,11.101236025842091,11.418823554913928,11.756859390891705,2.75199774057394,4.31748811353631,2.0794415416798357,2.5649493574615367,138.9867279,Available,Unknown,Available
58806,2010-08-08,,Male,4,PARIS,Unknown,FR,35,2014-03-31,14,148856,46500,36508,123662,2013-12-28,95,36,196,2,1.022610665,152002,2,11.93165553647575,11.910741392546777,10.747229096720554,10.505314084518345,11.725315402886217,11.93165553647575,3.6171355492344337,5.2832037287379885,1.0986122886681096,1.0986122886681096,102.2610665,Available,Unknown,Available
18869,,2006-06-20,Male,5,shenzhen,guangdong,CN,74,2014-03-31,49,119100,77457,29982,90602,2013-12-16,107,12,80,0,1.394936204,125550,6,11.740467329508213,11.687727151613768,11.257491132957457,10.30838583336139,11.414242604065644,11.740467329508213,2.6345830492203377,4.394449154672439,0.0,1.9459101490553132,139.4936204,Unknown,Available,Available
47265,,,Male,5,shenzhen,guangdong,CN,39,2014-03-31,86,118543,49221,62139,157799,2014-03-30,2,8,33,22,0.799002655,147720,33,11.903080638507626,11.683039478656438,10.804095957008176,11.037145182947038,11.96908368739391,11.903080638507626,2.2494324859977013,3.5263605246161616,3.1354942159291497,3.5263605246161616,79.9002655,Unknown,Unknown,Available
29997,,2008-12-17,Male,5,dunhua,jilin,CN,47,2014-03-31,60,114445,61135,48154,106278,2014-03-21,11,12,54,0,1.182681834,125738,4,11.741963608986707,11.647858375010236,11.020856169686681,10.782180253994964,11.573822990721467,11.741963608986707,2.571447105911803,4.007333185232471,0.0,1.6094379124341003,118.2681834,Unknown,Available,Available
56325,,,Male,6,guangzhou,guangdong,CN,44,2014-03-31,110,116532,54659,51757,166843,2014-03-28,4,6,42,8,0.750906841,148129,33,11.905845545576097,11.665929773679418,10.90888745948206,10.85433428855189,12.024814523089416,11.905845545576097,2.0252468912421975,3.7612001156935624,2.1972245773362196,3.5263605246161616,75.0906841,Unknown,Unknown,Available
13606,2010-08-10,,Male,6,MEXICO,Unknown,MX,40,2014-03-31,15,97700,34040,10000,183480,,179,39,79,0,0.681333333,113656,3,11.640940419992829,11.489667073393028,10.4353209594591,9.210440366976517,12.119866398881562,11.640940419992829,3.6924445202072578,4.382026634673881,0.0,1.3862943611198906,68.1333333,Available,Unknown,Unknown
2104,,,Male,6,guangzhou,guangdong,CN,47,2014-03-31,67,118790,44102,66668,119347,2014-03-30,2,10,64,0,1.046676247,134417,5,11.808709626674984,11.685120925465174,10.694283086332076,11.107495356249578,11.689798874190457,11.808709626674984,2.483643225336677,4.174387269895637,0.0,1.791759469228055,104.66762469999999,Unknown,Unknown,Available
40556,,2010-02-26,Male,6,huizhou,guangdong,CN,39,2014-03-31,51,121760,22197,85044,99034,2014-03-31,1,11,38,3,1.259950118,136638,6,11.825097690494445,11.70981538593958,10.007757473711925,11.350935807148192,11.503228601991365,11.825097690494445,2.514465452029545,3.6635616461296463,1.3862943611198906,1.9459101490553132,125.99501179999999,Unknown,Available,Available
11511,,2010-05-17,Male,6,shanghai,shanghai,CN,55,2014-03-31,74,122218,72537,52991,96520,2014-01-23,69,9,63,5,1.289827497,137008,9,11.8278018960832,11.713569796448489,11.191865841461494,10.877896237744931,11.477515880232335,11.8278018960832,2.302585092994046,4.1588830833596715,1.791759469228055,2.302585092994046,128.9827497,Unknown,Available,Available
49752,,,Male,6,PARIS,0,FR,51,2014-03-31,12,145209,38600,76000,121632,,27,59,151,0,1.023333333,152324,1,11.933771675116695,11.885936249524784,10.5610334618531,11.23850177707664,11.708763593275831,11.933771675116695,3.861673167219153,5.0238805208462765,0.0,0.6931471805599453,102.3333333,Unknown,Unknown,Unknown
58064,2009-11-01,,Male,5,shenzhen,guangdong,CN,47,2014-03-31,59,106565,61605,53815,85171,2014-03-26,6,12,53,10,1.461263576,121759,22,11.709807173095513,11.576519790495382,11.02851454737569,10.893326099705442,11.35242802030629,11.709807173095513,2.585947504379232,3.9889840465642745,2.3978952727983707,3.1354942159291497,146.12635759999998,Available,Unknown,Available
19497,,2009-09-16,Male,6,guangzhou,guangdong,CN,36,2014-03-31,120,104791,48496,65628,176951,2014-03-14,18,5,56,12,0.701123814,144381,47,11.880217843931328,11.559732712077485,10.78925721934233,11.091772950417356,12.083633788337597,11.880217843931328,1.9338327076299389,4.04305126783455,2.5649493574615367,3.8712010109078907,70.1123814,Unknown,Available,Available
21578,2008-09-02,,Female,6,guangzhou,guangdong,CN,49,2014-03-31,60,119084,36815,75011,88428,2014-03-29,3,12,47,16,1.40060309,138499,25,11.83862560460953,11.687592802827323,10.513687812275148,11.225403379719813,11.38995524912633,11.83862560460953,2.5868715762023413,3.8712010109078907,2.833213344056216,3.258096538021482,140.060309,Available,Unknown,Available
45772,2006-06-05,,Male,6,shenzhen,guangdong,CN,57,2014-03-31,57,111196,14001,94940,90553,2014-03-31,1,9,88,0,1.366744227,148181,40,11.906196526977686,11.619058682017428,9.546955455537143,11.461010925018028,11.413701636825127,11.906196526977686,2.3307559699885196,4.48863636973214,0.0,3.713572066704308,136.6744227,Available,Unknown,Available
51134,,2011-12-19,Male,5,PARIS,PARIS,FR,54,2014-03-31,43,101676,31354,31157,195034,,57,15,104,0,0.631640227,105421,0,11.565726621961357,11.529556401100773,10.353129022977122,10.346826313072373,12.1506089531609,11.565726621961357,2.8176872736410945,4.653960350157523,0.0,0.0,63.1640227,Unknown,Available,Unknown
53729,,2008-04-20,Male,6,changchun,jilin,CN,47,2014-03-31,113,109087,51668,50096,151060,2014-03-30,2,6,32,3,0.81511929,154907,13,11.95058667129471,11.59991017493763,10.852613267503855,10.821716405040542,11.925439007731665,11.95058667129471,2.005333569583806,3.4965075614664802,1.3862943611198906,2.639057329615259,81.51192900000001,Unknown,Available,Available
44980,2005-05-01,,Male,5,wulumuqi,xinjiang,CN,49,2014-03-31,42,91284,38043,36239,165589,,23,17,143,0,0.743348652,97974,0,11.492467623067832,11.421741759547611,10.546498663602277,10.497918760156915,12.01727013263653,11.492467623067832,2.8971239780403693,4.969813299576001,0.0,0.0,74.3348652,Available,Unknown,Unknown
11139,,2005-04-27,Male,6,guangzhou,guangdong,CN,46,2014-03-31,58,119502,65404,43909,94554,2014-03-16,16,12,89,3,1.299097235,133792,8,11.804049108416807,11.691096754641098,11.088353987122327,10.689897363555763,11.456936954761373,11.804049108416807,2.5915820898037456,4.499809670330265,1.3862943611198906,2.1972245773362196,129.9097235,Unknown,Available,Available
11327,2005-10-12,2005-11-29,Male,4,ROWLAND HEIGHTS,CALIFORNIA,US,48,2014-03-31,16,111936,14570,30724,184227,,30,33,132,0,0.66544855,122503,0,11.715898961495043,11.625691492014756,9.586788531013854,10.332831934434235,12.123929399937404,11.715898961495043,3.5302744238396415,4.890349128221754,0.0,0.0,66.544855,Available,Available,Unknown
20131,,2005-03-23,Female,6,guangzhoushi,guangdongsheng,CN,64,2014-03-31,122,109052,51136,58852,180074,2014-03-14,18,5,49,11,0.68017726,130785,16,11.781317678637583,11.599589281567741,10.842263584629354,10.98279808844946,12.101128709757564,11.781317678637583,1.9135137946420455,3.912023005428146,2.4849066497880004,2.833213344056216,68.017726,Unknown,Available,Available
47276,,2005-07-17,Male,6,guangzhou,guangdong,CN,47,2014-03-31,72,119810,54023,67485,91164,2014-03-26,6,10,53,5,1.343311285,140265,16,11.851295898874522,11.693670780147814,10.897183671254679,11.119675447941322,11.420426330473305,11.851295898874522,2.4131433441900016,3.9889840465642745,1.791759469228055,2.833213344056216,134.3311285,Unknown,Available,Available
13323,,2009-11-17,Male,6,wuhanshi,hubeisheng,CN,63,2014-03-31,113,117425,68079,46264,121394,2014-03-22,10,6,31,2,1.008554047,204327,17,12.227481824767674,11.673563626933024,11.128438763247257,10.742141014683131,11.706804970597911,12.227481824767674,1.992024238176822,3.4657359027997265,1.0986122886681096,2.8903717578961645,100.85540470000001,Unknown,Available,Available
56336,2005-08-02,,Male,6,.,beijing,CN,49,2014-03-31,77,112943,60762,70974,157206,2014-03-30,2,9,48,3,0.777235347,148513,12,11.908434508875455,11.634647399635254,11.01473633007937,11.170082981341173,11.965318687247931,11.908434508875455,2.3601089371173254,3.8918202981106265,1.3862943611198906,2.5649493574615367,77.7235347,Available,Unknown,Available
19460,,2009-01-15,Male,5,zhuhai,guangdong,CN,44,2014-03-31,57,118977,58523,48966,91658,2014-03-22,10,12,49,0,1.332451177,136156,8,11.821563910662006,11.686693881052792,10.977192205498053,10.79890188082263,11.425830448119246,11.821563910662006,2.6275113383085205,3.912023005428146,0.0,2.1972245773362196,133.2451177,Unknown,Available,Available
15014,2012-01-04,,Male,5,CORALGABLES,FL,US,66,2014-03-31,16,139503,43784,67714,115401,2014-03-19,13,42,244,1,1.057235119,144812,1,11.883198533909384,11.845848553667595,10.687046571956325,11.123063000089472,11.656176963928486,11.883198533909384,3.7796338173824005,5.501258210544727,0.6931471805599453,0.6931471805599453,105.7235119,Available,Unknown,Available
21884,2009-05-08,,Male,6,shenzhen,guangdong,CN,38,2014-03-31,77,135403,37478,64613,151637,2014-03-23,9,9,35,13,0.803643702,176266,48,12.079755169923846,11.816018181121441,10.53153605509994,11.076186384556935,11.929251380411138,12.079755169923846,2.3117534610652797,3.58351893845611,2.639057329615259,3.8918202981106265,80.3643702,Available,Unknown,Available
11030,,2005-01-20,Male,6,fanyu,guangdong,CN,38,2014-03-31,88,109604,44502,71749,117157,2014-03-29,3,8,63,3,1.039534044,145486,17,11.887842014522958,11.604638272893428,10.703311881612331,11.180943133621868,11.67127873012338,11.887842014522958,2.236052247339357,4.1588830833596715,1.3862943611198906,2.8903717578961645,103.95340440000001,Unknown,Available,Available
10164,,2008-01-25,Male,5,shenzhen,guangdong,CN,45,2014-03-31,13,135848,42838,11600,137604,,51,56,147,4,0.884236795,142824,5,11.869375383592663,11.819299253767408,10.66520418161884,9.358846580275406,11.832142541030501,11.869375383592663,3.861673167219153,4.997212273764115,1.6094379124341003,1.791759469228055,88.42367949999999,Unknown,Available,Unknown
2196,,,Male,6,shantou,guangdong,CN,68,2014-03-31,124,115890,73591,59304,113615,2014-03-29,3,5,29,0,1.070194781,130909,4,11.782265343174144,11.660405373163414,11.206291603156993,10.990448898463375,11.640579620421875,11.782265343174144,1.9247826026899362,3.4011973816621555,0.0,1.6094379124341003,107.01947810000001,Unknown,Unknown,Available
38329,,,Male,6,guangzhou,guangdong,CN,65,2014-03-31,69,119569,73753,53646,147549,,31,10,40,5,0.823818121,133546,10,11.802208754788982,11.691657252913625,11.208490510019413,10.890180828508424,11.901922380371085,11.802208754788982,2.4138107282621646,3.713572066704308,1.791759469228055,2.3978952727983707,82.38181209999999,Unknown,Unknown,Unknown
3092,,2009-01-30,Male,6,guangzhou,guangdong,CN,60,2014-03-31,66,113508,77458,33221,86430,2014-03-31,1,10,116,2,1.406350341,140439,12,11.852535630282368,11.639637407914085,11.257504043096436,10.410967586051022,11.367101686736445,11.852535630282368,2.464180518943658,4.762173934797756,1.0986122886681096,2.5649493574615367,140.6350341,Unknown,Available,Available
31122,2010-12-01,,Male,5,guangzhou,guangdong,CN,56,2014-03-31,26,102699,40335,16513,178921,2013-12-21,102,24,110,1,0.679305671,107965,3,11.589571641726955,11.539567395916649,10.6049996494277,9.711963784977375,12.0947052356645,11.589571641726955,3.2534704696327,4.709530201312334,0.6931471805599453,1.3862943611198906,67.9305671,Available,Unknown,Available
44276,2009-08-01,2009-08-13,Female,6,haerbin,heilongjiang,CN,40,2014-03-31,59,117216,49710,54318,94946,2014-03-28,4,12,55,5,1.273062688,148754,24,11.910055936288336,11.671782196800681,10.813981515563105,10.902629352637497,11.461074120164662,11.910055936288336,2.598850908983372,4.02535169073515,1.791759469228055,3.2188758248682006,127.3062688,Available,Available,Available
38451,2007-06-04,,Male,6,guangzhoushi,guangdong,CN,48,2014-03-31,125,92480,46644,62647,189177,2014-03-31,1,5,33,2,0.637994577,116402,8,11.664813587143227,11.434758496996531,10.750321019395061,11.045287036430773,12.150443649769212,11.664813587143227,1.9237776207722703,3.5263605246161616,1.0986122886681096,2.1972245773362196,63.7994577,Available,Unknown,Available
30926,,2009-03-14,Male,5,guangzhoushi,Unknown,CN,33,2014-03-31,97,101068,63195,45658,171544,2014-03-21,11,7,73,4,0.701652637,108829,7,11.597542310690107,11.523558730886982,11.05399628699274,10.72895601883651,12.052600901840274,11.597542310690107,2.1363829180799745,4.304065093204169,1.6094379124341003,2.0794415416798357,70.1652637,Unknown,Available,Available
36573,,2006-01-25,Female,5,guangzhou,guangdong,CN,36,2014-03-31,57,106669,41320,48785,144505,2014-03-29,3,12,53,0,0.832500467,122962,3,11.719638776093117,11.577495235619528,10.629126124296002,10.795198665435892,11.881076308163939,11.719638776093117,2.6171351105278045,3.9889840465642745,0.0,1.3862943611198906,83.2500467,Unknown,Available,Available
17463,2011-01-04,2011-03-27,Male,6,hetian,xinjiang,CN,27,2014-03-31,64,94410,5546,70813,262290,2014-03-27,5,8,105,10,0.457967364,122797,13,11.7182960079176,11.455412870768761,8.856572917341328,11.167812000246807,12.1506089531609,11.7182960079176,2.1989866923437034,4.663439094112067,2.3978952727983707,2.639057329615259,45.7967364,Available,Available,Available
20144,,,Female,6,guangzhoushi,guangdongsheng,CN,60,2014-03-31,49,120926,92685,26580,88903,,114,12,56,0,1.350911443,127447,5,11.75546371725273,11.702942336731589,11.436972715337333,10.187951953831922,11.395312414865483,11.75546371725273,2.613434224483086,4.04305126783455,0.0,1.791759469228055,135.0911443,Unknown,Unknown,Unknown
20731,,2008-04-13,Female,6,zhuhai,guangdong,CN,56,2014-03-31,58,112726,54969,56945,84353,2014-03-30,2,12,75,3,1.423312271,136439,11,11.823640236532581,11.632724245425084,10.914542860854706,10.949858729358548,11.342777508307963,11.823640236532581,2.616242652118318,4.330733340286331,1.3862943611198906,2.4849066497880004,142.33122709999998,Unknown,Available,Available
2129,2005-04-06,2005-04-27,Male,6,zhengzhoushi,henansheng,CN,42,2014-03-31,136,113254,38680,74796,145540,2014-03-27,5,5,102,9,0.82433441,138865,13,11.841264718361252,11.637397192481068,10.563103802387129,11.222533056206391,11.888213112840782,11.841264718361252,1.8423117483732807,4.634728988229636,2.302585092994046,2.639057329615259,82.433441,Available,Available,Available
53365,,2011-01-26,Female,5,wulumuqi,xinjiang,CN,34,2014-03-31,68,97369,61293,64004,148879,2014-03-28,4,10,47,0,0.804845344,106281,2,11.573851217912722,11.486273433972801,11.023437237851594,11.06671648429021,11.910895891316132,11.573851217912722,2.446879254547598,3.8712010109078907,0.0,1.0986122886681096,80.4845344,Unknown,Available,Available
3018,2008-02-11,,Male,5,wulumuqi,xinjiang,CN,47,2014-03-31,71,93862,23960,76876,180226,2014-03-28,4,10,129,2,0.664729007,128372,11,11.762695367752148,11.449591551334956,10.0841827875855,11.249962021030564,12.101972446450768,11.762695367752148,2.424802725718295,4.867534450455582,1.0986122886681096,2.4849066497880004,66.4729007,Available,Unknown,Available
36912,2006-11-01,2006-12-17,Male,6,guangzhou,guangdong,CN,55,2014-03-31,116,101127,75228,43633,130636,2014-03-16,16,6,50,6,0.916310894,115574,14,11.657674948856426,11.524142320175393,11.228292073896467,10.68359194195197,11.780177763510496,11.657674948856426,1.972872566684625,3.9318256327243257,1.9459101490553132,2.70805020110221,91.6310894,Available,Available,Available
1159,,2007-07-28,Male,6,guangzhou,guangdong,CN,53,2014-03-31,110,103985,26253,80618,172640,2014-03-31,1,6,55,1,0.693026819,134862,8,11.812014727332564,11.55201155367743,10.175573637363353,11.29748963272422,12.058969572875556,11.812014727332564,2.0167362016385777,4.02535169073515,0.6931471805599453,2.1972245773362196,69.3026819,Unknown,Available,Available
39380,,,Male,5,guangzhou,guangdong,CN,32,2014-03-31,105,111850,49777,58424,145253,2014-03-20,12,6,47,9,0.823284201,128699,14,11.765239393584219,11.624922907423683,10.815328398336652,10.97549915940706,11.886239213061307,11.765239393584219,2.053877154964176,3.8712010109078907,2.302585092994046,2.70805020110221,82.3284201,Unknown,Unknown,Available
12218,2009-03-03,,Male,6,shenzhen,guangdong,CN,62,2014-03-31,52,111158,54805,44845,83356,,21,13,70,1,1.433468257,122727,9,11.71772580352461,11.618716887774234,10.911554955993713,10.710989677333476,11.330887867855907,11.71772580352461,2.6761749922478746,4.2626798770413155,0.6931471805599453,2.302585092994046,143.34682569999998,Available,Unknown,Unknown
38199,,,Male,6,guangzhou,guangdong,CN,53,2014-03-31,106,100577,54530,53778,167199,2014-03-29,3,6,41,7,0.714441235,110162,11,11.60971636614719,11.518688824859332,10.90652462628121,10.892638335377017,12.026945979632739,11.60971636614719,2.065052804263968,3.7376696182833684,2.0794415416798357,2.4849066497880004,71.4441235,Unknown,Unknown,Available
38134,,2005-04-25,Female,6,shenzhen,guangdong,CN,40,2014-03-31,11,138543,38230,62400,112128,,178,52,266,1,1.065035317,159477,6,11.979661260659194,11.838943243687583,10.551401983816316,11.041336579870135,11.627405273195235,11.979661260659194,3.861673167219153,5.58724865840025,0.6931471805599453,1.9459101490553132,106.5035317,Unknown,Available,Unknown
49346,,2010-04-29,Male,6,guangzhou,guangdong,CN,44,2014-03-31,59,114398,57355,49840,92635,2014-03-19,13,11,78,8,1.283990608,124552,23,11.73248660711241,11.647447616630888,10.957032737834929,10.816593217465508,11.43643311398171,11.73248660711241,2.5609626410579285,4.3694478524670215,2.1972245773362196,3.1780538303479458,128.3990608,Unknown,Available,Available
46325,,,Male,5,guangzhou,guangdong,CN,53,2014-03-31,59,136783,70753,77979,145433,2014-03-14,18,12,33,3,0.817583423,162643,13,11.999319042195566,11.826158318266016,11.166964351009796,11.264207662536588,11.88747765443492,11.999319042195566,2.578124778384499,3.5263605246161616,1.3862943611198906,2.639057329615259,81.7583423,Unknown,Unknown,Available
27661,,2006-01-17,Male,6,guangzhoushi,guangdong,CN,44,2014-03-31,83,115233,47779,68487,94441,,26,8,68,2,1.254728561,142357,34,11.866100290635305,11.654720122587902,10.7743624208798,11.134413826422321,11.455741168442385,11.866100290635305,2.261509001193811,4.23410650459726,1.0986122886681096,3.5553480614894135,125.4728561,Unknown,Available,Unknown
39773,2012-05-08,,Female,4,Cerritos,California,US,30,2014-03-31,10,140743,44800,10100,122320,2013-05-20,317,41,98,6,0.966,140743,7,11.854697916318882,11.854697916318882,10.709985739582528,9.220389707829185,11.714404015847485,11.854697916318882,3.7481960311656435,4.59511985013459,1.9459101490553132,2.0794415416798357,96.6,Available,Unknown,Available
3321,,2008-08-31,Male,6,.,beijing,CN,39,2014-03-31,116,114305,42968,52423,136228,2014-03-31,1,6,25,0,0.866121649,142040,11,11.863871027302588,11.64663434184349,10.668234204447975,10.867119780719333,11.822092572206115,11.863871027302588,1.9920348296919863,3.258096538021482,0.0,2.4849066497880004,86.6121649,Unknown,Available,Available
47224,,2005-06-30,Male,6,guangzhoushi,Unknown,CN,36,2014-03-31,95,113153,61926,44536,138873,2014-03-30,2,7,43,10,0.849043083,158027,48,11.97052751149822,11.63650500174042,11.033711550969649,10.704075583356547,11.841322326195934,11.97052751149822,2.169661418414356,3.784189633918261,2.3978952727983707,3.8918202981106265,84.9043083,Unknown,Available,Available
14675,,2011-08-20,Male,6,.,beijing,CN,47,2014-03-31,79,94225,15407,53317,151183,2014-03-26,6,8,29,0,0.778897164,126562,9,11.748495486892475,11.453451430973686,9.642642134037906,10.884029264211806,11.926252917022406,11.748495486892475,2.22393031063974,3.4011973816621555,0.0,2.302585092994046,77.8897164,Unknown,Available,Available
36635,,2006-03-28,Male,6,shenzhen,guangdong,CN,55,2014-03-31,76,110357,43518,53765,86061,2014-03-25,7,9,68,0,1.367977249,124745,7,11.734034948971443,11.611484905658852,10.68095290332465,10.892396576112274,11.362823245722835,11.734034948971443,2.3646204839134985,4.23410650459726,0.0,2.0794415416798357,136.7977249,Unknown,Available,Available
20685,,2007-09-28,Male,6,zhengzhou,henan,CN,56,2014-03-31,100,111195,50031,61963,91727,2014-03-31,1,7,47,9,1.282347182,124736,13,11.733962799766857,11.619049688928618,10.820418079697623,11.034308850226253,11.426582955148165,11.733962799766857,2.1141844901444404,3.8712010109078907,2.302585092994046,2.639057329615259,128.2347182,Unknown,Available,Available
20116,,2004-11-22,Male,6,guangzhou,guangdong,CN,37,2014-03-31,107,92952,47679,60227,165304,2014-03-31,1,6,43,8,0.710868219,112666,23,11.632191844372551,11.439849268045641,10.772267301739232,11.005892639442934,12.015547531385531,11.632191844372551,2.0615945480499738,3.784189633918261,2.1972245773362196,3.1780538303479458,71.08682189999999,Unknown,Available,Available
27657,2006-02-02,,Male,4,Unknown,Unknown,US,66,2014-03-31,25,131771,90608,25884,109336,2013-06-16,290,15,112,4,1.074683178,139361,5,11.844830143303671,11.788828435385714,11.414308824845747,10.161418929336001,11.602190134721198,11.844830143303671,2.8008319343506445,4.727387818712341,1.6094379124341003,1.791759469228055,107.4683178,Available,Unknown,Available
30225,2008-06-01,,Female,6,guangzhou,guangdong,CN,38,2014-03-31,114,102205,55786,53754,151625,2014-03-19,13,6,32,2,0.774562836,118690,7,11.684278756324689,11.534745663443342,10.929296146316137,10.892191964919329,11.92917224144307,11.684278756324689,1.9928323364446674,3.4965075614664802,1.0986122886681096,2.0794415416798357,77.45628359999999,Available,Unknown,Available
39847,2010-03-10,,Male,5,shenzhen,guangdong,CN,47,2014-03-31,57,103643,31304,67412,84080,2014-03-23,9,11,56,5,1.394920314,120635,14,11.70053302619342,11.548717229068286,10.35153310817941,11.118593156640042,11.33953589891493,11.70053302619342,2.5011431687185106,4.04305126783455,1.791759469228055,2.70805020110221,139.4920314,Available,Unknown,Available
19134,2007-01-09,2007-09-27,Female,6,guangzhou,guangdong,CN,38,2014-03-31,76,110329,49105,55463,119514,,22,9,45,6,0.98076627,122265,10,11.713954278118768,11.611231153754352,10.801736505909519,10.923489440622326,11.6911971654889,11.713954278118768,2.343087036271365,3.828641396489095,1.9459101490553132,2.3978952727983707,98.076627,Available,Available,Unknown
30983,,2012-10-17,Male,6,PARIS,Unknown,FR,41,2014-03-31,11,135718,72000,87000,111496,2013-12-24,99,43,84,0,1.05,145681,1,11.889181443027734,11.818341850760206,11.184435286790631,11.373674891823535,11.621752963690746,11.889181443027734,3.7909846770510898,4.442651256490317,0.0,0.6931471805599453,105.0,Unknown,Available,Available
53954,2006-04-11,,Male,5,kelamayi,xinjiang,CN,53,2014-03-31,43,104423,34450,60215,94144,,30,16,109,0,1.240551283,113209,2,11.636999780072156,11.556214813068626,10.44729330359671,11.005693376714367,11.452591425930528,11.636999780072156,2.854004113889899,4.700480365792417,0.0,1.0986122886681096,124.0551283,Available,Unknown,Unknown
13680,,2011-10-22,Male,5,PARIS,ile de france,FR,38,2014-03-31,20,94171,26930,38233,148827,,22,36,121,0,0.784519543,98590,0,11.49873525853418,11.452878176464841,10.201033318424798,10.551480451088963,11.910546555722002,11.49873525853418,3.6165916868432864,4.804021044733257,0.0,0.0,78.45195430000001,Unknown,Available,Unknown
56497,,2007-06-17,Female,6,guangzhou,guangdong,CN,46,2014-03-31,53,116307,30884,70845,85000,,32,13,57,0,1.373478,132653,4,11.795499513653274,11.663997123759225,10.33802590813,11.168263786220889,11.350418300109132,11.795499513653274,2.6567569067146595,4.060443010546419,0.0,1.6094379124341003,137.3478,Unknown,Available,Unknown
20401,2005-09-09,,Female,6,guangzhou,guangdong,CN,41,2014-03-31,56,111646,52249,54987,82981,2014-03-28,4,12,64,14,1.403768453,134430,20,11.80880633523637,11.623097387225265,10.863795169827057,10.91487025859131,11.326378995789705,11.80880633523637,2.624668592163159,4.174387269895637,2.70805020110221,3.044522437723423,140.3768453,Available,Unknown,Available
23819,,,Male,6,changchun,jilin,CN,50,2014-03-31,84,106270,4328,23107,140535,2014-03-30,2,8,42,4,0.827823318,124270,9,11.73021994376211,11.57374771431588,8.856572917341328,10.047934156901157,11.85321896269322,11.73021994376211,2.2769583092816714,3.7612001156935624,1.6094379124341003,2.302585092994046,82.7823318,Unknown,Unknown,Available
3110,,2009-01-29,Male,6,.,beijing,CN,37,2014-03-31,111,111215,43198,73391,141864,2014-03-26,6,6,60,7,0.819703519,131026,12,11.783158687816414,11.619229535340267,10.673572625816131,11.203570216836953,11.862631180152151,11.783158687816414,2.019739789294628,4.110873864173311,2.0794415416798357,2.5649493574615367,81.97035190000001,Unknown,Available,Available
23531,,2011-05-30,Male,6,guangzhou,guangdong,CN,35,2014-03-31,109,107748,74297,48668,126167,2014-03-14,18,6,35,3,0.921339098,127254,11,11.753948226371675,11.58755972718047,11.215839312443153,10.792797556078508,11.745369631167394,11.753948226371675,2.0198291388734066,3.58351893845611,1.3862943611198906,2.4849066497880004,92.1339098,Unknown,Available,Available
27678,2006-03-02,,Male,5,shenzhen,guangdong,CN,44,2014-03-31,60,106246,50783,39363,98083,2014-03-27,5,12,41,11,1.175007596,114233,17,11.646004255185732,11.573521851093922,10.835336623326135,10.580606972018876,11.49357953337269,11.646004255185732,2.5766150760584274,3.7376696182833684,2.4849066497880004,2.8903717578961645,117.5007596,Available,Unknown,Available
4581,,,Male,5,fanyu,guangdong,CN,41,2014-03-31,61,92929,48752,36575,161499,2014-03-29,3,12,71,2,0.713012031,118004,35,11.678482275431453,11.439601800551385,10.794522012994118,10.507147566594536,11.992260421644849,11.678482275431453,2.5751535273819712,4.276666119016055,1.0986122886681096,3.58351893845611,71.3012031,Unknown,Unknown,Available
3339,,2008-10-18,Male,6,guangzhou,guangdong,CN,55,2014-03-31,43,120058,29030,71658,93447,2014-03-23,9,16,163,0,1.231469603,139674,4,11.84707357432735,11.695738567602397,10.276119503549053,11.179674035975085,11.445160410835532,11.84707357432735,2.889048131177577,5.099866427824199,0.0,1.6094379124341003,123.1469603,Unknown,Available,Available
36953,2006-12-07,2007-02-27,Male,6,guangzhou,guangdong,CN,40,2014-03-31,149,90725,49861,61985,157683,2014-03-27,5,4,19,7,0.724336929,128224,25,11.76154181225747,11.415599254340725,10.817014468587551,11.0346638320775,11.968348309338431,11.76154181225747,1.7643604950677183,2.995732273553991,2.0794415416798357,3.258096538021482,72.4336929,Available,Available,Available
44217,,,Male,6,wu,xinjiang,CN,43,2014-03-31,43,96588,18526,74971,111807,2014-03-28,4,11,41,1,1.020765158,114036,4,11.644278236121483,11.478220142081131,9.826984406550013,11.224869989478876,11.624538393493728,11.644278236121483,2.5161591932151817,3.7376696182833684,0.6931471805599453,1.6094379124341003,102.0765158,Unknown,Unknown,Available
13818,,2010-04-25,Male,4,guangzhou,guangdong,CN,54,2014-03-31,56,109337,80163,38616,114358,,83,11,60,3,0.995827664,121166,8,11.704925038315455,11.60219928071411,11.291829815273319,10.56144787300669,11.647097902081821,11.704925038315455,2.54231755707287,4.110873864173311,1.3862943611198906,2.1972245773362196,99.5827664,Unknown,Available,Unknown
8608,,2005-11-15,Male,6,changchun,jilin,CN,51,2014-03-31,94,102013,47363,53498,109142,2014-03-29,3,7,31,3,1.040933738,121796,6,11.710111003412726,11.532865337749776,10.765617725450847,10.887418241120622,11.600414227993012,11.710111003412726,2.1742628434800535,3.4657359027997265,1.3862943611198906,1.9459101490553132,104.09337380000001,Unknown,Available,Available
2303,,2005-09-24,Male,6,guangzhou,guangdong,CN,50,2014-03-31,84,107748,57470,44323,139338,2014-03-19,13,8,50,5,0.811427392,118260,9,11.680649325283598,11.58755972718047,10.95903575173321,10.699281570056216,11.844665091868247,11.680649325283598,2.2365997425568924,3.9318256327243257,1.791759469228055,2.302585092994046,81.14273920000001,Unknown,Available,Available
33645,,2012-07-20,Female,5,shenzhen,guangdong,CN,47,2014-03-31,16,122831,12600,58538,107047,2014-03-23,9,40,170,0,1.051401627,128940,1,11.767110214379752,11.71857284706768,9.441531454869693,10.977448477763108,11.581032610984824,11.767110214379752,3.7328963395307104,5.14166355650266,0.0,0.6931471805599453,105.14016269999999,Unknown,Available,Available
27651,,,Male,6,shanghaishi,shanghaishi,CN,44,2014-03-31,128,100358,50066,50854,131315,2014-03-15,17,5,32,12,0.856878118,133895,17,11.804818658193474,11.516509036301581,10.821117387411512,10.836733725059696,11.785361911206444,11.804818658193474,1.8868310140461648,3.4965075614664802,2.5649493574615367,2.8903717578961645,85.6878118,Unknown,Unknown,Available
9874,,2007-11-28,Male,6,guangzhoushi,guangdong,CN,39,2014-03-31,124,98544,40842,40771,130776,2014-03-30,2,5,29,11,0.860026534,111357,15,11.620505515636854,11.498268575626595,10.61749072697545,10.615750850288304,11.781248861564805,11.620505515636854,1.9140490470043148,3.4011973816621555,2.4849066497880004,2.772588722239781,86.0026534,Unknown,Available,Available
50023,,,Male,6,guangzhou,guangdong,CN,47,2014-03-31,111,95164,59392,48767,130622,2014-03-28,4,6,28,4,0.859196613,115155,10,11.654043009840127,11.463367506121884,10.99193165328861,10.794829639046318,11.780070590579212,11.654043009840127,2.028148247292285,3.367295829986474,1.6094379124341003,2.3978952727983707,85.9196613,Unknown,Unknown,Available
40219,2009-07-09,,Male,6,guangzhou,guangdong,CN,45,2014-03-31,77,109194,42580,57090,134838,2014-03-31,1,9,70,8,0.832180765,122278,12,11.71406059801909,11.600890553698873,10.659163423376018,10.952401765007385,11.811836753123522,11.71406059801909,2.356375267585171,4.2626798770413155,2.1972245773362196,2.5649493574615367,83.21807650000001,Available,Unknown,Available
35876,2006-04-02,,Male,5,hefei,anhui,CN,57,2014-03-31,42,106360,31875,31242,77936,,22,17,67,5,1.436042137,112088,10,11.6270484775729,11.574594247343596,10.36960865451764,10.3495506300728,11.263656087004861,11.6270484775729,2.893078119615529,4.219507705176107,1.791759469228055,2.3978952727983707,143.6042137,Available,Unknown,Unknown
58293,2009-11-02,2010-03-24,Male,6,guangzhou,guangdong,CN,42,2014-03-31,124,87984,41832,64452,160524,2014-03-31,1,5,51,2,0.695089955,110203,31,11.610088472682861,11.384921624385862,10.64144078072663,11.073691554995426,11.986204972662248,11.610088472682861,1.9318748308823928,3.9512437185814275,1.0986122886681096,3.4657359027997265,69.5089955,Available,Available,Available
5737,,2011-07-25,Male,5,beijing,beijing,CN,46,2014-03-31,19,110135,70286,62006,96503,2014-03-26,6,37,131,8,1.156085303,136674,12,11.8253611237632,11.60947124474278,11.16034213893475,11.035002560879946,11.47733973724522,11.8253611237632,3.646319839608184,4.882801922586371,2.1972245773362196,2.5649493574615367,115.6085303,Unknown,Available,Available
39208,,2010-08-29,Male,4,NEYAGAWA,OSAKAFU,JP,48,2014-03-31,53,115183,105558,50750,134627,2014-02-16,45,12,76,8,0.828407972,127389,14,11.755008526103833,11.654286128709083,11.50973744102895,10.834686601143401,11.810270698332966,11.755008526103833,2.6266176393621508,4.343805421853684,2.1972245773362196,2.70805020110221,82.84079720000001,Unknown,Available,Available
13798,2011-06-01,2011-08-20,Male,6,guiyang,guizhou,CN,46,2014-03-31,61,103492,34988,53234,83245,2014-03-31,1,12,55,2,1.337276713,119626,7,11.692133847528767,11.547259256550115,10.46278900535916,10.882471353748706,11.329555358640297,11.692133847528767,2.5764217586237734,4.02535169073515,1.0986122886681096,2.0794415416798357,133.7276713,Available,Available,Available
58411,2009-12-12,2010-04-15,Male,6,MENAI,SYDNEY,AU,61,2014-03-31,17,135654,30570,89477,105377,2014-03-31,1,43,175,2,1.056396083,159060,3,11.977043055427112,11.817870176972837,10.327807126158824,11.401748063990837,11.56530916464979,11.977043055427112,3.784189633918261,5.170483995038151,1.0986122886681096,1.3862943611198906,105.6396083,Available,Available,Available
13846,,2011-08-28,Male,6,Ibaraki-shi,Osaka,JP,52,2014-03-31,48,122774,70248,98233,119036,2014-03-28,4,15,85,3,0.934725209,160863,12,11.988314566492301,11.718108690907446,11.159801352219231,11.495107666597253,11.68718964813645,11.988314566492301,2.780535783655268,4.454347296253507,1.3862943611198906,2.5649493574615367,93.4725209,Unknown,Available,Available
27945,,2007-05-22,Male,6,shenzhen,guangdong,CN,66,2014-03-31,26,121499,19055,83018,94249,,22,23,90,0,1.178456641,133391,4,11.801047440650395,11.70766954176274,9.855137291595081,11.326824776244193,11.453706105310257,11.801047440650395,3.1945831322991562,4.51085950651685,0.0,1.6094379124341003,117.8456641,Unknown,Available,Unknown
54719,2006-03-11,2006-03-21,Male,6,guangzhou,guangdong,CN,67,2014-03-31,43,107284,51220,45960,79426,,31,16,72,5,1.395587087,118207,8,11.680201063558911,11.583244123879181,10.843904883186518,10.735548489776468,11.282593639809035,11.680201063558911,2.8703310068507752,4.290459441148391,1.791759469228055,2.1972245773362196,139.5587087,Available,Available,Unknown
4234,2009-08-07,2010-01-17,Male,4,guangzhou,guangdong,CN,37,2014-03-31,87,108443,48404,52189,115134,2014-01-31,61,7,49,3,0.962306964,125094,9,11.73682872763068,11.593989189689957,10.787358393154172,10.862646184637459,11.65386063189172,11.73682872763068,2.1670583555638894,3.912023005428146,1.3862943611198906,2.302585092994046,96.2306964,Available,Available,Available
13056,,2010-08-22,Male,6,.,beijing,CN,44,2014-03-31,114,105733,41316,61096,124499,2014-03-31,1,6,47,8,0.889901525,127374,15,11.754890770525027,11.568681785225083,10.629029316531945,11.020218044117916,11.732060994886899,11.754890770525027,2.006014073180971,3.8712010109078907,2.1972245773362196,2.772588722239781,88.9901525,Unknown,Available,Available
38816,,2010-02-24,Male,6,shanghai,shanghai,CN,41,2014-03-31,54,100418,19260,49351,75651,,20,13,42,2,1.462917873,112327,9,11.629178441794478,11.517106711363452,9.865837605084222,10.806733570889474,11.233899156408345,11.629178441794478,2.6656546420951543,3.7612001156935624,1.0986122886681096,2.302585092994046,146.2917873,Unknown,Available,Unknown
22490,2009-12-09,,Male,5,guangzhou,guangdong,CN,35,2014-03-31,68,101037,60323,32647,163454,,20,10,53,10,0.676618926,114009,21,11.644041442827765,11.523251962687532,11.007485313480576,10.393538877085641,12.004293002079097,11.644041442827765,2.450747731375652,3.9889840465642745,2.3978952727983707,3.091042453358316,67.6618926,Available,Unknown,Unknown
47762,,2007-11-29,Male,6,.,beijing,CN,41,2014-03-31,112,102265,59906,38596,134757,2014-03-26,6,6,51,3,0.82046172,116267,7,11.663653150173005,11.535332540881056,11.000548638711502,10.560929832225296,11.811235856211189,11.663653150173005,2.0143022394427685,3.9512437185814275,1.3862943611198906,2.0794415416798357,82.046172,Unknown,Available,Available
30223,2008-10-12,,Male,5,.,beijing,CN,47,2014-03-31,73,92708,37975,30151,163958,2014-03-19,13,9,32,1,0.673120738,121394,34,11.706804970597911,11.437220834219913,10.544709660231154,10.314006534946971,12.007371675551127,11.706804970597911,2.383909030803144,3.4965075614664802,0.6931471805599453,3.5553480614894135,67.31207380000001,Available,Unknown,Available
35584,2007-06-12,,Male,6,wusu,xinjiang,CN,47,2014-03-31,49,96919,31965,66444,80641,2014-02-23,38,14,72,2,1.368281891,109619,5,11.604775118600108,11.481641174930463,10.3724281169286,11.104129816765608,11.297774884584943,11.604775118600108,2.7122082112508736,4.290459441148391,1.0986122886681096,1.791759469228055,136.8281891,Available,Unknown,Available
4835,,2012-08-30,Male,5,ISEHARA,KANGAWA,JP,63,2014-03-31,40,117052,45368,87535,127004,2014-03-30,2,14,35,5,0.868515165,150496,16,11.921698429417575,11.67038210266323,10.722584331418851,11.379805416303608,11.751981734744488,11.921698429417575,2.7613073777433264,3.58351893845611,1.791759469228055,2.833213344056216,86.8515165,Unknown,Available,Available
38084,,2005-04-15,Male,6,guangzhou,guangdong,CN,40,2014-03-31,82,103735,36622,61778,135413,2014-03-27,5,8,46,0,0.81353969,116936,3,11.669390607218956,11.54960448922872,10.50843173731979,11.031318779873457,11.816092031456387,11.669390607218956,2.2901625730079886,3.8501476017100584,0.0,1.3862943611198906,81.353969,Unknown,Available,Available
49017,,,Male,6,beijingshi,beijing,CN,42,2014-03-31,154,103214,45721,51975,129582,2014-03-31,1,4,20,6,0.848141331,132891,15,11.79729204725369,11.54456947030469,10.730334861483916,10.858537352560367,11.772076881456895,11.79729204725369,1.741497634457476,3.044522437723423,1.9459101490553132,2.772588722239781,84.8141331,Unknown,Unknown,Available
29375,,,Male,5,guangzhou,guangdong,CN,44,2014-03-31,58,98689,24167,53845,145294,2014-03-19,13,12,61,2,0.755701956,154953,31,11.95088357766166,11.499738903166053,10.092784723066508,10.893883399417065,11.886521437403998,11.95088357766166,2.568989767079187,4.127134385045092,1.0986122886681096,3.4657359027997265,75.5701956,Unknown,Unknown,Available
46350,2008-08-12,2008-08-15,Male,5,shunde,guangdong,CN,50,2014-03-31,52,99653,49712,49210,97731,2014-03-30,2,14,81,1,1.120337764,108555,5,11.595021447846133,11.509459465327053,10.814021747297904,10.803872454726505,11.489984317668661,11.595021447846133,2.7223268871625015,4.406719247264253,0.6931471805599453,1.791759469228055,112.03377640000001,Available,Available,Available
58999,2010-11-10,,Male,6,nansha,guangdong,CN,61,2014-03-31,43,108062,34940,62864,78765,2014-03-24,8,14,68,2,1.388142957,120960,6,11.703223458574953,11.590469669366938,10.461416203770762,11.048744849027281,11.27423671065389,11.703223458574953,2.7696080939523897,4.23410650459726,1.0986122886681096,1.9459101490553132,138.8142957,Available,Unknown,Available
1294,2009-02-09,2010-07-18,Male,6,guangzhou,guangdong,CN,35,2014-03-31,105,108717,47407,58699,138593,2014-03-28,4,6,44,1,0.788873392,136997,51,11.827721606163557,11.596512652776497,10.766546269813347,10.980195005816189,11.839304074757608,11.827721606163557,2.0770348016781868,3.8066624897703196,0.6931471805599453,3.9512437185814275,78.8873392,Available,Available,Available
728,2006-01-10,,Male,6,luoyang,henan,CN,51,2014-03-31,97,99324,44371,55847,116461,2014-03-28,4,7,28,4,0.93836632,114037,6,11.644287005166753,11.5061525806828,10.70036391885855,10.930388993650237,11.665320318522031,11.644287005166753,2.148608009248116,3.367295829986474,1.6094379124341003,1.9459101490553132,93.836632,Available,Unknown,Available
55509,2010-06-09,,Male,6,guangzhou,guangdong,CN,49,2014-03-31,17,130108,44362,13970,121870,,112,38,322,5,0.896000164,137804,6,11.833594921373676,11.776127839663665,10.700161067671738,9.544739031650487,11.710718387248724,11.833594921373676,3.6635616461296463,5.675121665433755,1.791759469228055,1.9459101490553132,89.6000164,Available,Unknown,Unknown
49453,,2010-02-26,Male,4,kelamayi,xinjiang,CN,62,2014-03-31,32,100770,40430,50658,77106,,59,21,132,0,1.416159832,108091,1,11.590737995338337,11.52060589481358,10.60735209643727,10.832872183921442,11.252949346610436,11.590737995338337,3.107042794719187,4.890349128221754,0.0,0.6931471805599453,141.6159832,Unknown,Available,Unknown
31394,,2010-06-19,Female,5,guangzhoushi,guangdong,CN,40,2014-03-31,37,120053,27428,49234,119320,2014-03-27,5,20,145,8,0.914270784,154506,26,11.947994681736951,11.695696920544547,10.219356126832537,10.804360031681902,11.68957261941824,11.947994681736951,3.0471644473973436,4.983606621708336,2.1972245773362196,3.295836866004329,91.4270784,Unknown,Available,Available
35877,,,Male,5,changchun,jilin,CN,44,2014-03-31,86,87887,39027,31496,159612,2014-03-27,5,8,56,4,0.682643911,96122,7,11.473383900349619,11.383818555582401,10.57203461622784,10.35764758218305,11.980507414314763,11.473383900349619,2.248191020897191,4.04305126783455,1.6094379124341003,2.0794415416798357,68.2643911,Unknown,Unknown,Available
59627,,2012-04-26,Female,6,changchunshi,jilinsheng,CN,60,2014-03-31,62,87257,41195,50309,139995,2014-03-19,13,11,40,0,0.778110575,93217,1,11.442696115073106,11.376624526405765,10.626096443245693,10.825959143485365,11.849369129754699,11.442696115073106,2.5145185040203213,3.713572066704308,0.0,0.6931471805599453,77.8110575,Unknown,Available,Available
23026,,2010-12-16,Male,5,beijing,beijing,CN,49,2014-03-31,67,109523,31267,60138,127081,2014-03-21,11,10,62,0,0.856602875,120524,3,11.699612479273823,11.603898982304878,10.35035048934022,11.004413828535968,11.752587826377331,11.699612479273823,2.4264104432670344,4.143134726391533,0.0,1.3862943611198906,85.6602875,Unknown,Available,Available
9716,,2006-08-25,Male,6,guangzhou,guangdong,CN,39,2014-03-31,84,97866,66828,36106,129836,2014-03-24,8,8,39,8,0.837625235,115208,36,11.65450314919233,11.491364693043138,11.109892397053347,10.494242031340844,11.774035096561096,11.65450314919233,2.2695141061314836,3.6888794541139363,2.1972245773362196,3.6109179126442243,83.7625235,Unknown,Available,Available
21656,,2009-02-25,Male,6,jilinshi,jilin,CN,45,2014-03-31,117,111270,41699,47384,132853,2014-03-24,8,6,49,2,0.816301476,135113,6,11.813874145522394,11.61972394625974,10.638256407786892,10.766061001904296,11.797006059880342,11.813874145522394,1.9762338793305418,3.912023005428146,1.0986122886681096,1.9459101490553132,81.6301476,Unknown,Available,Available
4004,2009-06-10,,Male,6,.,beijing,CN,48,2014-03-31,122,101676,14624,33099,129272,2014-03-30,2,5,28,8,0.837572715,128331,13,11.762375934937449,11.529556401100773,9.590487672100057,10.407288561365155,11.769681726249368,11.762375934937449,1.9411764124395154,3.367295829986474,2.1972245773362196,2.639057329615259,83.7572715,Available,Unknown,Available
18838,2006-05-04,,Male,5,guangzhou,guangdong,CN,41,2014-03-31,87,96332,50996,47262,131029,,24,8,82,1,0.82610529,129028,40,11.767792464280232,11.47556621821286,10.839522086446879,10.763483027355077,11.783181583598632,11.767792464280232,2.2214759254292598,4.418840607796598,0.6931471805599453,3.713572066704308,82.610529,Available,Unknown,Unknown
35464,,2009-01-20,Male,6,shenyang,liaoning,CN,51,2014-03-31,73,98955,47665,37695,75413,2014-03-30,2,9,59,17,1.434756209,109357,23,11.602382183008215,11.502430585877576,10.771973634462144,10.537309267011258,11.230748213152893,11.602382183008215,2.3500516302223735,4.0943445622221,2.8903717578961645,3.1780538303479458,143.4756209,Unknown,Available,Available
8434,2005-09-09,,Male,6,dalian,liaoning,CN,43,2014-03-31,97,90928,28621,43362,113939,2014-03-24,8,7,38,6,0.949395993,109559,13,11.604227623377014,11.417834261188904,10.261930931870822,10.677361821912017,11.643427273034387,11.604227623377014,2.1425141450957907,3.6635616461296463,1.9459101490553132,2.639057329615259,94.9395993,Available,Unknown,Available
4446,,2010-02-24,Male,5,foshan,guangdong,CN,40,2014-03-31,93,90486,37117,57675,150612,2014-03-27,5,7,64,4,0.7180637,106081,5,11.571967658937284,11.412961472961044,10.52185730613825,10.962596421426538,11.922468912003596,11.571967658937284,2.180171788958414,4.174387269895637,1.6094379124341003,1.791759469228055,71.80637,Unknown,Available,Available
54,,,Male,6,guangzhou,guangdong,CN,49,2014-03-31,83,104436,47411,48809,134621,2014-03-24,8,8,26,6,0.801739699,195726,44,12.184476110142606,11.556339297773926,10.766630640199391,10.795690488881194,11.810226130087832,12.184476110142606,2.28038936061473,3.295836866004329,1.9459101490553132,3.8066624897703196,80.1739699,Unknown,Unknown,Available
49682,,2010-09-16,Male,6,guangzhou,guangzhou,CN,45,2014-03-31,105,101488,44102,60589,145865,2014-03-21,11,6,22,2,0.737595174,123198,8,11.721556213165497,11.527705697206814,10.694283086332076,11.011885141939034,11.890443671027443,11.721556213165497,2.0452083700674444,3.1354942159291497,1.0986122886681096,2.1972245773362196,73.7595174,Unknown,Available,Available
38902,,,Male,5,shantou,guangdong,CN,40,2014-03-31,27,77236,19156,20112,164336,,56,25,128,0,0.654476682,82693,0,11.322902326989235,11.254633895808874,9.860423463065102,9.909121651153221,12.009674476481026,11.322902326989235,3.278595059627794,4.859812404361672,0.0,0.0,65.4476682,Unknown,Unknown,Unknown
18679,,2005-12-21,Female,5,dongguan,guangdong,CN,41,2014-03-31,24,115157,26478,46096,110964,,31,29,197,0,0.968107765,120352,0,11.698184370195927,11.654060377433932,10.1841072449874,10.738503150945302,11.61697011525683,11.698184370195927,3.409855444563316,5.288267030694535,0.0,0.0,96.81077649999999,Unknown,Available,Unknown
18811,2006-04-06,,Male,6,guangzhou,guangdong,CN,53,2014-03-31,137,100494,42196,65102,122439,2014-03-30,2,5,27,6,0.874927107,131242,12,11.784805845698264,11.517863253999852,10.650104407449692,11.083725910084183,11.71537639305935,11.784805845698264,1.8466003849090797,3.332204510175204,1.9459101490553132,2.5649493574615367,87.4927107,Available,Unknown,Available
42861,2012-09-02,,Male,6,guangzhou,guangdong,CN,55,2014-03-31,57,105657,31607,66773,90144,,22,9,58,0,1.187537496,116260,1,11.66359294262898,11.567962741900127,10.361165532091226,11.10906906220148,11.409174763976301,11.66359294262898,2.3732432437867472,4.07753744390572,0.0,0.6931471805599453,118.7537496,Available,Unknown,Unknown
22286,2009-12-05,,Male,5,guangzhou,guangdong,CN,44,2014-03-31,50,101119,51665,42669,89115,2014-03-25,7,14,46,12,1.201031476,253332,69,12.442460107804065,11.524063209380685,10.85255520392422,10.661251376182046,11.397694170850414,12.271620155461939,2.7584587502180633,3.8501476017100584,2.5649493574615367,4.248495242049359,120.1031476,Available,Unknown,Available
23172,,2011-05-27,Male,4,ADACHI-KU,TOKYO-TO,JP,46,2014-03-31,45,101070,52963,39787,139898,2014-03-24,8,16,72,0,0.765013009,108694,7,11.59630107389128,11.52357851915254,10.877367716459647,10.591320638272304,11.848676012665194,11.59630107389128,2.854378155038835,4.290459441148391,0.0,2.0794415416798357,76.5013009,Unknown,Available,Available
23537,,,Male,6,dalian,liaoning,CN,38,2014-03-31,109,99959,39912,42311,122024,2014-03-31,1,6,89,4,0.877036239,109570,7,11.604328019943535,11.512525384948889,10.594457364348266,10.652826012745816,11.711981220755348,11.604328019943535,2.035673467846267,4.499809670330265,1.6094379124341003,2.0794415416798357,87.70362390000001,Unknown,Unknown,Available
12880,,2009-12-15,Male,6,.,beijing,CN,44,2014-03-31,46,98105,39174,52936,80830,2014-03-14,18,15,64,0,1.32374168,105241,2,11.564017739154572,11.493803805762642,10.575794067224221,10.87685780624945,11.300115834295553,11.564017739154572,2.8094026953624973,4.174387269895637,0.0,1.0986122886681096,132.374168,Unknown,Available,Available
28325,,,Male,6,guangzhoushi,guangdong,CN,38,2014-03-31,77,100019,33898,57743,139876,2014-03-15,17,9,85,11,0.763144213,190868,44,12.159342607842193,11.513125444972895,10.431140794408378,10.96377472688257,11.848518743992791,12.159342607842193,2.3412996051646093,4.454347296253507,2.4849066497880004,3.8066624897703196,76.3144213,Unknown,Unknown,Available
857,2006-10-01,2006-11-21,Male,6,foshan,guangdong,CN,45,2014-03-31,60,93504,37442,40801,154736,2014-03-27,5,12,60,3,0.689844509,125963,36,11.743751430823798,11.44577018978282,10.530575055586564,10.616486378798674,11.949482180556066,11.743751430823798,2.5817564755471487,4.110873864173311,1.3862943611198906,3.6109179126442243,68.9844509,Available,Available,Available
14124,2012-06-12,,Male,6,FUJIEDA-SHI,SHIZUOKA-KEN,JP,57,2014-03-31,66,83257,33386,69207,151383,2014-03-26,6,10,67,1,0.705022823,111918,16,11.625530674345908,11.329699499321853,10.415921881641534,11.14487174186021,11.927574934083886,11.625530674345908,2.4020822995007762,4.219507705176107,0.6931471805599453,2.833213344056216,70.50228229999999,Available,Unknown,Available
55273,2007-04-03,,Male,5,guangzhou,guangdong,CN,38,2014-03-31,77,93322,40464,53056,144030,2014-03-28,4,9,50,3,0.74088551,104047,6,11.552607610108932,11.443821873068284,10.608192681929802,10.879122086326996,11.87778383316698,11.552607610108932,2.334950377455313,3.9318256327243257,1.3862943611198906,1.9459101490553132,74.088551,Available,Unknown,Available
26641,2006-03-04,,Male,6,shenyang,liaoning,CN,46,2014-03-31,77,99575,51690,46104,80208,2014-03-16,16,9,53,4,1.325833583,125917,30,11.74338618042471,11.508676450680813,10.853038964104712,10.738676682973242,11.292391007009845,11.74338618042471,2.336223452127608,3.9889840465642745,1.6094379124341003,3.4339872044851463,132.58335830000001,Available,Unknown,Available
62340,,2010-11-24,Male,6,shanshanxian,xinjiang,CN,47,2014-03-31,28,97678,29878,53430,77108,2014-03-19,13,26,160,0,1.378992322,104698,2,11.55884484571464,11.489441871221945,10.304911171484573,10.886146380853784,11.252975284256337,11.55884484571464,3.297207668247697,5.081404364984463,0.0,1.0986122886681096,137.8992322,Unknown,Available,Available
59295,2011-05-08,2011-05-19,Male,4,MONTREUJL,Unknown,FR,48,2014-03-31,34,100143,19661,36215,143761,,113,18,136,3,0.739229694,103589,3,11.548196079052147,11.514364429164482,9.88644311792687,10.497256289115795,11.87591443343635,11.548196079052147,2.964960614684112,4.919980925828125,1.3862943611198906,1.3862943611198906,73.9229694,Available,Available,Unknown
20660,2007-06-11,,Male,5,guangzhou,guangdong,CN,48,2014-03-31,62,96769,35596,47825,141413,2014-03-23,9,11,71,0,0.751386294,130961,8,11.782662483767133,11.480092307874989,10.480016643626312,10.775324703655977,11.859447037444443,11.782662483767133,2.4984753793040424,4.276666119016055,0.0,2.1972245773362196,75.1386294,Available,Unknown,Available
55480,,,Male,6,guangzhou,guangdong,CN,44,2014-03-31,53,100971,34624,59271,73717,2014-02-27,34,13,66,0,1.440717609,110170,3,11.6097889831741,11.522598529665915,10.45233124348964,10.989892298096493,11.208002281735874,11.6097889831741,2.6567569067146595,4.204692619390966,0.0,1.3862943611198906,144.07176090000002,Unknown,Unknown,Available
59920,,2011-09-18,Male,6,guiyang,guizhou,CN,41,2014-03-31,37,95805,42810,47853,72741,2014-03-28,4,20,101,0,1.459011837,110980,6,11.617114294471843,11.470080592477911,10.664550357894438,10.775909987953622,11.194674213351336,11.617114294471843,3.0524276173880165,4.624972813284271,0.0,1.9459101490553132,145.9011837,Unknown,Available,Available
1069,2007-02-10,,Male,5,guangzhoushi,guangdong,CN,37,2014-03-31,94,98556,60023,40236,126174,2014-01-27,65,7,43,0,0.839762709,107518,4,11.585422855118487,11.498390339992403,11.002499761225565,10.602542249310535,11.745425111208464,11.585422855118487,2.094118256109014,3.784189633918261,0.0,1.6094379124341003,83.9762709,Available,Unknown,Available
54078,,2007-06-21,Male,6,shenzhen,guangdong,CN,53,2014-03-31,48,101229,31580,65783,74411,2014-03-22,10,14,132,4,1.423607397,113717,19,11.641476978554355,11.525150434592797,10.360310952919434,11.094131926650732,11.217372498137879,11.641476978554355,2.7221349411517815,4.890349128221754,1.6094379124341003,2.995732273553991,142.3607397,Unknown,Available,Available
40506,,2010-08-24,Male,6,guangzhou,guangdong,CN,40,2014-03-31,52,99625,51894,46911,73647,2014-03-27,5,13,67,0,1.430674841,108415,4,11.59373095857167,11.509178453683294,10.856977725399389,10.756028785246324,11.207052266057023,11.59373095857167,2.686913350806245,4.219507705176107,0.0,1.6094379124341003,143.0674841,Unknown,Available,Available
13936,2011-05-11,,Male,5,KASAI,HYOGO,JP,46,2014-03-31,52,94800,49124,64055,135689,2014-03-31,1,14,37,0,0.776371777,118323,9,11.681181903439349,11.459535236710686,10.802123349171563,11.06751297975247,11.818128151139998,11.681181903439349,2.726185412889683,3.6375861597263857,0.0,2.302585092994046,77.63717770000001,Available,Unknown,Available
35484,2005-11-02,,Male,5,Unknown,Unknown,CN,40,2014-03-31,59,83991,47635,29538,127314,2014-02-28,33,11,81,4,0.827179729,98386,8,11.496663960491407,11.338476835194777,10.771344056887887,10.293466703108844,11.754419609497031,11.496663960491407,2.5609626410579285,4.406719247264253,1.6094379124341003,2.1972245773362196,82.7179729,Available,Unknown,Available
35960,,2008-03-29,Male,5,wulumuqi,xinjiang,CN,48,2014-03-31,72,85509,37631,33139,149171,2014-03-23,9,9,42,2,0.705943112,103324,11,11.545634639379934,11.35638860715,10.5356100312583,10.408496290980555,11.912855281579716,11.545634639379934,2.3901831523352572,3.7612001156935624,1.0986122886681096,2.4849066497880004,70.5943112,Unknown,Available,Available
12353,,2008-05-19,Male,5,guangzhou,guangdong,CN,47,2014-03-31,47,102813,54943,38925,76753,2014-03-19,13,15,66,10,1.37078264,107098,11,11.581508919324088,11.540676809501054,10.914069763697203,10.56941768680252,11.24836078135523,11.581508919324088,2.803360380906535,4.204692619390966,2.3978952727983707,2.4849066497880004,137.07826400000002,Unknown,Available,Available
20117,,2005-08-19,Male,6,shenzhenshi,guangdongsheng,CN,43,2014-03-31,107,71431,76142,18622,169750,2014-03-23,9,6,59,6,0.619739087,83578,22,11.333547571345502,11.176501227197052,11.240368430263516,9.832152654931505,12.04208793641979,11.333547571345502,2.0531556793846977,4.0943445622221,1.9459101490553132,3.1354942159291497,61.9739087,Unknown,Available,Available
26045,2011-07-11,2011-07-31,Male,6,shenyang,liaoning,CN,37,2014-03-31,96,94014,17453,19313,136246,,23,7,30,9,0.771855467,102555,13,11.538164269833853,11.451209622989575,9.767324127723256,9.868585500526864,11.822224693934459,11.538164269833853,2.119421076110223,3.4339872044851463,2.302585092994046,2.639057329615259,77.1855467,Available,Available,Unknown
28722,,2012-05-16,Male,5,Unknown,shanghai,CN,55,2014-03-31,132,89265,63903,45649,151273,2014-03-27,5,5,37,2,0.694012613,102474,5,11.537374145372539,11.399375955283316,11.065137236215541,10.728758886023115,11.926848040991066,11.537374145372539,1.824303016889098,3.6375861597263857,1.0986122886681096,1.791759469228055,69.40126129999999,Unknown,Available,Available
5039,,2011-01-19,Male,6,guangzhoushi,guangdong,CN,46,2014-03-31,168,101692,55550,56052,130985,2014-03-30,2,4,22,5,0.800659159,135829,21,11.819159382816537,11.529713749775928,10.925056796705926,10.934052950707574,11.78284572624325,11.819159382816537,1.675472320112806,3.1354942159291497,1.791759469228055,3.091042453358316,80.0659159,Unknown,Available,Available
23074,2011-12-05,,Male,5,AKAIWA CITY,OKAYAMA,JP,35,2014-03-31,49,109318,71197,62204,125237,2014-03-15,17,14,46,0,0.837061811,125667,6,11.741398787785327,11.60202549254316,11.173220007117898,11.038190661348592,11.737971205973961,11.741398787785327,2.7594823749455624,3.8501476017100584,0.0,1.9459101490553132,83.7061811,Available,Unknown,Available
47095,2004-12-02,,Male,4,dongguan,guangdong,CN,45,2014-03-31,12,123044,45211,21663,103960,2013-11-17,136,52,135,4,1.00799115,134703,9,11.810835057577446,11.72030542110496,10.719117817310622,9.983407175712001,11.551771107793426,11.810835057577446,3.861673167219153,4.912654885736052,1.6094379124341003,2.302585092994046,100.799115,Available,Unknown,Available
9901,2006-12-06,,Male,4,zhongshan,guangdong,CN,46,2014-03-31,36,110218,67896,41913,109695,2014-03-19,13,20,69,7,0.954319431,179174,35,12.09611826086212,11.610224574632504,11.125747129949204,10.643375178979888,11.605468182517397,12.09611826086212,3.0553479832956403,4.248495242049359,2.0794415416798357,3.58351893845611,95.43194310000001,Available,Unknown,Available
28035,,2007-11-18,Female,6,PASADAERA,CA,US,41,2014-03-31,21,84105,22610,24889,137610,2014-01-15,77,30,104,1,0.760666667,107759,3,11.587661811084246,11.33983318705473,10.026191792511579,10.122221395361638,11.832186143146664,11.587661811084246,3.459466289786131,4.653960350157523,0.6931471805599453,1.3862943611198906,76.0666667,Unknown,Available,Available
48251,,2009-11-23,Male,5,NISHINOMIYA-CITY,HYOGO,JP,35,2014-03-31,60,80771,63520,44980,137654,,24,11,67,0,0.760252081,92496,6,11.43493149054214,11.299385649798714,11.059125838870145,10.713995457369334,11.832505833921223,11.43493149054214,2.543868207911678,4.219507705176107,0.0,1.9459101490553132,76.0252081,Unknown,Available,Unknown
20119,,,Male,6,guangzhoushi,guangdongsheng,CN,37,2014-03-31,84,97510,46317,49534,117382,2014-02-28,33,8,36,0,0.8915401,113250,11,11.637361873328372,11.487720471135004,10.743285933421767,10.81043476940713,11.673197371802424,11.637361873328372,2.2391704381088102,3.6109179126442243,0.0,2.4849066497880004,89.15401,Unknown,Unknown,Available
62776,2006-04-03,,Male,6,guangzhou,guangdongsheng,CN,45,2014-03-31,59,96177,24776,69531,97219,2014-03-25,7,12,149,0,1.075326325,103737,0,11.549623768752902,11.47395592027151,10.117671082478827,11.149542357241431,11.484731730599446,11.549623768752902,2.598850908983372,5.0106352940962555,0.0,0.0,107.5326325,Available,Unknown,Available
9635,,2006-04-17,Male,6,guangzhou,guangdong,CN,36,2014-03-31,118,92002,42743,56410,139566,2014-03-31,1,6,35,4,0.746258043,125292,39,11.738410273401813,11.429576464195177,10.662984113637608,10.9404194539302,11.84630005168115,11.738410273401813,1.9759785598432247,3.58351893845611,1.6094379124341003,3.6888794541139363,74.6258043,Unknown,Available,Available
30360,,,Male,6,.,beijing,CN,36,2014-03-31,49,101011,58598,36946,78417,,27,14,77,0,1.327684941,107578,4,11.585980740375962,11.522994600647012,10.978472910573082,10.517239732281821,11.269808771823062,11.585980740375962,2.7502046406431946,4.356708826689592,0.0,1.6094379124341003,132.7684941,Unknown,Unknown,Unknown
60904,,2012-09-13,Male,5,shanghai,shanghai,CN,54,2014-03-31,74,93930,11024,33906,113789,2014-03-28,4,7,38,0,0.91433425,107945,1,11.589386381064674,11.450315749157804,9.307920700315046,10.431376761728,11.642109923351054,11.589386381064674,2.1631655577458755,3.6635616461296463,0.0,0.6931471805599453,91.433425,Unknown,Available,Available
15271,2011-12-10,,Male,5,guangzhou,guangdong,CN,36,2014-03-31,64,93346,40954,43036,139827,2014-03-25,7,11,67,2,0.744006522,102891,3,11.541435173415945,11.444079011335088,10.620229181949702,10.669815489804096,11.848168374850292,11.541435173415945,2.486228527389377,4.219507705176107,1.0986122886681096,1.3862943611198906,74.4006522,Available,Unknown,Available
35677,2007-08-08,,Male,6,yanji,jilin,CN,51,2014-03-31,47,95797,47345,37692,71121,2014-03-13,19,15,111,2,1.461826465,98729,3,11.500144130605495,11.469997086914306,10.76523761774909,10.537229679803534,11.172151991277198,11.500144130605495,2.792764255488089,4.718498871295094,1.0986122886681096,1.3862943611198906,146.1826465,Available,Unknown,Available
55032,2006-11-08,2007-02-22,Male,6,shenzhenshi,guangdong,CN,66,2014-03-31,46,100500,43725,47450,71012,2014-03-31,1,16,78,7,1.462023883,108871,9,11.597928159240153,11.51792295668052,10.685698169836833,10.767452878631598,11.1706182378545,11.597928159240153,2.843616558946468,4.3694478524670215,2.0794415416798357,2.302585092994046,146.2023883,Available,Available,Available
8631,,,Male,6,.,beijing,CN,37,2014-03-31,115,99568,36691,54489,115562,2014-03-25,7,6,33,2,0.8967864,111679,5,11.623392917996199,11.508606150145999,10.510314026629546,10.905772477577145,11.657571114783181,11.623392917996199,1.9731058918442912,3.5263605246161616,1.0986122886681096,1.791759469228055,89.67864,Unknown,Unknown,Available
44368,2010-10-02,2010-10-19,Male,5,wulumuqi,xinjiang,CN,51,2014-03-31,28,95644,18150,68339,72232,2014-03-19,13,26,201,0,1.434513512,108013,5,11.590016127334792,11.468398699586754,9.806480934593978,11.132250525669283,11.187652284171028,11.590016127334792,3.306751026320693,5.308267697401205,0.0,1.791759469228055,143.4513512,Available,Available,Available
13156,,,Male,5,Sittard,LIMBURG,NL,45,2014-03-31,12,123570,59690,5850,100421,2013-04-16,351,34,141,4,1.029644795,128179,9,11.761190805058218,11.724571168644596,10.996936534247357,9.077809308899132,11.517136585741692,11.761190805058218,3.5682514661971165,4.955827057601261,1.6094379124341003,2.302585092994046,102.96447950000001,Unknown,Unknown,Available
17660,,2006-07-23,Male,5,beijing,shanghai,CN,54,2014-03-31,65,93737,64866,9477,93221,2014-03-24,8,11,127,3,1.107523948,101636,10,11.52916292105989,11.448258935639958,11.080094298798874,9.156728602527533,11.442739024320057,11.52916292105989,2.501692066480014,4.852030263919617,1.3862943611198906,2.3978952727983707,110.7523948,Unknown,Available,Available
13485,2009-12-12,,Male,6,beijing,beijing,CN,46,2014-03-31,24,99183,32740,27950,183418,2014-01-26,66,28,198,0,0.562442563,118071,1,11.679049886861613,11.5047319899417,10.396383394136135,10.238208256118535,12.119528432129913,11.679049886861613,3.3747641244451905,5.293304824724492,0.0,0.6931471805599453,56.244256299999996,Available,Unknown,Available
12275,2008-08-08,2009-05-16,Male,5,changji,xinjiang,CN,38,2014-03-31,50,87482,22503,61558,135574,2014-03-28,4,14,90,0,0.760115583,95632,2,11.468273227760243,11.379199767755505,10.021448350169694,11.027751343506385,11.817280271709262,11.468273227760243,2.7134776226345982,4.51085950651685,0.0,1.0986122886681096,76.0115583,Available,Available,Available
19306,,,Male,6,guangzhoushi,guangdongsheng,CN,37,2014-03-31,98,91408,40583,50646,141053,2014-03-27,5,7,29,2,0.728867305,108302,15,11.592688133436447,11.423099220865893,10.611129179246525,10.832635277912791,11.856898074766077,11.592688133436447,2.1309281163125564,3.4011973816621555,1.0986122886681096,2.772588722239781,72.8867305,Unknown,Unknown,Available
29309,2005-09-04,2005-10-31,Male,5,shenzhen,guangdong,CN,62,2014-03-31,46,95650,20760,66177,73338,2014-03-31,1,15,108,5,1.398998609,106539,9,11.57627578047099,11.468461429596811,9.940831505676549,11.100103360408495,11.202847806408279,11.57627578047099,2.8107404880704676,4.6913478822291435,1.791759469228055,2.302585092994046,139.8998609,Available,Available,Available
13084,,,Male,4,guangzhou,guangdong,CN,43,2014-03-31,61,94381,31319,55919,114031,2014-03-15,17,7,80,2,0.899280547,110505,4,11.612825097108361,11.455105655986136,10.35201215010474,10.931677376907691,11.644234389741651,11.612825097108361,2.169053700369523,4.394449154672439,1.0986122886681096,1.6094379124341003,89.9280547,Unknown,Unknown,Available
24151,2011-11-10,,Male,4,.,beijing,CN,41,2014-03-31,28,101629,50685,45803,82659,,84,22,97,0,1.238878525,109303,2,11.601888270018323,11.529094046131812,10.83340501732494,10.73212670253323,11.322491088065723,11.601888270018323,3.1593616975244725,4.584967478670572,0.0,1.0986122886681096,123.88785250000001,Available,Unknown,Unknown
33114,,2012-01-16,Male,5,NISKAYUNA,NW,US,57,2014-03-31,28,93334,39630,41970,73852,2014-01-24,68,24,87,6,1.386176542,95409,6,11.465938673745892,11.443950450466698,10.587366919275157,10.644734182586557,11.209831910018664,11.465938673745892,3.2321210514866423,4.477336814478207,1.9459101490553132,1.9459101490553132,138.6176542,Unknown,Available,Available
1816,2012-10-12,2012-12-27,Male,4,pasadena,California,US,61,2014-03-31,17,119314,19284,47976,104641,2014-03-17,15,27,153,2,0.978310605,130467,3,11.778883264947849,11.689522333627316,9.867082870642328,10.778477008386329,11.55830027965822,11.778883264947849,3.3629761688419575,5.0369526024136295,1.0986122886681096,1.3862943611198906,97.8310605,Available,Available,Available
45720,,,Male,6,shenzhen,guangdong,CN,57,2014-03-31,51,96188,28324,44076,72274,2014-03-31,1,14,63,0,1.416135816,103673,4,11.549006639541176,11.474070285001552,10.251500085896208,10.693693383434516,11.188233566884547,11.549006639541176,2.731766727719526,4.1588830833596715,0.0,1.6094379124341003,141.6135816,Unknown,Unknown,Available
21127,,2008-04-25,Male,6,guangzhoushi,guangdong,CN,46,2014-03-31,85,89221,48193,46259,104969,2014-03-16,16,8,53,0,0.974864579,117399,13,11.673342186376134,11.398882924929552,10.782989810962448,10.74203293578543,11.561429874029843,11.673342186376134,2.2512917986064953,3.9889840465642745,0.0,2.639057329615259,97.4864579,Unknown,Available,Available
27683,,2006-01-25,Male,6,guangzhou,Unknown,CN,39,2014-03-31,128,83123,33043,62528,147767,2014-03-30,2,5,28,0,0.69244581,105816,5,11.569466466027903,11.328088747810606,10.405595285682397,11.043385728109781,11.903398755259156,11.569466466027903,1.9010492630516531,3.367295829986474,0.0,1.791759469228055,69.24458100000001,Unknown,Available,Available
5902,2012-09-08,,Female,4,nanning,guangxi,CA,48,2014-03-31,23,74222,12331,26042,157186,2014-03-18,14,25,108,0,0.650619648,78330,0,11.268698716780495,11.214829354169575,9.419952789006041,10.167504297059917,11.965191458356623,11.268698716780495,3.270260024283764,4.6913478822291435,0.0,0.0,65.0619648,Available,Unknown,Available
3012,,,Male,5,langfang,hebeisheng,CN,47,2014-03-31,78,100758,46383,37467,121231,2014-03-30,2,9,35,4,0.84343724,105849,5,11.569778276563012,11.520486805844055,10.744709851161437,10.531242514329021,11.705461344171155,11.569778276563012,2.3408063058517437,3.58351893845611,1.6094379124341003,1.791759469228055,84.343724,Unknown,Unknown,Available
30596,2009-01-05,,Male,5,guangzhou,guangdong,CN,35,2014-03-31,67,85419,38025,44616,135439,2014-03-31,1,11,70,8,0.754458243,105531,39,11.56676950344234,11.355335544395457,10.546025415269531,10.705870231302164,11.816284016807018,11.56676950344234,2.4849066497880004,4.2626798770413155,2.1972245773362196,3.6888794541139363,75.4458243,Available,Unknown,Available
29277,2005-08-11,,Male,6,guangzhou,guangdong,CN,52,2014-03-31,96,82200,40235,55499,131739,2014-03-31,1,7,40,2,0.775295546,101689,24,11.529684248785182,11.316922746420394,10.602517396254228,10.924138299734526,11.788585562194683,11.529684248785182,2.148083474444997,3.713572066704308,1.0986122886681096,3.2188758248682006,77.5295546,Available,Unknown,Available
13108,2011-04-03,,Male,5,fanyu,guangdong,CN,46,2014-03-31,118,88107,49601,43595,143796,,20,6,38,1,0.710068848,102158,4,11.534285702091559,11.386318613704049,10.81178643448073,10.682720682009203,11.8761578617427,11.534285702091559,1.9495664603095186,3.6635616461296463,0.6931471805599453,1.6094379124341003,71.00688480000001,Available,Unknown,Unknown
61975,,2012-07-17,Male,4,shenyang,liaoning,CN,34,2014-03-31,86,87404,32724,50951,128754,2014-02-13,48,6,29,4,0.792415925,99179,6,11.504691660043125,11.378307768245284,10.3958945907781,10.838639292051202,11.765666652723382,11.504691660043125,2.0511025833311125,3.4011973816621555,1.6094379124341003,1.9459101490553132,79.2415925,Unknown,Available,Available
14993,,2012-02-15,Male,5,hangzhou,zhejiang,CN,38,2014-03-31,36,109666,40288,36262,124032,2014-03-27,5,20,39,0,0.82250645,118753,3,11.684809405540113,11.605203780588457,10.603833757822766,10.498553216683446,11.728302938213382,11.684809405540113,3.054001181677967,3.6888794541139363,0.0,1.3862943611198906,82.250645,Unknown,Available,Available
57696,2009-07-01,,Female,5,guangzhou,guangdong,CN,48,2014-03-31,10,119401,38895,14400,99312,,83,64,298,9,1.025894957,122889,10,11.719044925278643,11.690251230219113,10.568646696555904,9.575052927597383,11.506031757879363,11.719044925278643,3.861673167219153,5.675121665433755,2.302585092994046,2.3978952727983707,102.5894957,Available,Unknown,Unknown
54913,,,Male,6,shenzhen,guangdong,CN,38,2014-03-31,34,91914,29850,57790,70486,2014-03-31,1,22,98,0,1.443316261,97520,2,11.487823018409387,11.428619515916973,10.303973619097128,10.96458833319395,11.163183574633992,11.487823018409387,3.140750469765552,4.59511985013459,0.0,1.0986122886681096,144.33162610000002,Unknown,Unknown,Available
8870,,2006-11-30,Male,5,hamishi,xinjiang,CN,45,2014-03-31,23,91469,27033,50407,74910,2014-03-30,2,32,88,0,1.357742091,92357,1,11.43342760883813,11.42376632865041,10.204850612043773,10.827905171621891,11.224056021205383,11.43342760883813,3.5006312787600815,4.48863636973214,0.0,0.6931471805599453,135.7742091,Unknown,Available,Available
37041,2007-02-01,2007-10-23,Male,5,guangzhoushi,guangdong,CN,36,2014-03-31,76,92928,36172,50322,138952,2014-03-27,5,9,101,3,0.731532688,102498,7,11.537608321415448,11.439591039705798,10.496068263171036,10.826217508039186,11.841891025437759,11.537608321415448,2.3520099763532945,4.624972813284271,1.3862943611198906,2.0794415416798357,73.1532688,Available,Available,Available
57507,,,Male,6,guangzhou,guangdong,CN,42,2014-03-31,45,74123,6302,59340,145724,2014-03-13,19,10,60,0,0.696498655,83520,0,11.332853376224865,11.2134946454839,8.856572917341328,10.991055745741916,11.889476562913751,11.332853376224865,2.458033631381262,4.110873864173311,0.0,0.0,69.64986549999999,Unknown,Unknown,Available
56362,,,Male,6,guangzhou,guangdong,CN,46,2014-03-31,111,81557,44278,53994,145458,2014-03-14,18,6,43,4,0.697522309,125285,57,11.738354402798118,11.309069702563303,10.698265803008391,10.89664672866686,11.887649538942703,11.738354402798118,2.007603717999603,3.784189633918261,1.6094379124341003,4.060443010546419,69.7522309,Unknown,Unknown,Available
48257,,2006-04-14,Male,6,guangzhou,guangdong,CN,51,2014-03-31,47,100941,45533,44024,82382,,25,15,59,3,1.230913428,108067,6,11.590515937602413,11.522301373448707,10.726214578631968,10.692512933364407,11.319134383932976,11.590515937602413,2.7780087896010124,4.0943445622221,1.3862943611198906,1.9459101490553132,123.0913428,Unknown,Available,Unknown
48173,,2006-01-30,Male,6,dalian,liaoning,CN,50,2014-03-31,84,96406,45822,45034,75766,2014-03-31,1,8,47,6,1.337146213,117216,10,11.671782196800681,11.476334092070244,10.732541427456502,10.715195244217844,11.235418120634911,11.671782196800681,2.2757214507207846,3.8712010109078907,1.9459101490553132,2.3978952727983707,133.7146213,Unknown,Available,Available
29181,,2005-03-27,Male,6,zhengzhou,henan,CN,42,2014-03-31,134,97927,47816,49952,116627,2014-03-31,1,5,34,6,0.867424696,118238,19,11.680463278771434,11.491987793755348,10.775136503787163,10.818837842333226,11.666744661291471,11.680463278771434,1.8677453762791478,3.5553480614894135,1.9459101490553132,2.995732273553991,86.7424696,Unknown,Available,Available
26942,,,Male,5,wulumuqishi,xinjiang,CN,34,2014-03-31,46,80692,32482,32065,130782,2014-03-29,3,15,91,1,0.771173327,84156,1,11.340439380948357,11.298407109479712,10.388472154542294,10.375551557748782,11.781294740139518,11.340439380948357,2.8227007635350287,4.5217885770490405,0.6931471805599453,0.6931471805599453,77.11733269999999,Unknown,Unknown,Available
10967,2004-11-01,2004-12-14,Male,5,guangzhoushi,guangdongsheng,CN,48,2014-03-31,96,82099,43721,50612,135009,2014-03-26,6,7,40,2,0.746628299,106832,32,11.57902214654508,11.31569329544052,10.685606686898337,10.831963739274084,11.813104128751291,11.57902214654508,2.144391162484046,3.713572066704308,1.0986122886681096,3.4965075614664802,74.6628299,Available,Available,Available
40676,2011-01-03,,Female,5,zhongqing,zhongqing,CN,42,2014-03-31,16,97667,57864,11330,107690,2013-12-29,94,41,169,3,0.936013465,100193,6,11.514863585600487,11.489329251115041,10.965867990282177,9.335297611380566,11.587021294193082,11.514863585600487,3.756538102587751,5.135798437050262,1.3862943611198906,1.9459101490553132,93.6013465,Available,Unknown,Available
29224,,2006-07-22,Male,6,Hong Kong,Hong Kong,HK,53,2014-03-31,83,88967,38488,44776,133367,2014-03-21,11,8,60,9,0.755460796,109371,20,11.602510194712316,11.396032033498678,10.55812776516606,10.709449893714698,11.800867503627867,11.602510194712316,2.2791416998115968,4.110873864173311,2.302585092994046,3.044522437723423,75.5460796,Unknown,Available,Available
38275,2005-09-03,,Male,6,guangzhou,guangdong,CN,48,2014-03-31,93,93241,62419,34893,109943,2014-03-29,3,7,27,2,0.91579564,104952,7,11.56126790988073,11.442953542941096,11.041641015824771,10.460070173639847,11.607726424234688,11.56126790988073,2.1740103400242843,3.332204510175204,1.0986122886681096,2.0794415416798357,91.579564,Available,Unknown,Available
59483,2011-07-01,,Male,4,LOS ANGELES,CA,US,47,2014-03-31,13,74436,11050,22500,159016,2014-03-26,6,42,96,0,0.632307692,83156,0,11.328485666285154,11.217708409030596,9.310276200588783,10.021315031649332,11.976766393726015,11.328485666285154,3.7689221617105497,4.574710978503383,0.0,0.0,63.230769200000005,Available,Unknown,Available
1843,,2012-10-26,Male,5,guangzhou,guangdong,CN,63,2014-03-31,36,104858,43700,65431,113253,2014-03-30,2,14,60,4,0.886428351,121007,9,11.703611938095811,11.56037186955616,10.685126264117057,11.08876671441481,11.63738836280984,11.703611938095811,2.765420233030953,4.110873864173311,1.6094379124341003,2.302585092994046,88.6428351,Unknown,Available,Available
18817,,,Male,5,guangzhou,guangdong,CN,42,2014-03-31,73,85933,48667,34173,123568,2014-03-21,11,10,59,5,0.810458452,137760,77,11.833275578636373,11.361334838740923,10.79277700890734,10.43922040000822,11.724554983486387,11.833275578636373,2.3978952727983707,4.0943445622221,1.791759469228055,4.356708826689592,81.0458452,Unknown,Unknown,Available
6031,,,Male,6,lushan,henan,CN,58,2014-03-31,98,97503,30393,68390,76759,2014-03-31,1,7,48,0,1.303309449,115510,3,11.657121042504365,11.487648681785435,10.32200049949355,11.132996516006004,11.248438950121637,11.657121042504365,2.0807293718205067,3.8918202981106265,0.0,1.3862943611198906,130.3309449,Unknown,Unknown,Available
18830,2006-05-05,,Male,6,guangzhou,guangdong,CN,45,2014-03-31,116,85578,49489,47863,140571,2014-03-29,3,6,37,6,0.710483528,102908,15,11.541600381554279,11.357195204929413,10.809525907945932,10.776118935069867,11.853475092011465,11.541600381554279,1.9920348296919863,3.6375861597263857,1.9459101490553132,2.772588722239781,71.0483528,Available,Unknown,Available
38123,,2005-05-29,Male,6,Unknown,Unknown,CN,59,2014-03-31,61,96888,69372,51785,81113,2014-03-15,17,11,45,0,1.230116011,105272,4,11.564312254986927,11.48132127234323,11.147253021804348,10.854875121447712,11.30361085159246,11.564312254986927,2.538973871321434,3.828641396489095,0.0,1.6094379124341003,123.01160110000001,Unknown,Available,Available
57758,,2010-07-22,Male,6,zhengzhou,henan,CN,55,2014-03-31,85,94883,47213,50416,70965,2014-03-19,13,8,45,2,1.401901923,113020,11,11.635328921136196,11.460410371858927,10.762445737763038,10.82808369877337,11.169956168087609,11.635328921136196,2.237411449569007,3.828641396489095,1.0986122886681096,2.4849066497880004,140.1901923,Unknown,Available,Available
2427,,2007-05-16,Male,5,shenzhen,guangdong,CN,60,2014-03-31,48,91673,11065,56480,68459,2014-03-22,10,14,68,0,1.453157218,100927,5,11.522162670322711,11.425994084780768,9.311632623458054,10.941659577392821,11.134004912084176,11.522162670322711,2.7483614271224406,4.23410650459726,0.0,1.791759469228055,145.3157218,Unknown,Available,Available
1231,,2007-10-31,Male,6,guangzhou,guangdong,CN,46,2014-03-31,104,79558,41424,42061,137698,2014-03-26,6,6,67,4,0.721752894,105830,24,11.569598761159636,11.2842541637587,10.631639842294764,10.646899999243624,11.832825422526252,11.569598761159636,2.06353906591537,4.219507705176107,1.6094379124341003,3.2188758248682006,72.1752894,Unknown,Available,Available
45721,,,Male,6,guangzhou,guangdong,CN,50,2014-03-31,57,92692,42496,49377,84129,2014-03-20,12,12,57,0,1.179321043,97939,0,11.49211032525631,11.437048236297132,10.657188764185747,10.807260259851311,11.34011850054486,11.49211032525631,2.6210388241125804,4.060443010546419,0.0,0.0,117.9321043,Unknown,Unknown,Available
18013,,,Female,6,wulumuqi,xinjiang,CN,52,2014-03-31,43,85695,20604,57612,130985,2014-03-23,9,16,100,0,0.757415506,95764,3,11.469652552736761,11.358561429050845,9.933289043772918,10.961503515663267,11.78284572624325,11.469652552736761,2.8824035884069876,4.61512051684126,0.0,1.3862943611198906,75.7415506,Unknown,Unknown,Available
53417,,2011-02-25,Male,6,guangzhou,guangdong,CN,44,2014-03-31,101,98015,64593,30441,117880,2014-03-20,12,7,78,0,0.841051069,126073,23,11.744624315126835,11.492886009632501,11.075876806200181,10.323578512839612,11.677430920018907,11.744624315126835,2.102913897864978,4.3694478524670215,0.0,3.1780538303479458,84.10510690000001,Unknown,Available,Available
56776,,2007-10-30,Female,5,guangzhou,guangdong,CN,48,2014-03-31,69,81919,38429,41072,141164,2014-03-30,2,10,96,3,0.702125684,88172,6,11.387056072680862,11.313498440273335,10.556593683558889,10.623106250301866,11.857684697960998,11.387056072680862,2.4474490873039905,4.574710978503383,1.3862943611198906,1.9459101490553132,70.2125684,Unknown,Available,Available
47838,,,Male,6,fushun,liaoning,CN,51,2014-03-31,71,92714,55597,36784,70069,2014-03-27,5,10,62,0,1.413737887,98417,3,11.49697899314054,11.437285550761484,10.925902508368672,10.512845432366365,11.157250021364579,11.49697899314054,2.424802725718295,4.143134726391533,0.0,1.3862943611198906,141.37378869999998,Unknown,Unknown,Available
28345,2009-01-06,,Male,6,guilin,guangxi,CN,41,2014-03-31,124,109142,52690,48227,118049,2014-03-27,5,5,23,7,0.837548052,168338,18,12.033735082389125,11.600414227993012,10.872199941956618,10.783695044237202,11.678863542513659,12.033735082389125,1.9318748308823928,3.1780538303479458,2.0794415416798357,2.9444389791664403,83.7548052,Available,Unknown,Available
8576,,2007-11-16,Male,6,shenyang,liaoning,CN,39,2014-03-31,86,90119,14588,56017,89195,2014-03-14,18,7,53,0,1.10819519,107630,4,11.586463989305027,11.40889739454618,9.588023099071895,10.933428346641618,11.398591474513294,11.586463989305027,2.180085067512715,3.9889840465642745,0.0,1.6094379124341003,110.819519,Unknown,Available,Available
2561,,2007-06-29,Male,6,guangzhou,guangdong,CN,41,2014-03-31,82,90830,41732,48504,120536,2014-03-20,12,8,54,4,0.818666539,145838,43,11.890258552499635,11.416755916013987,10.63904746172768,10.789422164395384,11.69971203872334,11.890258552499635,2.282634306594848,4.007333185232471,1.6094379124341003,3.784189633918261,81.8666539,Unknown,Available,Available
50183,2011-03-07,,Male,6,guangzhoushi,guangdong,CN,43,2014-03-31,122,78178,45210,51888,137879,2014-03-31,1,5,33,5,0.714470804,162307,83,11.997251043723512,11.26675634827,10.719095699044251,10.856862100640145,11.834139020630802,11.997251043723512,1.9316411792133958,3.5263605246161616,1.791759469228055,4.430816798843313,71.44708039999999,Available,Unknown,Available
3003,2012-06-02,,Male,4,VIC,AU,AU,43,2014-03-31,18,67839,25000,27100,136876,,20,38,89,0,0.718332944,72359,0,11.189408939509232,11.124907270465785,10.12667110305036,10.207325906555994,11.826837991318296,11.189408939509232,3.668076326529218,4.499809670330265,0.0,0.0,71.8332944,Available,Unknown,Unknown
56144,2005-02-08,2005-04-26,Male,6,guangzhou,guangdong,CN,45,2014-03-31,39,96302,61892,24225,70792,,22,15,151,0,1.387449853,102422,5,11.536866575741636,11.475254749948958,11.033162366656056,10.095181715576748,11.167515404737347,11.536866575741636,2.817612403896755,5.0238805208462765,0.0,1.791759469228055,138.7449853,Available,Available,Unknown
22702,2010-07-01,,Male,6,shenyang,liaoning,CN,46,2014-03-31,83,91797,44818,41198,112709,2014-03-28,4,8,71,0,0.870657357,132854,11,11.797013586911794,11.427345789878878,10.71038743563792,10.626169263198392,11.632573427236125,11.797013586911794,2.2331565865962695,4.276666119016055,0.0,2.4849066497880004,87.0657357,Available,Unknown,Available
44761,2007-06-06,,Female,6,shenyangshi,liaoning,CN,50,2014-03-31,81,91920,31897,54032,99888,2014-03-31,1,9,54,10,0.982403492,111475,13,11.621564600076658,11.4286847914887,10.3702985908827,10.897350250005168,11.511814848463972,11.621564600076658,2.30632807927288,4.007333185232471,2.3978952727983707,2.639057329615259,98.2403492,Available,Unknown,Available
3210,,2008-09-23,Male,5,guangzhoushi,guangdong,CN,35,2014-03-31,66,96662,47485,38751,111545,2014-02-27,34,10,53,2,0.8786453,115313,35,11.65541412126246,11.478985981540664,10.768190209737188,10.564937646352819,11.622192340858271,11.65541412126246,2.4483490541206923,3.9889840465642745,1.0986122886681096,3.58351893845611,87.86453,Unknown,Available,Available
2110,,2007-09-22,Male,5,beijing,beijing,CN,41,2014-03-31,46,93889,64995,25788,71622,2014-02-20,41,14,90,0,1.365195471,96427,4,11.47655189485587,11.449879163252593,11.082081008522668,10.157703323404748,11.179171530416012,11.47655189485587,2.765620052993618,4.51085950651685,0.0,1.6094379124341003,136.5195471,Unknown,Available,Available
20760,,2007-08-31,Male,6,guangzhou,guangdong,CN,44,2014-03-31,75,84774,44483,40639,131146,2014-03-29,3,9,58,9,0.745084105,93358,13,11.444207555677707,11.347755966993839,10.702884852938732,10.612508082252363,11.78407411046229,11.444207555677707,2.3805466344812576,4.07753744390572,2.302585092994046,2.639057329615259,74.5084105,Unknown,Available,Available
29081,,2005-03-18,Male,5,guangzhou,guangdong,CN,47,2014-03-31,69,84903,66407,20907,126180,2014-01-13,79,9,78,2,0.774192107,99429,17,11.507209157974119,11.349276485441658,11.103572810134871,9.947887139832812,11.745472663079639,11.507209157974119,2.354172461812472,4.3694478524670215,1.0986122886681096,2.8903717578961645,77.4192107,Unknown,Available,Available
49340,2009-09-03,,Male,6,guangzhou,guangdong,CN,62,2014-03-31,45,90474,37275,48113,68136,2014-03-22,10,16,77,0,1.432941764,102753,4,11.540093061041139,11.412828848431943,10.526104966905546,10.781328474035083,11.129275663242511,11.540093061041139,2.8412027343018966,4.356708826689592,0.0,1.6094379124341003,143.2941764,Available,Unknown,Available
55325,2007-07-03,,Male,6,.,beijing,CN,69,2014-03-31,36,94452,44208,40716,66829,2014-03-28,4,20,123,2,1.460493648,127594,10,11.756616464172097,11.455857635262708,10.696683667247571,10.614400974640018,11.109907360505115,11.756616464172097,3.0580361570914882,4.820281565605037,1.0986122886681096,2.3978952727983707,146.04936479999998,Available,Unknown,Available
11000,2004-12-02,,Male,5,guangzhou,guangdong,CN,37,2014-03-31,106,85900,40519,51431,130691,2014-03-31,1,6,61,4,0.746489276,108476,14,11.594293447924564,11.360950749348124,10.60955095836262,10.848015825821523,11.780598688863687,11.594293447924564,2.01807259532886,4.127134385045092,1.6094379124341003,2.70805020110221,74.64892760000001,Available,Unknown,Available
40664,,2010-06-14,Male,5,shanghai,shanghai,CN,61,2014-03-31,64,82657,3840,15403,66612,2014-03-13,19,11,57,3,1.464381643,92831,12,11.43854668692113,11.32246689227337,8.856572917341328,9.6423824949348,11.106655032675572,11.43854668692113,2.504553647327439,4.060443010546419,1.3862943611198906,2.5649493574615367,146.4381643,Unknown,Available,Available
32414,2011-09-01,,Male,5,Shimonikawa-gun,Toyama-ken,JP,58,2014-03-31,61,48301,61888,63100,132797,2014-03-26,6,12,47,0,0.734098361,52481,0,10.86822553264791,10.785228246650878,11.033097736903727,11.052491896264268,11.7965844556701,10.86822553264791,2.566230587873667,3.8712010109078907,0.0,0.0,73.4098361,Available,Unknown,Available
55873,,2012-09-23,Female,5,guangzhou,guangdong,CN,40,2014-03-31,67,86881,25108,54008,123556,2014-03-31,1,8,45,0,0.788739195,104692,11,11.558787536934918,11.372306155160627,10.130981626587596,10.896905978325732,11.724457867035593,11.558787536934918,2.241676339897391,3.828641396489095,0.0,2.4849066497880004,78.8739195,Unknown,Available,Available
8851,,2006-05-30,Male,5,wulumuqishi,xinjiang,CN,52,2014-03-31,52,82076,41758,38127,125190,,30,13,72,10,0.778333174,93650,16,11.447330385871819,11.315413110029038,10.639670275909648,10.548704199338523,11.737595850080261,11.447330385871819,2.6557243822657597,4.290459441148391,2.3978952727983707,2.833213344056216,77.8333174,Unknown,Available,Unknown
23223,,2011-03-23,Male,4,qingtianxian,zhejiang,CN,53,2014-03-31,21,68699,18656,26296,138363,2014-03-19,13,32,105,0,0.704172358,71545,0,11.17809587846029,11.13750447821044,9.833976689772,10.177210143218492,11.837643172722837,11.17809587846029,3.504054767101863,4.663439094112067,0.0,0.0,70.4172358,Unknown,Available,Available
14870,,,Male,6,shanghaishi,shanghai,CN,45,2014-03-31,100,81595,4050,17317,116315,2014-03-23,9,7,23,0,0.8364076,100182,8,11.514753792560258,11.309535520142855,8.856572917341328,9.759501702007746,11.664065904280609,11.514753792560258,2.108068263067009,3.1780538303479458,0.0,2.1972245773362196,83.64076,Unknown,Unknown,Available
26803,,2008-03-21,Male,6,shenyang,liaoning,CN,52,2014-03-31,119,93277,47749,49613,100147,2014-03-31,1,6,38,9,0.971327249,141476,43,11.859892438684083,11.443339560531134,10.773734345908876,10.812028330950222,11.514404370849627,11.859892438684083,1.9591394460262002,3.6635616461296463,2.302585092994046,3.784189633918261,97.1327249,Unknown,Available,Available
29103,,2005-04-15,Male,6,wuhan,hubei,CN,55,2014-03-31,79,89867,47495,46583,74503,,20,8,36,15,1.305487564,108226,27,11.591986152157908,11.406097206037368,10.76840077595051,10.749012413516956,11.218608094201494,11.591986152157908,2.2831670071683168,3.6109179126442243,2.772588722239781,3.332204510175204,130.5487564,Unknown,Available,Unknown
13204,,2009-08-27,Male,6,guangzhou,guangdong,CN,32,2014-03-31,101,87858,45096,50719,118160,2014-03-28,4,7,48,14,0.822947613,105795,21,11.569267990508262,11.383488535721314,10.716571004431286,10.834075589111107,11.67980338027033,11.569267990508262,2.0831845279586703,3.8918202981106265,2.70805020110221,3.091042453358316,82.29476129999999,Unknown,Available,Available
53801,2005-09-09,,Male,6,beijing,beijing,CN,46,2014-03-31,116,79180,34456,40205,129478,2014-03-27,5,6,25,4,0.750052132,104283,9,11.554873225577985,11.279491650032252,10.447467448834278,10.601771517201225,11.771273984809863,11.554873225577985,1.987278578115875,3.258096538021482,1.6094379124341003,2.302585092994046,75.0052132,Available,Unknown,Available
17530,2011-04-09,2011-07-26,Male,5,huhehaote,neimenggu,CN,46,2014-03-31,42,74490,55704,23351,74368,,85,15,112,3,1.303695272,82194,8,11.31684975194361,11.218433591700967,10.927825188493417,10.05843791253395,11.21679446732484,11.31684975194361,2.8129227931446668,4.727387818712341,1.3862943611198906,2.1972245773362196,130.3695272,Available,Available,Unknown
11110,2005-04-09,2005-04-26,Male,6,guangzhou,guangdong,CN,41,2014-03-31,82,84412,51975,36832,126149,2014-03-29,3,8,69,5,0.767930622,91963,9,11.429152475103827,11.343476697158906,10.858537352560367,10.51414946145713,11.745226954069203,11.429152475103827,2.301349762387289,4.248495242049359,1.791759469228055,2.302585092994046,76.7930622,Available,Available,Available
2352,2005-10-07,2005-10-23,Male,6,guangzhou,guangdong,CN,39,2014-03-31,96,84438,46039,43192,134194,2014-03-21,11,7,40,2,0.72174598,188675,86,12.147786537258277,11.343784659163566,10.73726586283582,10.673433724065745,11.807049245001485,12.147786537258277,2.14685421796572,3.713572066704308,1.0986122886681096,4.465908118654584,72.174598,Available,Available,Available
21650,,,Male,6,guangzhou,guangdong,CN,57,2014-03-31,79,87591,23729,64511,124218,2014-03-21,11,8,66,0,0.779597965,100986,20,11.522747074667897,11.380444948553261,10.074495349429808,11.074606531990986,11.729801415847433,11.522747074667897,2.293570221871957,4.204692619390966,0.0,3.044522437723423,77.9597965,Unknown,Unknown,Available
8497,,2006-03-17,Male,6,dalian,liaoning,CN,40,2014-03-31,133,74038,30769,41719,143216,2014-03-28,4,5,35,14,0.675632052,111094,92,11.618140970114538,11.212347260383366,10.334295468316087,10.63873590911471,11.872116241546403,11.618140970114538,1.85297809168921,3.58351893845611,2.70805020110221,4.532599493153256,67.5632052,Unknown,Available,Available
13067,,,Male,5,.,beijing,CN,47,2014-03-31,73,86082,45322,38605,134897,2014-03-17,15,9,40,4,0.717086814,92531,7,11.43530980962096,11.363067226089434,10.72156990889107,10.56116298378782,11.812274216289058,11.43530980962096,2.3851886215190254,3.713572066704308,1.6094379124341003,2.0794415416798357,71.70868139999999,Unknown,Unknown,Available
44923,,2007-10-23,Male,4,wulumuqishi,xinjiang,CN,41,2014-03-31,58,82745,35194,38096,122349,2014-03-31,1,12,89,2,0.790434004,95493,6,11.466818697269979,11.323530953702393,10.468659306042232,10.547890817857143,11.714641068870817,11.466818697269979,2.6111012525161943,4.499809670330265,1.0986122886681096,1.9459101490553132,79.0434004,Unknown,Available,Available
48328,,2008-09-23,Male,5,EL MONTE,CALIFORNIA,US,50,2014-03-31,19,77672,24160,16084,130168,2013-11-18,135,26,279,2,0.742307172,92321,3,11.433037745285434,11.260262985619487,10.092495041920655,9.685642439673126,11.776588885169339,11.433037745285434,3.3182182681602224,5.634789603169249,1.0986122886681096,1.3862943611198906,74.2307172,Unknown,Available,Available
6905,,2013-01-20,Male,6,haerbin,heilongjiangsheng,CN,47,2014-03-31,62,98214,3024,74266,76356,2014-03-31,1,7,29,1,1.265360941,112509,2,11.630797385565117,11.494914232168377,8.856572917341328,11.215421986687424,11.243174989482783,11.630797385565117,2.0977161619716074,3.4011973816621555,0.6931471805599453,1.0986122886681096,126.5360941,Unknown,Available,Available
20962,,2007-11-17,Male,5,xifeng,guizhou,CN,37,2014-03-31,46,85820,45100,42978,67761,2014-03-27,5,15,90,6,1.425841856,88770,8,11.393815299065942,11.360019010773131,10.716659698193956,10.668466903290184,11.123756844828955,11.393815299065942,2.8305955417762605,4.51085950651685,1.9459101490553132,2.1972245773362196,142.58418559999998,Unknown,Available,Available
35328,2011-06-02,,Male,6,.,beijing,CN,52,2014-03-31,38,74959,43810,35025,66550,2014-03-16,16,19,81,2,1.450518407,79591,3,11.284668864269195,11.224709916912303,10.687640206386288,10.46384592183261,11.105723850006383,11.284668864269195,3.0051472725287534,4.406719247264253,1.0986122886681096,1.3862943611198906,145.05184069999999,Available,Unknown,Available
35276,,2010-07-22,Male,5,kuerle,xinjiang,CN,40,2014-03-31,65,87642,36873,33897,112320,,23,10,73,0,0.858959758,103579,7,11.548099539977882,11.381027024068311,10.515261974630336,10.431111294577999,11.629116122353908,11.548099539977882,2.449117541936415,4.304065093204169,0.0,2.0794415416798357,85.8959758,Unknown,Available,Unknown
15247,2012-12-07,2013-02-23,Male,6,beijing,beijing,CN,40,2014-03-31,15,100289,1050,108628,99645,2014-03-19,13,27,88,0,0.968166892,132586,3,11.794994312712054,11.515821268082254,8.856572917341328,11.543276653286297,11.509379184343569,11.794994312712054,3.3623575484449013,4.48863636973214,0.0,1.3862943611198906,96.8166892,Available,Available,Available
26447,,,Male,5,yining,xinjiang,CN,41,2014-03-31,93,83860,33784,28495,127824,2014-03-30,2,7,53,6,0.754275019,98390,17,11.496704615442678,11.336915945289954,10.427772195986275,10.257519005529442,11.7584174199482,11.496704615442678,2.1850737595732665,3.9889840465642745,1.9459101490553132,2.8903717578961645,75.42750190000001,Unknown,Unknown,Available
39736,,2008-10-20,Male,4,CA,Unknown,US,55,2014-03-31,13,55824,14913,17000,147883,2014-03-26,6,59,120,1,0.651163082,55824,1,10.929977076708358,10.929977076708358,9.61005564810374,9.741027444837728,11.904183461643367,10.929977076708358,3.861673167219153,4.795790545596741,0.6931471805599453,0.6931471805599453,65.11630819999999,Unknown,Available,Available
47894,2007-12-03,,Female,5,beijing,beijing,CN,40,2014-03-31,60,88543,24710,59078,118514,2014-03-28,4,12,112,3,0.811934708,101482,6,11.527646575751621,11.391254882586653,10.115003767609359,10.986630810300307,11.682794813824943,11.527646575751621,2.5881462741951604,4.727387818712341,1.3862943611198906,1.9459101490553132,81.1934708,Available,Unknown,Available
4868,,2010-09-25,Female,5,changsha,hunan,CN,53,2014-03-31,93,91748,35033,47341,117159,2014-03-30,2,7,33,1,0.82114127,104959,4,11.561334604177915,11.426811866674859,10.464074297511592,10.765153129746336,11.67129580094167,11.561334604177915,2.1665661369475346,3.5263605246161616,0.6931471805599453,1.6094379124341003,82.114127,Unknown,Available,Available
44090,,2011-11-25,Male,6,zhongshan,guangdong,CN,54,2014-03-31,83,85982,27475,56033,134851,2014-03-17,15,8,52,3,0.712543548,110860,23,11.616032443319185,11.361904881276876,10.221068175333773,10.933713928337772,11.811933159751923,11.616032443319185,2.257689773111665,3.970291913552122,1.3862943611198906,3.1780538303479458,71.2543548,Unknown,Available,Available
24598,,2012-07-14,Male,4,guangzhou,guangdongsheng,CN,49,2014-03-31,44,89846,42529,43823,108388,2014-03-16,16,14,47,0,0.886273019,102118,22,11.533894078906378,11.405863502672645,10.657964988247679,10.68793689150286,11.593481886823884,11.533894078906378,2.721907236054156,3.8712010109078907,0.0,3.1354942159291497,88.6273019,Unknown,Available,Available
29324,2005-09-08,,Male,5,guangzhou,guangdong,CN,38,2014-03-31,62,91375,27429,57526,112125,2014-03-24,8,11,62,6,0.855358305,104673,12,11.558606037462201,11.422738140904643,10.219392583931649,10.960009681791586,11.627378517938942,11.558606037462201,2.5509808762824857,4.143134726391533,1.9459101490553132,2.5649493574615367,85.5358305,Available,Unknown,Available
25763,2010-11-10,2010-11-14,Male,6,zhengzhou,henan,CN,46,2014-03-31,89,91953,32263,60544,78410,2014-03-30,2,8,87,5,1.221743017,109160,10,11.6005791356451,11.429043730989495,10.381707336553204,11.011142169188467,11.269719502618965,11.6005791356451,2.2221635256539147,4.477336814478207,1.791759469228055,2.3978952727983707,122.17430170000002,Available,Available,Available
56156,,2005-03-19,Male,5,shanghaishi,shanghai,CN,37,2014-03-31,78,85820,44716,39675,121245,2014-03-30,2,9,54,5,0.789605839,103081,20,11.543280066983975,11.360019010773131,10.70810902150003,10.588501749865884,11.705576818564836,11.543280066983975,2.3332780394236785,4.007333185232471,1.791759469228055,3.044522437723423,78.9605839,Unknown,Available,Available
28175,,,Male,6,shenzhen,guangdong,CN,47,2014-03-31,39,90119,25395,57010,70142,,26,17,158,5,1.3639718,98748,8,11.500336556129815,11.40889739454618,10.142346960290341,10.950999510654109,11.158291294379149,11.500336556129815,2.930491751938399,5.0689042022202315,1.791759469228055,2.1972245773362196,136.39718000000002,Unknown,Unknown,Unknown
13295,,2009-11-21,Male,6,wuhanshi,hubeisheng,CN,40,2014-03-31,101,95675,31698,41210,102834,2014-03-18,14,7,30,8,0.929938153,126539,23,11.748313742700875,11.468722762290495,10.36404041362647,10.626460489993315,11.54088104098356,11.748313742700875,2.0992441689760155,3.4339872044851463,2.1972245773362196,3.1780538303479458,92.99381530000001,Unknown,Available,Available
4175,2010-01-02,,Male,5,shenzhen,guangdong,CN,49,2014-03-31,44,87045,35410,31091,65769,2014-03-15,17,16,76,0,1.452790676,97082,5,11.483321561711648,11.374191993537472,10.474777785317189,10.34470583035011,11.093919086295397,11.483321561711648,2.868163137585366,4.343805421853684,0.0,1.791759469228055,145.2790676,Available,Unknown,Available
17306,,2010-04-29,Male,5,haerbin,heilongjiang,CN,70,2014-03-31,31,96739,26510,46323,69453,,32,22,75,6,1.375394871,101413,7,11.526966427669985,11.479782246376974,10.185315020186113,10.743415464304269,11.148419941916307,11.526966427669985,3.168284038892393,4.330733340286331,1.9459101490553132,2.0794415416798357,137.5394871,Unknown,Available,Unknown
22092,,2009-07-31,Male,6,shenzhen,guangdong,CN,60,2014-03-31,75,81868,45356,41755,122158,2014-03-25,7,9,67,3,0.781846052,91473,12,11.423810057879033,11.312875687809516,10.72231979864831,10.639598432528189,11.713078753873416,11.423810057879033,2.3487979361517577,4.219507705176107,1.3862943611198906,2.5649493574615367,78.18460520000001,Unknown,Available,Available
19379,2007-06-12,2007-07-17,Male,6,shenzhen,guangdong,CN,46,2014-03-31,93,90295,30886,61426,106705,2014-03-14,18,7,27,3,0.894763601,103575,8,11.548060921738482,11.410848441635462,10.338090662387614,11.025604756891873,11.577832668136228,11.548060921738482,2.137505342685879,3.332204510175204,1.3862943611198906,2.1972245773362196,89.4763601,Available,Available,Available
25883,2010-04-01,,Male,5,wulumuqi,xinjiang,CN,58,2014-03-31,54,86552,36915,36236,71496,,20,13,145,10,1.33526505,92332,15,11.433156886386547,11.3685122220487,10.516400340385466,10.497835975273388,11.177410769759877,11.433156886386547,2.645773271393279,4.983606621708336,2.3978952727983707,2.772588722239781,133.52650500000001,Available,Unknown,Unknown
53513,,,Male,6,shenyang,liaoning,CN,50,2014-03-31,73,87601,74927,13715,76834,2014-03-14,18,9,96,15,1.242032954,92085,21,11.430478202002696,11.380559107714086,11.224282931423323,9.526318313582811,11.249415544489432,11.430478202002696,2.3890175987867353,4.574710978503383,2.772588722239781,3.091042453358316,124.20329539999999,Unknown,Unknown,Available
56202,2005-04-06,,Male,6,changsha,hunan,CN,47,2014-03-31,70,90130,37523,41975,98334,2014-03-30,2,10,41,2,0.969874916,95256,3,11.464333781102278,11.409019446573783,10.532736007245841,10.644853305366548,11.496135295662754,11.464333781102278,2.4404548872550453,3.7376696182833684,1.0986122886681096,1.3862943611198906,96.9874916,Available,Unknown,Available
8925,,2008-07-14,Male,6,shamen,fujian,CN,46,2014-03-31,36,80527,22754,41870,102876,2014-03-18,14,19,103,0,0.926531747,83035,1,11.327029527682685,11.296360229016141,10.032540180450741,10.642348742176754,11.541289378859654,11.327029527682685,3.0308235931583645,4.6443908991413725,0.0,0.6931471805599453,92.6531747,Unknown,Available,Available
56861,2008-01-10,2008-04-18,Male,6,shenzhen,guangdong,CN,54,2014-03-31,45,85314,24251,46306,67936,2014-03-27,5,15,92,4,1.401278409,95681,10,11.468785471976027,11.354105567961366,10.096254367191621,10.743048416551554,11.126336084130871,11.468785471976027,2.830535966017403,4.532599493153256,1.6094379124341003,2.3978952727983707,140.1278409,Available,Available,Available
3501,,2008-11-28,Male,6,guangzhou,guangdong,CN,40,2014-03-31,97,88355,49273,52519,66431,2014-03-18,14,7,35,3,1.432786199,98012,7,11.492855401916295,11.389129387156718,10.80515183754812,10.868949328416733,11.103934147085505,11.492855401916295,2.135152148654433,3.58351893845611,1.3862943611198906,2.0794415416798357,143.2786199,Unknown,Available,Available
7660,,2009-10-20,Male,4,shenzhen,guangdongsheng,CN,54,2014-03-31,107,76073,33048,50290,132823,2014-03-22,10,6,45,5,0.715139321,95974,17,11.471843019868999,11.239461829756003,10.405746587635992,10.825581413637233,11.796780222587623,11.471843019868999,2.0422000007724157,3.828641396489095,1.791759469228055,2.8903717578961645,71.5139321,Unknown,Available,Available
26796,2008-03-03,,Male,5,changchun,jilin,CN,57,2014-03-31,123,88739,24010,62927,111589,2014-03-24,8,5,30,3,0.850722921,116742,8,11.667730216560193,11.3934660249329,10.086267337660777,11.049746494671592,11.622586719179747,11.667730216560193,1.9065020647605846,3.4339872044851463,1.3862943611198906,2.1972245773362196,85.0722921,Available,Unknown,Available
59631,2011-08-06,2011-08-20,Male,5,daqing,heilongjiang,CN,45,2014-03-31,38,93487,27591,39522,67361,,29,18,153,1,1.408719882,97064,2,11.483136136159477,11.445588364794219,10.225281154616678,10.584638059911889,11.117836339686834,11.483136136159477,2.9862277892014992,5.0369526024136295,0.6931471805599453,1.0986122886681096,140.8719882,Available,Available,Unknown
55240,,,Male,6,shanghai,shanghai,CN,42,2014-03-31,98,83896,25931,29747,129338,2014-03-19,13,7,58,4,0.733567861,98661,10,11.499455146222237,11.337345134962609,10.163233006294886,10.30051718182319,11.770192143410465,11.499455146222237,2.1223232691729783,4.07753744390572,1.6094379124341003,2.3978952727983707,73.35678610000001,Unknown,Unknown,Available
47657,2007-08-07,2007-09-19,Male,5,wuhan,hubei,CN,53,2014-03-31,33,92162,37095,40115,65345,2014-03-25,7,17,116,0,1.451830132,99217,3,11.505074728425514,11.431314027483245,10.521264426071296,10.5995305362081,11.087451508303742,11.505074728425514,2.9143866341000386,4.762173934797756,0.0,1.3862943611198906,145.1830132,Available,Available,Available
12656,2008-11-08,,Female,5,guangzhou,guangdong,CN,33,2014-03-31,39,88144,47110,37166,68043,2014-03-26,6,18,120,0,1.393603751,92074,2,11.430358741313267,11.386738464719844,10.760261798384528,10.523176549783848,11.127909833729474,11.430358741313267,2.9944156176428938,4.795790545596741,0.0,1.0986122886681096,139.3603751,Available,Unknown,Available
34530,,2011-03-17,Male,6,changchun,jilin,CN,44,2014-03-31,72,89685,25797,65138,73670,2014-03-24,8,8,30,0,1.286411022,102737,3,11.539937337217026,11.40406996005754,10.158052248525081,11.084278727161882,11.207364513631155,11.539937337217026,2.271108960884761,3.4339872044851463,0.0,1.3862943611198906,128.6411022,Unknown,Available,Available
49855,,2010-10-14,Female,6,guangzhou,guangdong,CN,44,2014-03-31,83,83278,44591,38326,126476,2014-03-26,6,8,75,5,0.749031121,103944,12,11.551617192081215,11.32995169553184,10.70530974972173,10.553909887636076,11.747815752436964,11.551617192081215,2.2703642139551747,4.330733340286331,1.791759469228055,2.5649493574615367,74.9031121,Unknown,Available,Available
56163,2005-03-05,2005-08-17,Female,5,guangzhoushi,guangdong,CN,39,2014-03-31,66,87635,45777,28548,121756,2014-03-28,4,11,65,8,0.777650711,132389,41,11.793507390931703,11.38094715140811,10.731558905352594,10.25937718820102,11.709782534158599,11.793507390931703,2.4963790510769797,4.189654742026425,2.1972245773362196,3.7376696182833684,77.7650711,Available,Available,Available
30116,,2008-03-29,Female,4,guangzhou,guangdong,CN,55,2014-03-31,46,85855,30859,47796,120983,2014-02-24,37,15,82,5,0.78231049,112148,10,11.627583623279087,11.360426753225351,10.337216125917152,10.774718155003686,11.703413584430576,11.627583623279087,2.775362648845498,4.418840607796598,1.791759469228055,2.3978952727983707,78.231049,Unknown,Available,Available
2015,2004-11-12,,Male,6,Unknown,Unknown,CN,39,2014-03-31,65,89939,40120,45155,102504,2014-03-23,9,10,53,7,0.923260068,94407,7,11.455381094305585,11.406898060324698,10.59965516698957,10.717878440381437,11.537666856858676,11.455381094305585,2.477063472326974,3.9889840465642745,2.0794415416798357,2.0794415416798357,92.3260068,Available,Unknown,Available
37142,2007-05-10,2007-06-16,Male,6,shanghai,shanghai,CN,49,2014-03-31,99,77910,29079,35224,123899,2014-03-27,5,7,45,1,0.763360156,93384,8,11.444486011747708,11.26332242856534,10.277805931647455,10.469511336766882,11.727230067617233,11.444486011747708,2.1145328615255887,3.828641396489095,0.6931471805599453,2.1972245773362196,76.3360156,Available,Available,Available
26580,2009-03-08,2012-02-21,Male,5,dalian,liaoning,CN,50,2014-03-31,54,85125,52455,36132,64453,2014-03-28,4,13,96,0,1.463962112,94769,6,11.459208182464241,11.351887790813063,10.867730001943455,10.494961854184771,11.073707070056672,11.459208182464241,2.6890020059904898,4.574710978503383,0.0,1.9459101490553132,146.39621119999998,Available,Available,Available
10105,2007-03-12,2007-11-18,Male,6,guangzhou,guangdong,CN,38,2014-03-31,65,97732,35300,48594,107397,2014-03-16,16,11,82,8,0.878302187,118859,26,11.685701608920652,11.489994549679507,10.471666571132038,10.79127592393757,11.58429683890958,11.685701608920652,2.49784344081872,4.418840607796598,2.1972245773362196,3.295836866004329,87.83021869999999,Available,Available,Available
45796,,2006-09-13,Male,4,guangzhou,guangdong,CN,41,2014-03-31,27,106109,57027,41600,100143,,243,14,66,1,0.941445133,111691,4,11.62350036208061,11.572231570867636,10.951297654273851,10.635879484421974,11.514364429164482,11.62350036208061,2.7333680087865,4.204692619390966,0.6931471805599453,1.6094379124341003,94.1445133,Unknown,Available,Unknown
30865,2009-02-01,,Male,6,wulumuqi,xinjiang,CN,53,2014-03-31,36,87291,37775,36565,72186,,21,19,161,5,1.302530408,90987,6,11.418482908671752,11.37701409959889,10.539429259325294,10.50687412588845,11.187015253267335,11.418482908671752,3.043160967056982,5.087596335232384,1.791759469228055,1.9459101490553132,130.2530408,Available,Unknown,Unknown
59678,,2011-08-19,Female,6,.,beijing,CN,28,2014-03-31,61,89477,36095,44647,71752,,20,11,94,0,1.306106868,103704,3,11.549305609062978,11.401748063990837,10.493937334857732,10.706564792468269,11.180984944594467,11.549305609062978,2.5494451709255714,4.553876891600541,0.0,1.3862943611198906,130.6106868,Unknown,Available,Unknown
915,2006-11-10,2007-01-26,Male,5,.,beijing,CN,39,2014-03-31,49,84754,28693,30580,65717,,32,14,65,1,1.425973949,93153,8,11.442009316599991,11.347520020552587,10.264443320658335,10.328134180060221,11.093128139551801,11.442009316599991,2.7245795030534206,4.189654742026425,0.6931471805599453,2.1972245773362196,142.5973949,Available,Available,Unknown
30355,,2008-06-17,Male,6,guangzhou,Unknown,CN,56,2014-03-31,46,90777,11182,73352,71260,2014-03-29,3,15,127,7,1.314534381,101654,8,11.529340006238323,11.41617224448334,9.322150047028188,11.203038682530256,11.174104472179522,11.529340006238323,2.8134107169600364,4.852030263919617,2.0794415416798357,2.1972245773362196,131.4534381,Unknown,Available,Available
1260,2008-03-01,2008-04-17,Male,5,guangzhou,guangdong,CN,55,2014-03-31,103,84523,50490,48583,125149,2014-03-26,6,7,41,7,0.746901054,95680,12,11.468775020634858,11.344790796686818,10.829550381558986,10.791049537577411,11.73726829685992,11.468775020634858,2.089197716681026,3.7376696182833684,2.0794415416798357,2.5649493574615367,74.6901054,Available,Available,Available
29550,,2007-06-17,Male,6,beijing,beijing,CN,47,2014-03-31,52,82431,50939,36436,76072,2014-01-19,73,12,42,1,1.228696235,87859,3,11.38349991752977,11.31972899002397,10.838403748533448,10.50334002087177,11.239448684574041,11.38349991752977,2.6235312594135083,3.7612001156935624,0.6931471805599453,1.3862943611198906,122.86962349999999,Unknown,Available,Available
53079,,2012-09-15,Male,6,wulumuqi,xinjiang,CN,47,2014-03-31,36,93169,7924,57327,68799,2014-03-23,9,15,93,3,1.35804096,111951,7,11.625825486985677,11.44218106044447,8.977777598745481,10.956544439544736,11.138959023921435,11.625825486985677,2.824774475579843,4.543294782270004,1.3862943611198906,2.0794415416798357,135.80409600000002,Unknown,Available,Available
57868,,2009-07-20,Female,5,shenzhen,guangdong,CN,49,2014-03-31,37,87570,33765,42965,66530,2014-03-20,12,17,74,1,1.402335037,92776,4,11.437954043228101,11.38020517188695,10.427209658037139,10.668164384234995,11.105423283436139,11.437954043228101,2.913256051910748,4.31748811353631,0.6931471805599453,1.6094379124341003,140.2335037,Unknown,Available,Available
62499,2005-11-02,,Male,6,shenyang,liaoning,CN,42,2014-03-31,100,90524,39900,60711,64900,2014-03-18,14,6,40,2,1.4373,99761,4,11.510542628268434,11.413381334633842,10.594156665220533,11.01389665108375,11.080618310893968,11.510542628268434,2.076913095351794,3.713572066704308,1.0986122886681096,1.6094379124341003,143.73,Available,Unknown,Available
19538,,2007-10-18,Male,6,guangzhou,guangdongsheng,CN,39,2014-03-31,51,86912,53069,29535,87589,2014-03-25,7,14,59,5,1.06409081,175628,38,12.076129094611494,11.372662897303137,10.879367075821941,10.293365137302578,11.380422115157135,12.076129094611494,2.7343675094195836,4.0943445622221,1.791759469228055,3.6635616461296463,106.409081,Unknown,Available,Available
3893,,,Male,5,wulumuqi,xinjiang,CN,37,2014-03-31,69,78605,33817,41301,125139,2014-03-20,12,10,52,0,0.742781227,84879,2,11.348993773287864,11.272203311381725,10.428748484098374,10.628666203926738,11.737188389552355,11.348993773287864,2.4474490873039905,3.970291913552122,0.0,1.0986122886681096,74.27812270000001,Unknown,Unknown,Available
55820,,2012-06-29,Male,5,shanghai,shanghai,CN,47,2014-03-31,82,85187,47476,41113,109233,2014-03-24,8,7,37,0,0.850807631,93666,4,11.447501218360301,11.352615857827386,10.768000662228644,10.624103975085617,11.601247649143291,11.447501218360301,2.177833388041149,3.6375861597263857,0.0,1.6094379124341003,85.0807631,Unknown,Available,Available
33829,,2012-10-21,Female,5,PARIS,Unknown,FR,43,2014-03-31,13,100383,8450,49283,95577,2014-03-15,17,42,117,0,0.971737343,106554,0,11.576416562751426,11.516758110990406,9.042040056544483,10.805354763744559,11.467697947033539,11.576416562751426,3.774674814200441,4.770684624465665,0.0,0.0,97.1737343,Unknown,Available,Available
41140,,2011-02-25,Male,6,dongguan,guangdong,CN,56,2014-03-31,65,85121,24631,38365,74458,,25,11,53,3,1.246913025,95706,10,11.469046720011622,11.35184080054004,10.111801689604336,10.554926929696283,11.218003917306978,11.469046720011622,2.4875074314880576,3.9889840465642745,1.3862943611198906,2.3978952727983707,124.6913025,Unknown,Available,Unknown
41700,,,Male,5,Unknown,beijing,CN,48,2014-03-31,45,88829,45304,35159,74389,2014-03-27,5,15,87,0,1.247410235,91289,0,11.421796531559126,11.394479709763747,10.721172680656162,10.467664351799113,11.217076803185387,11.421796531559126,2.8129560680229604,4.477336814478207,0.0,0.0,124.7410235,Unknown,Unknown,Available
55140,,2007-05-14,Male,6,shenzhen,guangdong,CN,41,2014-03-31,118,71089,46759,43372,137477,2014-03-30,2,5,30,0,0.67473221,83722,4,11.335269009649409,11.17170195892353,10.752783415586006,10.677592406675998,11.831219183287397,11.335269009649409,1.923687012248131,3.4339872044851463,0.0,1.6094379124341003,67.47322100000001,Unknown,Available,Available
21169,2008-05-07,,Male,5,guangzhou,guangdong,CN,56,2014-03-31,75,79457,35356,47383,127816,2014-03-21,11,9,71,0,0.725720724,89559,4,11.40266407071269,11.282983859155019,10.473251671523366,10.766039897956801,11.758354832423437,11.40266407071269,2.353945952664011,4.276666119016055,0.0,1.6094379124341003,72.5720724,Available,Unknown,Available
18371,,2011-10-21,Male,5,zhuhai,guangdong,CN,37,2014-03-31,56,84783,31523,52100,117444,2014-03-31,1,12,89,7,0.789488352,94736,30,11.45885991036523,11.347862124732544,10.35850443947354,10.860939421415225,11.673725417873936,11.45885991036523,2.6207081912777497,4.499809670330265,2.0794415416798357,3.4339872044851463,78.9488352,Unknown,Available,Available
10111,2007-03-12,2009-10-24,Male,5,guangzhou,guangdong,CN,53,2014-03-31,73,76050,33056,43434,128233,2014-03-26,6,9,115,0,0.720501275,83227,0,11.329339108654473,11.239159446844907,10.405988623155887,10.679020846694021,11.761611998915015,11.329339108654473,2.3915621294420086,4.7535901911063645,0.0,0.0,72.0501275,Available,Available,Available
22929,,2010-10-17,Male,5,guangzhou,guangdong,CN,52,2014-03-31,66,84262,63457,30804,82682,2014-03-15,17,10,76,1,1.116894004,93530,9,11.446048211128096,11.3416981389818,11.058133548725012,10.33543229344867,11.322769297607685,11.446048211128096,2.468099531471619,4.343805421853684,0.6931471805599453,2.302585092994046,111.6894004,Unknown,Available,Available
59441,2011-07-02,,Male,5,aubervilliers,aubervilliers,FR,45,2014-03-31,21,68432,17960,29965,139888,2014-03-26,6,36,126,2,0.660121097,71428,2,11.176459228331016,11.133610443406448,9.795958019593462,10.30781868460309,11.848604529971125,11.176459228331016,3.6149637711637683,4.844187086458591,1.0986122886681096,1.0986122886681096,66.0121097,Available,Unknown,Available
12479,,2008-07-28,Male,5,guangzhou,guangdong,CN,54,2014-03-31,78,84166,40527,42564,114244,2014-03-28,4,9,40,6,0.807724519,100622,35,11.51913613874694,11.34055819941764,10.609748372241457,10.658787598318158,11.646100544122644,11.51913613874694,2.3244228265853204,3.713572066704308,1.9459101490553132,3.58351893845611,80.7724519,Unknown,Available,Available
39109,2008-06-01,,Male,6,panjin,liaoning,CN,60,2014-03-31,90,79135,43733,34312,122350,2014-03-30,2,8,57,0,0.753979567,89159,4,11.398187787499806,11.278923170321143,10.685881110610268,10.443279570094715,11.714649242110813,11.398187787499806,2.217002725138879,4.060443010546419,0.0,1.6094379124341003,75.39795670000001,Available,Unknown,Available
29044,2004-11-04,,Female,5,beijing,beijing,CN,46,2014-03-31,80,82097,31743,33066,120362,2014-03-24,8,9,33,4,0.766244247,107309,11,11.583477120921174,11.315668934607865,10.3654590100846,10.406291085199207,11.69826745565768,11.583477120921174,2.3176607553820365,3.5263605246161616,1.6094379124341003,2.4849066497880004,76.6244247,Available,Unknown,Available
15284,,2012-02-22,Male,4,MARSEILLE,MARSEILLE,FR,43,2014-03-31,20,84692,21750,24054,121103,,85,32,120,1,0.761441087,87682,1,11.381483316924978,11.346788232596792,9.987415012471414,10.088098154133554,11.704404959548949,11.381483316924978,3.5232597468758016,4.795790545596741,0.6931471805599453,0.6931471805599453,76.1441087,Unknown,Available,Unknown
2047,2005-01-04,2005-02-28,Female,4,beijing,beijing,CN,34,2014-03-31,80,91750,44686,36066,117968,,31,8,57,3,0.781219907,108712,12,11.596466661174555,11.426833665039982,10.707437910562579,10.493133598827878,11.678177157068587,11.596466661174555,2.2847046677033105,4.060443010546419,1.3862943611198906,2.5649493574615367,78.1219907,Available,Available,Unknown
2051,,2005-06-26,Male,5,guangzhou,guangdong,CN,38,2014-03-31,95,87816,69840,23980,104659,2014-02-27,34,7,150,2,0.87833354,97837,9,11.491068328614919,11.383010382748795,11.153976508853129,10.085017129129874,11.5584722799262,11.491068328614919,2.1274715385429173,5.017279836814924,1.0986122886681096,2.302585092994046,87.833354,Unknown,Available,Available
35700,,2006-10-25,Male,6,changchun,jilin,CN,59,2014-03-31,99,80399,30567,44903,117708,2014-03-30,2,7,56,1,0.780552044,89168,3,11.398288724532005,11.294769455167058,10.327708989126736,10.712282156622035,11.675970755915507,11.398288724532005,2.126772916380742,4.04305126783455,0.6931471805599453,1.3862943611198906,78.0552044,Unknown,Available,Available
53997,,2007-03-14,Male,6,wulumuqishi,xinjiang,CN,57,2014-03-31,90,76505,25377,32209,128188,2014-03-15,17,7,36,0,0.716619964,97748,10,11.490158247616256,11.245124448111596,10.14163793595686,10.380032242325244,11.761261016355244,11.490158247616256,2.1909628161436503,3.6109179126442243,0.0,2.3978952727983707,71.6619964,Unknown,Available,Available
56624,2007-07-01,,Male,5,shenzhen,guangdong,CN,49,2014-03-31,33,88054,46160,31792,63453,2014-03-31,1,22,78,3,1.447113927,94159,8,11.452750741934159,11.385716898229186,10.739890564725489,10.367001418750867,11.058070512920654,11.452750741934159,3.164947482842645,4.3694478524670215,1.3862943611198906,2.1972245773362196,144.7113927,Available,Unknown,Available
29198,2005-06-01,2005-07-22,Male,5,guangzhoushi,guangdong,CN,49,2014-03-31,73,84259,56546,29761,110537,2014-03-20,12,9,84,1,0.830436144,89866,6,11.406086078544114,11.341662535533008,10.942827429739166,10.300987690989995,11.613114632225564,11.406086078544114,2.382627800636813,4.442651256490317,0.6931471805599453,1.9459101490553132,83.0436144,Available,Available,Available
9658,,,Male,6,guangzhou,guangdong,CN,40,2014-03-31,127,75080,45789,46840,124500,2014-03-14,18,5,47,8,0.737284819,90456,16,11.412629878652586,11.226322809738011,10.731821005651142,10.754514166757886,11.732069026983156,11.412629878652586,1.8959287995562526,3.8712010109078907,2.1972245773362196,2.833213344056216,73.72848189999999,Unknown,Unknown,Available
14574,2011-07-03,,Male,4,guangzhou,guangdong,CN,31,2014-03-31,83,85150,71675,4471,114627,2013-10-26,158,6,132,1,0.800316069,87371,4,11.377930144182711,11.352181430003084,11.179911242520307,9.077809308899132,11.649447381517259,11.377930144182711,2.07332531463786,4.890349128221754,0.6931471805599453,1.6094379124341003,80.0316069,Available,Unknown,Available
60068,,2011-12-25,Male,6,beijing,beijing,CN,48,2014-03-31,27,98430,127812,23324,90731,2014-03-24,8,26,118,0,1.010241814,98430,0,11.497111074075866,11.497111074075866,11.50973744102895,10.057281025715545,11.41566538534627,11.497111074075866,3.3197648195604827,4.77912349311153,0.0,0.0,101.0241814,Unknown,Available,Available
3881,,2010-03-25,Male,5,guangzhou,guangdong,CN,33,2014-03-31,97,67595,33392,47154,149015,2014-03-31,1,7,71,3,0.614937825,88729,20,11.393353329829383,11.121304088682715,10.416101576161335,10.761195326977985,11.911808961712838,11.393353329829383,2.1240065224390747,4.276666119016055,1.3862943611198906,3.044522437723423,61.4937825,Unknown,Available,Available
27827,2006-06-01,,Male,6,Unknown,beijing,CN,38,2014-03-31,77,90946,34515,45288,104572,2014-03-25,7,9,37,6,0.875997495,106708,18,11.577860782373747,11.418032198245566,10.449178263628198,10.72081945637715,11.55764067109763,11.577860782373747,2.352627605504975,3.6375861597263857,1.9459101490553132,2.9444389791664403,87.5997495,Available,Unknown,Available
10329,,2010-02-17,Male,4,VICTORIA,Unknown,AU,42,2014-03-31,19,110137,48328,42928,86805,2014-01-27,65,31,172,0,1.053728357,110137,0,11.609489403944501,11.609489403944501,10.785787073542922,10.667302867213317,11.371431022683423,11.609489403944501,3.4914442594084107,5.153291594497779,0.0,0.0,105.3728357,Unknown,Available,Available
999,,,Male,4,CHINO,california,US,38,2014-03-31,13,77676,20184,16321,125853,2014-02-20,41,37,123,1,0.72670131,77676,1,11.260314482240034,11.260314482240034,9.912695033287042,9.700269170029188,11.742877783928051,11.260314482240034,3.639776741018677,4.820281565605037,0.6931471805599453,0.6931471805599453,72.670131,Unknown,Unknown,Available
2115,,2005-03-17,Male,6,shantou,guangdong,CN,54,2014-03-31,139,87275,38932,60736,129859,2014-03-31,1,5,56,4,0.703798197,159864,60,11.98208498805858,11.376830789942542,10.569597499027667,11.014308346533742,11.774212226062478,11.98208498805858,1.8389380294294129,4.04305126783455,1.6094379124341003,4.110873864173311,70.3798197,Unknown,Available,Available
47309,2005-07-08,2005-08-16,Male,6,guangzhou,guangdong,CN,35,2014-03-31,86,85784,43248,40203,113677,2014-03-26,6,8,39,1,0.803908618,102405,9,11.536700583620998,11.359599445017526,10.674729390705439,10.60172177214463,11.641125169372025,11.536700583620998,2.2506724117734365,3.6888794541139363,0.6931471805599453,2.302585092994046,80.3908618,Available,Available,Available
20305,,2005-07-14,Male,5,guangzhou,guangdong,CN,57,2014-03-31,82,74617,42963,39863,123788,2014-03-30,2,8,47,1,0.737626911,114156,43,11.645329972898624,11.22013704395013,10.668117834717938,10.593228939961241,11.726333782296281,11.645329972898624,2.2939055592830404,3.8712010109078907,0.6931471805599453,3.784189633918261,73.7626911,Unknown,Available,Available
62894,2006-06-05,2006-09-29,Male,6,wulumuqishi,xinjiang,CN,45,2014-03-31,41,82455,20890,82402,91797,,31,16,58,4,0.9943289,91678,6,11.426048624384716,11.320020096716629,9.947073723199049,11.319377123001807,11.427345789878878,11.426048624384716,2.8678989020441064,4.07753744390572,1.6094379124341003,1.9459101490553132,99.43289,Available,Available,Unknown
40362,2009-11-11,,Male,5,guangzhoushi,guangdong,CN,34,2014-03-31,72,84990,52687,29612,120888,2014-03-30,2,10,80,4,0.755011912,97737,27,11.490045708163386,11.35030064751358,10.872143004616145,10.295968733085997,11.70262804817903,11.490045708163386,2.421931850289112,4.394449154672439,1.6094379124341003,3.332204510175204,75.5011912,Available,Unknown,Available
29121,,2005-03-19,Male,5,guangzhou,guangdong,CN,41,2014-03-31,82,81870,46161,39537,116502,2014-03-21,11,8,88,5,0.782969391,87386,10,11.37810180916176,11.312900116782279,10.739912227799696,10.585017513755883,11.6656723027293,11.37810180916176,2.2864055241340875,4.48863636973214,1.791759469228055,2.3978952727983707,78.2969391,Unknown,Available,Available
52991,,2012-03-24,Male,6,.,beijing,CN,46,2014-03-31,83,86575,27915,63332,66764,2014-03-28,4,8,53,0,1.36549308,99347,4,11.506384116926807,11.368777919882517,10.236955280137042,11.056161799302767,11.108934270118064,11.506384116926807,2.2703642139551747,3.9889840465642745,0.0,1.6094379124341003,136.549308,Unknown,Available,Available
26669,,2005-12-22,Male,5,changchun,jilin,CN,47,2014-03-31,92,85521,43780,40119,103985,2014-03-18,14,7,34,4,0.875138818,98478,8,11.49759860646072,11.356528931767846,10.68695521229612,10.599630242075872,11.55201155367743,11.49759860646072,2.1837025519906317,3.5553480614894135,1.6094379124341003,2.1972245773362196,87.51388180000001,Unknown,Available,Available
44965,2006-06-12,2006-07-17,Male,5,wulumuqi,xinjiang,CN,40,2014-03-31,49,82797,52850,26898,98732,,25,14,98,6,0.920499534,88756,10,11.393657577466769,11.324159185492253,10.87523191259525,10.199844390177743,11.500174516044796,11.393657577466769,2.7488721956224653,4.59511985013459,1.9459101490553132,2.3978952727983707,92.04995339999999,Available,Available,Unknown
56097,2004-11-11,2005-05-16,Male,5,guangzhoushi,guangdongsheng,CN,47,2014-03-31,74,82236,43299,38307,126274,2014-03-22,10,9,37,2,0.719323851,96875,14,11.481187089183015,11.31736060142441,10.675907913990581,10.55341403064151,11.746217347336254,11.481187089183015,2.386624020120155,3.6375861597263857,1.0986122886681096,2.70805020110221,71.93238509999999,Available,Available,Available
40749,,2010-06-14,Male,6,guangzhoushi,guangdongsheng,CN,35,2014-03-31,78,85982,45116,40420,106195,2014-03-28,4,9,41,0,0.854748717,100735,37,11.520258512337021,11.361904881276876,10.717014394599722,10.607104730879188,11.573041722297212,11.520258512337021,2.3357937640233626,3.7376696182833684,0.0,3.6375861597263857,85.4748717,Unknown,Available,Available
11607,,2007-09-24,Male,6,.,beijing,CN,47,2014-03-31,49,77850,30447,42548,105720,2014-03-23,9,14,39,1,0.858548997,86781,5,11.371154505871742,11.262552022394802,10.32377558953593,10.658411631962718,11.568558827621654,11.371154505871742,2.740840023925201,3.6888794541139363,0.6931471805599453,1.791759469228055,85.8548997,Unknown,Available,Available
4317,2009-09-08,,Male,5,guangzhou,guangdong,CN,48,2014-03-31,44,87996,25290,56885,69154,,29,16,159,7,1.311839518,94472,9,11.456069358372018,11.385058001970144,10.138203880202953,10.948804544146014,11.144105641058808,11.456069358372018,2.8521841029544537,5.075173815233827,2.0794415416798357,2.302585092994046,131.1839518,Available,Unknown,Unknown
19249,2007-03-01,2007-03-21,Male,4,SYDNEY,N.S.W,AU,40,2014-03-31,26,96979,36675,42833,103395,2014-03-19,13,28,101,4,0.875781421,111388,7,11.620783858332379,11.482260050659344,10.509877869169792,10.665087458730515,11.546321555588657,11.620783858332379,3.3727979071404572,4.624972813284271,1.6094379124341003,2.0794415416798357,87.5781421,Available,Available,Available
47093,2004-11-11,2004-11-20,Male,6,guangzhoushi,guangdongsheng,CN,41,2014-03-31,85,87699,45311,39265,124022,2014-03-30,2,8,53,6,0.729566125,116008,43,11.661423053285745,11.381677178360274,10.721327177053391,10.578114283458694,11.728222311258135,11.661423053285745,2.2600254785404674,3.9889840465642745,1.9459101490553132,3.784189633918261,72.95661249999999,Available,Available,Available
13888,2010-11-09,,Male,6,.,beijing,CN,54,2014-03-31,49,85341,33945,42131,62116,2014-03-27,5,15,91,3,1.454720362,97225,9,11.48479344439147,11.354421992136468,10.432526305721476,10.648562825956432,11.036774982471208,11.48479344439147,2.7790780378865167,4.5217885770490405,1.3862943611198906,2.302585092994046,145.4720362,Available,Unknown,Available
20402,,2005-08-28,Male,6,guangzhou,guangdong,CN,40,2014-03-31,69,93840,33234,49105,105755,2014-03-27,5,10,57,5,0.854199991,109012,21,11.599222420154696,11.449357139707065,10.411358816475682,10.801736505909519,11.568889832887661,11.599222420154696,2.4461760128610788,4.060443010546419,1.791759469228055,3.091042453358316,85.4199991,Unknown,Available,Available
5910,2012-11-11,2012-11-13,Male,5,Toyama-shi,Toyama-ken,JP,61,2014-03-31,53,62181,14142,114790,114734,2014-03-24,8,9,72,1,0.787266634,70768,1,11.167176330688804,11.03782084777865,9.5569750810205,11.543276653286297,11.650380400424076,11.167176330688804,2.356854722957247,4.290459441148391,0.6931471805599453,0.6931471805599453,78.72666339999999,Available,Available,Available
30564,2008-10-09,,Female,4,ROSEMEAD,CA,US,54,2014-03-31,11,79092,13870,17300,134552,2014-01-25,67,62,172,0,0.670909091,79092,0,11.27837965426456,11.27837965426456,9.53755560876329,9.758519582283522,11.809713452450524,11.27837965426456,3.861673167219153,5.153291594497779,0.0,0.0,67.09090909999999,Available,Unknown,Available
30096,,,Male,6,wulumuqi,xinjiang,CN,50,2014-03-31,55,87271,37547,34466,117957,2014-03-22,10,13,66,6,0.76517731,107978,15,11.589692042755141,11.376784957277593,10.533375393456883,10.447757623521474,11.67808390788551,11.589692042755141,2.6469625090436315,4.204692619390966,1.9459101490553132,2.772588722239781,76.517731,Unknown,Unknown,Available
20157,,,Male,6,Unknown,beijing,CN,62,2014-03-31,39,87513,30572,45001,63230,2014-03-18,14,18,85,3,1.427421952,93590,7,11.446689503996453,11.379554059547072,10.327872545496803,10.714462212209277,11.054549966205157,11.446689503996453,2.9838194917980685,4.454347296253507,1.3862943611198906,2.0794415416798357,142.7421952,Unknown,Unknown,Available
30771,2008-11-06,,Male,4,guangzhoushi,guangdong,CN,38,2014-03-31,18,60079,18272,21558,124386,2014-02-27,34,40,166,6,0.725114241,60079,6,11.003432286438017,11.003432286438017,9.813179839504594,9.978548641758007,11.731152952218826,11.003432286438017,3.7264018933237115,5.117993812416755,1.9459101490553132,1.9459101490553132,72.5114241,Available,Unknown,Available
31028,,2009-06-14,Female,4,wulumuqi,xinjiang,CN,32,2014-03-31,63,80682,25409,27627,137264,,22,11,57,1,0.656078433,95136,15,11.463073237010661,11.298283175313381,10.142898076314209,10.226585030208863,11.829668643017587,11.463073237010661,2.519256129906534,4.060443010546419,0.6931471805599453,2.772588722239781,65.6078433,Unknown,Available,Unknown
31495,2010-01-02,2010-10-21,Male,4,beijing,beijing,CN,40,2014-03-31,23,65534,34000,5490,169931,,181,24,180,0,0.529890073,65534,2,11.090339630053647,11.090339630053647,10.434145214930487,9.077809308899132,12.04315363601106,11.090339630053647,3.256346756122563,5.198497031265826,0.0,1.0986122886681096,52.989007300000004,Available,Available,Unknown
14282,2011-07-10,2011-07-29,Male,5,zhuzhou,hunan,CN,34,2014-03-31,55,77563,35707,34403,103869,2014-03-19,13,12,66,0,0.866817337,80677,0,11.298221202469863,11.258858681002508,10.483130032299252,10.44592811567137,11.550895396221858,11.298221202469863,2.628418931276513,4.204692619390966,0.0,0.0,86.6817337,Available,Available,Available
14969,2012-04-01,,Male,4,YOKOSUKA-SHI,KANAGAWA-KEN,JP,51,2014-03-31,36,93670,48148,32300,112436,,24,20,78,4,0.799957309,115585,13,11.657770120619901,11.447543921922854,10.782055648578622,10.382853468483827,11.630148343768049,11.657770120619901,3.047239830835608,4.3694478524670215,1.6094379124341003,2.639057329615259,79.9957309,Available,Unknown,Unknown
9594,,,Male,6,guangzhou,guangdong,CN,47,2014-03-31,43,85066,61296,30554,69158,2014-03-24,8,16,163,0,1.299686515,91653,3,11.42577589661443,11.351194460272282,11.02348618108561,10.327283617329016,11.144163480467705,11.42577589661443,2.8877227495919615,5.099866427824199,0.0,1.3862943611198906,129.96865150000002,Unknown,Unknown,Available
21740,2010-03-01,2010-03-26,Male,4,.,.,JP,46,2014-03-31,59,87148,80392,7443,78595,2014-03-30,2,12,69,5,1.142706025,88924,6,11.395548596816656,11.375374576413028,11.294682386700092,9.077809308899132,11.272076086537087,11.395548596816656,2.570240375307034,4.248495242049359,1.791759469228055,1.9459101490553132,114.27060250000001,Available,Available,Available
59729,2012-04-01,,Male,5,beijing,beijing,CN,35,2014-03-31,69,90389,31880,44700,98267,2014-03-28,4,10,42,6,0.913754872,95535,10,11.467258418786773,11.411888920792457,10.369765500040804,10.707751151716078,11.495453719058188,11.467258418786773,2.4588344094279106,3.7612001156935624,1.9459101490553132,2.3978952727983707,91.37548720000001,Available,Unknown,Available
46647,,,Male,4,wulumuqishi,xinjiang,CN,36,2014-03-31,77,62110,32248,24637,149556,,27,8,51,7,0.600361671,68530,9,11.13504147662283,11.036678385890651,10.38124231399123,10.11204524552192,11.915432870050607,11.13504147662283,2.299950045403534,3.9512437185814275,2.0794415416798357,2.302585092994046,60.03616710000001,Unknown,Unknown,Unknown
57726,,,Male,6,guangzhoushi,guangdong,CN,30,2014-03-31,75,92712,33200,47744,113205,,21,9,66,3,0.793122565,136426,77,11.82354495201661,11.437263979046316,10.410335274932896,10.773629628384302,11.636964446880151,11.82354495201661,2.3590676027789708,4.204692619390966,1.3862943611198906,4.356708826689592,79.3122565,Unknown,Unknown,Unknown
11321,,,Male,5,zhanjiang,guangdong,CN,53,2014-03-31,89,89556,38199,54308,98446,2014-03-18,14,8,64,15,0.911670561,99856,18,11.511494441544446,11.402630573054733,10.550590794594667,10.902445238044054,11.497273611282006,11.511494441544446,2.2072749131997207,4.174387269895637,2.772588722239781,2.9444389791664403,91.1670561,Unknown,Unknown,Available
59560,,2011-07-29,Male,5,guangzhou,guangdong,CN,47,2014-03-31,51,88407,39570,52081,71594,2014-03-31,1,14,89,2,1.251371344,94032,3,11.45140106347344,11.389717742268617,10.585851805730604,10.860574678602852,11.178780518108107,11.45140106347344,2.714694743820879,4.499809670330265,1.0986122886681096,1.3862943611198906,125.13713440000001,Unknown,Available,Available
56492,2007-07-01,2007-07-18,Male,5,kunming,yunnan,CN,49,2014-03-31,15,102707,29925,23227,84976,2014-01-27,65,43,247,4,1.053199256,186468,40,12.136020284410817,11.53964528966961,10.306482946743365,10.05311372649194,11.350135910621557,12.136020284410817,3.8018892111133558,5.5134287461649825,1.6094379124341003,3.713572066704308,105.3199256,Available,Available,Available
18022,2006-05-09,2006-09-15,Male,6,beijing,.beijing,CN,50,2014-03-31,51,73460,38772,33762,121900,2014-03-22,10,14,53,1,0.733716489,86144,5,11.363787201966506,11.204509932131534,10.565479407088418,10.427120807321092,11.710964518881163,11.363787201966506,2.7343675094195836,3.9889840465642745,0.6931471805599453,1.791759469228055,73.3716489,Available,Available,Available
11183,,2005-05-29,Male,6,zhuhai,guangdong,CN,43,2014-03-31,63,83588,43871,36228,84110,2014-03-19,13,11,84,6,1.062971704,146263,105,11.89316848700834,11.333667211468155,10.689031582362041,10.497615182072922,11.33989263407853,11.89316848700834,2.5218501647206173,4.442651256490317,1.9459101490553132,4.663439094112067,106.2971704,Unknown,Available,Available
11243,,2005-12-14,Male,5,guangzhou,guangdong,CN,39,2014-03-31,67,84017,38719,40559,114895,2014-03-29,3,11,51,4,0.77813186,91186,8,11.420667622042432,11.338786340583832,10.564111541390513,10.610537638265065,11.651782650350098,11.420667622042432,2.4874287191955213,3.9512437185814275,1.6094379124341003,2.1972245773362196,77.813186,Unknown,Available,Available
11191,2005-06-12,,Male,4,guangzhou,guangdong,CN,37,2014-03-31,35,91568,12985,68506,102698,,58,14,120,2,0.869739722,98090,3,11.493650898225532,11.424848065434961,9.471627133068433,11.134691208810318,11.5395576587709,11.493650898225532,2.748401496701107,4.795790545596741,1.0986122886681096,1.3862943611198906,86.9739722,Available,Unknown,Unknown
55420,,2009-08-30,Male,4,guangzhoushi,guangdongsheng,CN,36,2014-03-31,31,68328,33815,26035,112940,2014-03-29,3,24,183,3,0.789749247,83850,33,11.336796693238679,11.132089552807496,10.428689342246626,10.167235474692278,11.634620837446528,11.336796693238679,3.221538942420663,5.214935757608986,1.3862943611198906,3.5263605246161616,78.9749247,Unknown,Available,Available
61982,2011-12-01,2011-12-18,Male,5,shenyang,liaoning,CN,48,2014-03-31,63,68361,33214,43705,131617,2014-03-28,4,11,75,0,0.677294726,73089,0,11.199446837474438,11.132572393676918,10.410756860099342,10.685240671430098,11.787659066635582,11.199446837474438,2.5101236460034544,4.330733340286331,0.0,0.0,67.7294726,Available,Available,Available
20557,2007-05-08,,Male,6,nanning,guangxi,CN,34,2014-03-31,95,82030,15506,43327,112565,2014-03-31,1,7,33,3,0.791891174,98435,5,11.49716186979075,11.314852503584444,9.64904681386415,10.676554356271946,11.631294995271666,11.49716186979075,2.1413169454129233,3.5263605246161616,1.3862943611198906,1.791759469228055,79.1891174,Available,Unknown,Available
8692,,2005-12-18,Male,5,dalian,liaoning,CN,42,2014-03-31,97,74603,22150,40167,111809,2014-03-19,13,7,69,2,0.795848724,98939,23,11.5022688847817,11.219949404057338,10.00563792118106,10.600825937714541,11.624556281141414,11.5022688847817,2.135152148654433,4.248495242049359,1.0986122886681096,3.1780538303479458,79.5848724,Unknown,Available,Available
37007,,2008-01-18,Male,5,beijing,beijing,CN,54,2014-03-31,67,82465,42645,36618,124788,2014-03-23,9,10,37,0,0.712584784,86281,2,11.365376280577502,11.320141366165364,10.66068876188618,10.508322510373395,11.734379590007174,11.365376280577502,2.46320828712047,3.6375861597263857,0.0,1.0986122886681096,71.2584784,Unknown,Available,Available
557,,2006-01-24,Male,6,guangzhou,guangdong,CN,40,2014-03-31,101,78310,42660,41369,119673,2014-03-30,2,7,55,3,0.742826118,101850,39,11.531266239967087,11.268443357424657,10.661040432913284,10.630311259455457,11.692526658261729,11.531266239967087,2.115049969147204,4.02535169073515,1.3862943611198906,3.6888794541139363,74.2826118,Unknown,Available,Available
53184,2010-03-07,,Male,5,guangzhou,guangdong,CN,47,2014-03-31,60,69679,28919,44196,131743,,21,11,86,4,0.673196678,84979,10,11.350171213668803,11.151668611526384,10.272288676272701,10.696412192459125,11.788615924569632,11.350171213668803,2.5584091119909007,4.465908118654584,1.6094379124341003,2.3978952727983707,67.3196678,Available,Unknown,Unknown
23126,2011-01-10,,Female,4,guangzhou,guangdong,FR,40,2014-03-31,12,68332,16850,23700,121632,2014-02-23,38,55,126,0,0.728333333,68332,0,11.132148091391757,11.132148091391757,9.732165281200542,10.073272520325904,11.708763593275831,11.132148091391757,3.861673167219153,4.844187086458591,0.0,0.0,72.8333333,Available,Unknown,Available
4672,,2010-08-19,Male,5,Unknown,Unknown,CN,54,2014-03-31,48,81431,61294,18614,63061,2014-03-29,3,15,94,3,1.404469958,83537,6,11.333056897137341,11.307523595132176,11.023453552529094,9.831722986306817,11.051873648422314,11.333056897137341,2.7962429129298787,4.553876891600541,1.3862943611198906,1.9459101490553132,140.4469958,Unknown,Available,Available
50244,,2011-04-20,Male,6,shanghai,shanghai,CN,55,2014-03-31,52,86632,37062,45694,62006,2014-03-29,3,14,80,3,1.427972616,99664,8,11.509569841156866,11.369436084320364,10.520374446374209,10.729744161706302,11.035002560879946,11.509569841156866,2.71974624098168,4.394449154672439,1.3862943611198906,2.1972245773362196,142.79726159999998,Unknown,Available,Available
12524,2009-09-05,,Male,6,Unknown,Unknown,US,61,2014-03-31,11,96151,76614,11750,80261,2014-03-23,9,67,228,1,1.09967805,100443,2,11.517355637249544,11.473685551632625,11.246548159012276,9.371693622333941,11.293051562523642,11.517355637249544,3.861673167219153,5.43372200355424,0.6931471805599453,1.0986122886681096,109.96780500000001,Available,Unknown,Available
9569,2006-03-06,,Male,5,guangzhou,guangdong,CN,44,2014-03-31,92,77249,41178,41981,108930,2014-03-30,2,8,48,6,0.810163224,109979,40,11.608053810061806,11.254802194759993,10.625683696654097,10.644996233973952,11.598469933241827,11.608053810061806,2.1972245773362196,3.8918202981106265,1.9459101490553132,3.713572066704308,81.01632239999999,Available,Unknown,Available
38541,,2006-03-29,Male,5,Unknown,xian,CN,43,2014-03-31,67,73908,42884,33682,116848,2014-03-31,1,10,47,1,0.754195707,81736,6,11.311262054707527,11.210589885718521,10.666277393424522,10.424748538023646,11.668637781950068,11.311262054707527,2.4657856081095617,3.8712010109078907,0.6931471805599453,1.9459101490553132,75.41957070000001,Unknown,Available,Available
45995,,2007-07-28,Male,6,guangzhou,guangdong,CN,57,2014-03-31,47,83890,23116,56060,68720,2014-03-26,6,15,76,6,1.280616269,92398,7,11.43387143506039,11.337273616141209,10.048323556581577,10.934195662590366,11.137810108356684,11.43387143506039,2.8177491180729204,4.343805421853684,1.9459101490553132,2.0794415416798357,128.0616269,Unknown,Available,Available
8525,,2006-07-31,Female,4,shanghai,shanghai,CN,43,2014-03-31,109,67270,3355,5071,144111,2014-02-15,46,6,43,5,0.61047623,83170,13,11.32865400835664,11.11648451637668,8.856572917341328,9.077809308899132,11.878346054023524,11.32865400835664,1.9771626925286485,3.784189633918261,1.791759469228055,2.639057329615259,61.047622999999994,Unknown,Available,Available
9611,,,Male,5,guangzhou,guangdong,CN,48,2014-03-31,82,66726,40816,34615,135759,2014-03-20,12,8,50,4,0.646682872,77193,8,11.254077012785242,11.108364947596469,10.616853940277469,10.45207128190472,11.818643899908109,11.254077012785242,2.2571227189638,3.9318256327243257,1.6094379124341003,2.1972245773362196,64.6682872,Unknown,Unknown,Available
54785,2006-06-05,2006-06-20,Male,6,guangzhou,guangdong,CN,35,2014-03-31,68,99705,41576,38508,107075,,21,10,79,4,0.819026757,106925,8,11.579892285401154,11.509981134680778,10.635302408736912,10.558647259190574,11.581294141688153,11.579892285401154,2.437794181624269,4.382026634673881,1.6094379124341003,2.1972245773362196,81.9026757,Available,Available,Unknown
5903,,,Male,6,guangzhou,guangdong,CN,45,2014-03-31,79,82933,28932,53039,113061,2014-03-16,16,8,55,6,0.775295725,94615,8,11.457581873930954,11.32580038973195,10.27273809117664,10.878801624859744,11.635691619795091,11.457581873930954,2.293570221871957,4.02535169073515,1.9459101490553132,2.1972245773362196,77.5295725,Unknown,Unknown,Available
15475,,,Male,5,guangzhou,guangdong,CN,40,2014-03-31,74,77369,47441,43115,119277,2014-03-21,11,9,46,6,0.734588563,82133,6,11.316107338823567,11.2563543875435,10.767263191298982,10.67164943690152,11.68921218202776,11.316107338823567,2.3362583080595742,3.8501476017100584,1.9459101490553132,1.9459101490553132,73.4588563,Unknown,Unknown,Available
18844,,2006-07-26,Male,4,beijingshi,beijing,CN,40,2014-03-31,31,82761,41870,33437,59830,,113,20,80,3,1.463755474,84454,5,11.343974127114446,11.323724297831376,10.642348742176754,10.417448256797591,10.999279200267464,11.343974127114446,3.069602121965648,4.394449154672439,1.3862943611198906,1.791759469228055,146.37554740000002,Unknown,Available,Unknown
5167,,2012-05-26,Male,5,NARA,NARA,JP,48,2014-03-31,34,98122,75096,64434,87326,2014-03-24,8,20,71,0,1.001857522,128256,8,11.761791342440219,11.493977072711385,11.22653589021665,11.073412242722492,11.37741497236152,11.761791342440219,3.056000325453987,4.276666119016055,0.0,2.1972245773362196,100.1857522,Unknown,Available,Available
19179,,2007-01-15,Male,5,guangzhou,guangdong,CN,39,2014-03-31,74,78485,40695,37228,126760,2014-03-29,3,9,35,4,0.690051909,85451,10,11.355710093770124,11.270675543916282,10.6138850865026,10.524843306446932,11.750058702697691,11.355710093770124,2.3853637805205046,3.58351893845611,1.6094379124341003,2.3978952727983707,69.0051909,Unknown,Available,Available
15802,,,Male,6,HENDERSOM,NEVADA,US,61,2014-03-31,7,97706,9800,48800,85624,2014-03-25,7,79,314,0,1.021428571,101194,0,11.524804627500306,11.489728483366026,9.19023970026918,10.795506083434564,11.357732575564526,11.524804627500306,3.861673167219153,5.675121665433755,0.0,0.0,102.1428571,Unknown,Unknown,Available
40135,,2009-03-31,Male,4,SYDNEY,NSW,AU,54,2014-03-31,36,62317,36079,21282,118329,2013-12-30,93,18,85,3,0.739067177,62317,3,11.040005587603469,11.040005587603469,10.49349397417656,9.965663910962803,11.681232610378604,11.040005587603469,2.951929650746344,4.454347296253507,1.3862943611198906,1.3862943611198906,73.9067177,Unknown,Available,Available
42700,2012-07-11,,Male,6,kunming,yunnan,CN,48,2014-03-31,43,86379,11215,60626,71368,2014-03-23,9,14,76,4,1.224596738,94678,5,11.458247501679452,11.366511446514693,9.325096609274372,11.012495617386358,11.17561888037753,11.458247501679452,2.7591053721739875,4.343805421853684,1.6094379124341003,1.791759469228055,122.4596738,Available,Unknown,Available
34525,,2009-12-31,Female,6,guangzhoushi,guangdong,CN,34,2014-03-31,106,72711,51475,33531,128750,2014-02-25,36,6,43,7,0.678582369,85098,11,11.351570563611107,11.194261711798607,10.848870958613556,10.420255485757748,11.76563558548611,11.351570563611107,2.030651377504154,3.784189633918261,2.0794415416798357,2.4849066497880004,67.85823690000001,Unknown,Available,Available
57559,2008-09-02,,Male,6,guangzhou,guangdong,CN,53,2014-03-31,89,77100,26172,59904,106167,2014-03-29,3,8,93,0,0.82264602,91456,2,11.423624195449495,11.252871529635922,10.172483624032427,11.000515253074,11.572778024117085,11.423624195449495,2.227077540515312,4.543294782270004,0.0,1.0986122886681096,82.264602,Available,Unknown,Available
16715,,,Male,4,changchun,jilinsheng,CN,54,2014-03-31,62,78842,36045,35568,89752,2013-12-19,104,9,82,2,0.972563954,86358,6,11.366268305126777,11.275213812293087,10.49255117955275,10.479229750968448,11.404816731975727,11.366268305126777,2.3843916917274433,4.418840607796598,1.0986122886681096,1.9459101490553132,97.2563954,Unknown,Unknown,Available
40365,,2009-10-24,Male,5,Unknown,Unknown,HK,56,2014-03-31,36,79172,21274,30986,63184,2014-03-21,11,19,94,0,1.380619144,84669,2,11.346516626636323,11.279390610588894,9.965287953441575,10.341323040674743,11.05382221019278,11.346516626636323,3.0070960322749274,4.553876891600541,0.0,1.0986122886681096,138.0619144,Unknown,Available,Available
43846,,2012-04-27,Male,5,Goyang-si,Gyeonggi-do,KR,55,2014-03-31,51,69856,45955,40855,118422,2014-03-20,12,13,64,0,0.73627451,82553,14,11.321207903655871,11.15420557440983,10.735439695973255,10.61780896832748,11.682018239323398,11.321207903655871,2.698673039289613,4.174387269895637,0.0,2.70805020110221,73.627451,Unknown,Available,Available
54645,,,Male,5,guangzhou,guangdong,CN,45,2014-03-31,69,66400,13894,49353,119146,2014-03-27,5,8,36,4,0.731558088,80026,8,11.290119356715705,11.103467395592086,9.539284342176604,10.80677409527503,11.688113303863286,11.290119356715705,2.227798157396802,3.6109179126442243,1.6094379124341003,2.1972245773362196,73.1558088,Unknown,Unknown,Available
56118,2005-01-11,2006-02-22,Male,5,guangzhoushi,guangdongsheng,CN,45,2014-03-31,84,85593,40360,45603,90564,2014-03-31,1,8,42,3,0.962312287,93153,12,11.442009316599991,11.357370466215228,10.605619251167537,10.727750710953611,11.413823103927017,11.442009316599991,2.223646193525026,3.7612001156935624,1.3862943611198906,2.5649493574615367,96.2312287,Available,Available,Available
45566,,,Male,5,guangzhou,guangdong,CN,45,2014-03-31,68,77304,35569,43554,109665,2014-03-27,5,10,37,2,0.794431222,82659,5,11.322491088065723,11.255513915536694,10.4792578649425,10.681779786252992,11.605194662033567,11.322491088065723,2.459716401189034,3.6375861597263857,1.0986122886681096,1.791759469228055,79.4431222,Unknown,Unknown,Available
38361,2007-04-02,,Male,4,shamen,fujian,CN,68,2014-03-31,20,76471,19750,36363,113068,2014-03-29,3,37,173,0,0.769414069,78582,0,11.27191067003705,11.244679939743598,9.890959401958858,10.50133455324175,11.635753530811293,11.27191067003705,3.638970243019987,5.159055299214529,0.0,0.0,76.9414069,Available,Unknown,Available
156,,2011-01-22,Male,6,guangzhoushi,guangdong,CN,37,2014-03-31,27,85428,41202,16860,106399,,89,23,77,1,0.816711529,168458,42,12.034447675724465,11.35544090058728,10.626266348220677,9.732758541777981,11.574960855889682,12.034447675724465,3.214249756293947,4.356708826689592,0.6931471805599453,3.7612001156935624,81.6711529,Unknown,Available,Unknown
29824,,2007-10-30,Female,4,guangzhou,guangdong,CN,49,2014-03-31,64,75379,55829,25645,114718,2014-03-30,2,11,70,1,0.757229554,84859,15,11.348758118756315,11.230297266821127,10.930066638304407,10.152142893019061,11.650240938919584,11.348758118756315,2.526363363631321,4.2626798770413155,0.6931471805599453,2.772588722239781,75.7229554,Unknown,Available,Available
2149,,2005-05-21,Male,5,guangzhou,guangdong,CN,42,2014-03-31,113,63060,40666,41874,147384,2014-03-25,7,6,35,5,0.589203374,103861,54,11.550818373904603,11.051857790886416,10.613172231735003,10.642444269127367,11.900803489651341,11.550818373904603,2.0005142831094886,3.58351893845611,1.791759469228055,4.007333185232471,58.9203374,Unknown,Available,Available
8678,,2007-10-19,Male,6,shenyang,liaoning,CN,61,2014-03-31,40,77392,29655,44664,60149,2014-03-30,2,17,105,3,1.443029477,84126,5,11.340082840810044,11.256651616211455,10.297419744830568,10.706945476135939,11.004596721402825,11.340082840810044,2.8960535912219525,4.663439094112067,1.3862943611198906,1.791759469228055,144.3029477,Unknown,Available,Available
53581,,2006-01-19,Male,5,beijing,beijing,CN,40,2014-03-31,80,68353,31314,39907,138420,2014-03-30,2,9,37,3,0.624723523,84105,9,11.33983318705473,11.132455362751363,10.351852494959513,10.594332084033399,11.838055044759297,11.33983318705473,2.321394424978871,3.6375861597263857,1.3862943611198906,2.302585092994046,62.4723523,Unknown,Available,Available
30326,2008-08-06,2008-08-21,Male,5,dalian,liaoning,CN,49,2014-03-31,53,86920,51760,43416,113194,2014-02-20,41,12,53,1,0.76250826,98920,5,11.50207683076339,11.372754939136215,10.854392248926331,10.678606348461217,11.636867274164405,11.50207683076339,2.6349279361077302,3.9889840465642745,0.6931471805599453,1.791759469228055,76.250826,Available,Available,Available
43637,2009-09-01,,Female,6,dalian,liaoning,CN,57,2014-03-31,109,65380,25453,25791,123276,2014-03-31,1,6,30,2,0.700098478,75280,6,11.228983057911735,11.08798697535854,10.144628180551992,10.157819645306354,11.722189134850398,11.228983057911735,2.0488868733244505,3.4339872044851463,1.0986122886681096,1.9459101490553132,70.0098478,Available,Unknown,Available
55499,,2010-11-20,Male,5,guangzhoushi,guangdongsheng,CN,35,2014-03-31,70,86843,50055,29206,112890,2014-03-28,4,10,75,1,0.764457525,95565,6,11.467572387245989,11.371868684654128,10.820897657678199,10.282163685554078,11.634178030396889,11.467572387245989,2.4174653686048706,4.330733340286331,0.6931471805599453,1.9459101490553132,76.4457525,Unknown,Available,Available
49298,,,Male,6,.,beijing,CN,41,2014-03-31,35,79786,53857,23024,62808,2014-03-23,9,20,90,0,1.37325484,84253,4,11.341591324832383,11.287115862898899,10.894106232367553,10.044335861123507,11.047853654290003,11.341591324832383,3.0897046607308463,4.51085950651685,0.0,1.6094379124341003,137.325484,Unknown,Unknown,Available
42157,,2012-02-19,Male,6,beijing,beijing,CN,51,2014-03-31,34,84242,31705,43052,65969,,29,20,80,0,1.307116221,88211,3,11.387498287162089,11.341460758709358,10.364261216403174,10.670187193839041,11.096955372216916,11.387498287162089,3.0588493302019373,4.394449154672439,0.0,1.3862943611198906,130.7116221,Unknown,Available,Unknown
10283,,2009-01-17,Male,5,guangzhou,guangdong,CN,33,2014-03-31,88,72746,46105,35298,110192,,27,8,55,3,0.782405619,212792,68,12.26807514117174,11.194742947070063,10.738698372359542,10.471609913908228,11.609988652812271,12.26807514117174,2.206124826793825,4.02535169073515,1.3862943611198906,4.23410650459726,78.2405619,Unknown,Available,Unknown
19508,,2010-02-24,Male,5,zhengzhoushi,henan,CN,36,2014-03-31,101,76699,40010,38723,104916,2014-03-22,10,7,52,7,0.821220119,109822,33,11.606625257888268,11.247656987355347,10.596909695290504,10.564214841839963,11.560924840358139,11.606625257888268,2.105352923464337,3.970291913552122,2.0794415416798357,3.5263605246161616,82.1220119,Unknown,Available,Available
55130,2007-02-01,,Male,4,guangzhou,guangdong,CN,43,2014-03-31,44,59745,38109,26914,123585,2014-03-17,15,16,83,8,0.697107982,64174,8,11.069369005739341,10.997857521946106,10.548231993867907,10.200439030995058,11.72469254898194,11.069369005739341,2.8655176332773165,4.430816798843313,2.1972245773362196,2.1972245773362196,69.7107982,Available,Unknown,Available
29440,2007-06-01,,Male,6,shenyang,liaoning,CN,47,2014-03-31,57,62076,29445,39662,124821,2014-03-31,1,12,70,0,0.690196361,65164,0,11.08467779396482,11.036130828947154,10.290313356425354,10.588174042178206,11.73464400143289,11.08467779396482,2.6026896854443837,4.2626798770413155,0.0,0.0,69.0196361,Available,Unknown,Available
40177,,2010-08-19,Male,6,nanhai,guangdong,CN,39,2014-03-31,43,84273,26822,54924,70258,2014-03-21,11,16,92,4,1.225645051,120965,24,11.703264793357766,11.341828674116702,10.197015007403428,10.913723897252812,11.159943692869113,11.703264793357766,2.875714600203574,4.532599493153256,1.6094379124341003,3.2188758248682006,122.5645051,Unknown,Available,Available
49867,,2011-01-19,Male,5,anshan,liaoning,CN,53,2014-03-31,57,72602,24922,43079,101773,2014-03-28,4,12,138,5,0.846069291,75853,6,11.236565719048693,11.192761522273194,10.123546350888414,10.670814131270324,11.530509947727232,11.236565719048693,2.6026896854443837,4.9344739331306915,1.791759469228055,1.9459101490553132,84.60692909999999,Unknown,Available,Available
38621,,2007-10-25,Female,5,guangzhou,guangdong,CN,42,2014-03-31,82,74240,46167,33122,121881,2014-03-21,11,8,49,7,0.705870234,80251,12,11.292926962800092,11.215071837196952,10.740042196390803,10.407983184107247,11.710808642548207,11.292926962800092,2.288911791107603,3.912023005428146,2.0794415416798357,2.5649493574615367,70.5870234,Unknown,Available,Available
40322,,2010-03-22,Male,4,foshan,guangdong,CN,38,2014-03-31,69,84626,71304,6681,94964,,23,10,213,5,0.903869993,90062,13,11.408264704426676,11.346008643613295,11.174721730170868,9.077809308899132,11.461263681646336,11.408264704426676,2.4333553238675627,5.365976015021851,1.791759469228055,2.639057329615259,90.3869993,Unknown,Available,Unknown
58432,,2010-02-20,Female,5,beijing,beijing,CN,43,2014-03-31,63,82596,40053,30967,102801,2014-02-17,44,11,48,1,0.833366699,91921,11,11.428695670336413,11.321728639236905,10.59798382266537,10.340709692257484,11.540560087066869,11.428695670336413,2.491604598365319,3.8918202981106265,0.6931471805599453,2.4849066497880004,83.3366699,Unknown,Available,Available
42627,,2012-04-29,Male,5,LEVALLOIS PERRET,92300,FR,35,2014-03-31,12,89175,85067,12236,84488,2013-08-15,230,43,146,0,1.013213001,89175,0,11.39836722406946,11.39836722406946,11.351206215643018,9.412219427985669,11.344376627356644,11.39836722406946,3.784189633918261,4.990432586778736,0.0,0.0,101.3213001,Unknown,Available,Available
35314,,2011-05-31,Male,5,kuerle,xinjiang,CN,46,2014-03-31,69,83339,21560,40975,99590,2014-03-15,17,9,70,1,0.859349031,100125,8,11.514184671836391,11.330683904976445,9.978641406136552,10.620741808439307,11.508827078044066,11.514184671836391,2.338690097653183,4.2626798770413155,0.6931471805599453,2.1972245773362196,85.9349031,Unknown,Available,Available
57188,,2007-07-17,Male,6,haerbin,heilongjiang,CN,41,2014-03-31,88,85106,30763,39345,92775,2014-03-28,4,8,30,0,0.922312153,94601,4,11.457433896465536,11.351664567347825,10.334100454176944,10.580149596836211,11.437943264636539,11.457433896465536,2.236052247339357,3.4339872044851463,0.0,1.6094379124341003,92.2312153,Unknown,Available,Available
17102,2012-03-03,2012-03-28,Male,5,shenyang,liaoning,CN,51,2014-03-31,59,57908,42397,29713,133334,2014-03-29,3,12,55,2,0.641461668,61160,2,11.021265010465248,10.966628091895984,10.654856470296197,10.299373594197299,11.800620037343885,11.021265010465248,2.598850908983372,4.02535169073515,1.0986122886681096,1.0986122886681096,64.1461668,Available,Available,Available
62873,2006-04-11,2006-04-17,Male,5,hangzhou,zhejiang,CN,42,2014-03-31,40,65896,23893,40819,133403,2014-03-22,10,18,44,7,0.640861525,75546,10,11.232510258110352,11.095848195933886,10.08138266037717,10.616927436363836,11.801137397021614,11.232510258110352,2.9631561031723583,3.8066624897703196,2.0794415416798357,2.3978952727983707,64.0861525,Available,Available,Available
29484,,2008-12-21,Male,4,SAN MARINO,CA,US,54,2014-03-31,13,68776,20720,14484,113580,,86,50,225,1,0.752468392,68776,1,11.138624665704375,11.138624665704375,9.938902957757083,9.580868910203451,11.640271517759631,11.138624665704375,3.861673167219153,5.420534999272286,0.6931471805599453,0.6931471805599453,75.24683920000001,Unknown,Available,Unknown
29166,2005-05-05,,Male,6,guangzhou,guangdong,CN,43,2014-03-31,68,73658,34093,40130,119701,2014-03-21,11,10,71,2,0.712072581,79794,3,11.287216124833288,11.207201614017682,10.43687669471087,10.599904381963697,11.692760599844242,11.287216124833288,2.45203390491596,4.276666119016055,1.0986122886681096,1.3862943611198906,71.2072581,Available,Unknown,Available
36116,,2010-12-16,Female,5,shenyang,liaoning,CN,47,2014-03-31,69,67143,21848,38013,119959,2014-03-29,3,10,47,2,0.710441151,81026,21,11.302537711444696,11.114594845762664,9.991910432886025,10.545709791910783,11.694913632862946,11.302537711444696,2.4575757562221625,3.8712010109078907,1.0986122886681096,3.091042453358316,71.0441151,Unknown,Available,Available
60503,,2012-11-18,Male,5,huizhou,guangdong,CN,39,2014-03-31,38,85151,16013,59150,63749,2014-03-28,4,13,94,4,1.335886053,100772,11,11.520625741596417,11.352193173777415,9.68121861863258,10.987848775434378,11.062724463020672,11.520625741596417,2.6676035118405697,4.553876891600541,1.6094379124341003,2.4849066497880004,133.5886053,Unknown,Available,Available
18790,2006-03-09,,Male,5,guangzhou,guangdong,CN,34,2014-03-31,97,78099,47544,39352,95578,2014-03-14,18,7,52,5,0.890442047,90497,31,11.413083029996308,11.265745335827777,10.769431909973544,10.580327489821343,11.467708409637577,11.413083029996308,2.1190127543384887,3.970291913552122,1.791759469228055,3.4657359027997265,89.0442047,Available,Unknown,Available
11105,,,Male,4,guangzhoushi,guangdongsheng,US,66,2014-03-31,13,89158,32690,9441,96745,2014-02-27,34,53,176,7,0.879156546,89158,7,11.398176571645072,11.398176571645072,10.394855089644995,9.152923101106232,11.479844266368104,11.398176571645072,3.861673167219153,5.176149732573829,2.0794415416798357,2.0794415416798357,87.91565460000001,Unknown,Unknown,Available
41035,,2010-12-15,Male,4,shanghai,shanghai,CN,39,2014-03-31,84,71997,21990,54675,124877,2014-03-29,3,8,98,3,0.680674344,77247,4,11.254776304457204,11.184393619834605,9.998388557730848,10.909180135272544,11.735092539686306,11.254776304457204,2.2744830604460895,4.59511985013459,1.3862943611198906,1.6094379124341003,68.06743440000001,Unknown,Available,Available
21151,,2008-03-25,Male,6,guangzhou,guangdong,CN,61,2014-03-31,33,79726,26685,47767,60566,2014-01-13,79,19,129,0,1.400179804,85646,3,11.357989476869129,11.286363577797534,10.191894362302365,10.774111238226828,11.011505469278333,11.357989476869129,3.0280179370519598,4.867534450455582,0.0,1.3862943611198906,140.0179804,Unknown,Available,Available
47964,,2007-09-24,Male,6,shanghai,shanghai,CN,50,2014-03-31,61,66095,22830,35085,129994,,25,11,121,0,0.652295875,80714,7,11.29867971059163,11.098863509636546,10.035874540579453,10.46555746948913,11.775251267159595,11.29867971059163,2.5323731867620234,4.804021044733257,0.0,2.0794415416798357,65.2295875,Unknown,Available,Unknown
46252,,,Female,6,guangzhoushi,guangdongsheng,CN,50,2014-03-31,87,77762,35020,46616,114443,2014-03-15,17,8,47,6,0.740124516,89995,11,11.407520503880274,11.261421018637035,10.463703160543519,10.749720560454843,11.647840899366912,11.407520503880274,2.2239948184536544,3.8712010109078907,1.9459101490553132,2.4849066497880004,74.01245159999999,Unknown,Unknown,Available
39255,,2008-10-13,Male,4,LNUT,Unknown,US,57,2014-03-31,17,67763,14119,26023,105518,2014-03-19,13,40,85,5,0.80243475,86730,9,11.370566653647774,11.123786359460837,9.555347511047232,10.166774468153188,11.566646310469869,11.370566653647774,3.7346889901452305,4.454347296253507,1.791759469228055,2.302585092994046,80.243475,Unknown,Available,Available
44810,,2006-01-15,Male,5,shanghai,shanghai,CN,54,2014-03-31,62,77127,2229,8832,104351,2014-03-29,3,11,32,2,0.810345085,82506,7,11.320638417208192,11.253221658344216,8.856572917341328,9.086249986745132,11.555525078589046,11.320638417208192,2.53940518460816,3.4965075614664802,1.0986122886681096,2.0794415416798357,81.0345085,Unknown,Available,Available
47782,2007-11-06,2008-06-13,Male,5,changshaxian,hunan,CN,48,2014-03-31,79,75639,35447,36970,102926,2014-03-30,2,9,74,0,0.820983134,82252,2,11.317555142126587,11.233740522772393,10.475822112879326,10.517889100523476,11.541775278074283,11.317555142126587,2.3341334507761764,4.31748811353631,0.0,1.0986122886681096,82.0983134,Available,Available,Available
39078,,2008-03-31,Male,5,nanhai,guangdong,CN,47,2014-03-31,58,75140,41075,35506,94188,,85,11,80,0,0.896582367,81902,2,11.313290899206928,11.22712162753022,10.623179288318186,10.477485139124067,11.453058680922199,11.313290899206928,2.487826359949644,4.394449154672439,0.0,1.0986122886681096,89.6582367,Unknown,Available,Unknown
11878,2007-12-10,2007-12-19,Male,4,CABRAMATTA,AUS,AU,48,2014-03-31,26,54198,28218,19872,126699,2014-02-13,48,26,72,1,0.666378424,54198,1,10.90041773707303,10.90041773707303,10.247750788917848,9.897117305528285,11.74957736630923,10.90041773707303,3.3002714630721948,4.290459441148391,0.6931471805599453,0.6931471805599453,66.6378424,Available,Available,Available
23577,,,Male,5,shanghai,shanghai,CN,42,2014-03-31,82,62949,3334,11552,120396,2014-03-30,2,8,40,0,0.700985,69073,3,11.14293367266909,11.050096039472493,8.856572917341328,9.354700422483019,11.698549894602904,11.14293367266909,2.2914117924071564,3.713572066704308,0.0,1.3862943611198906,70.0985,Unknown,Unknown,Available
19053,,,Male,6,dalianshi,liaoning,CN,42,2014-03-31,94,71408,27388,37291,110837,2014-03-25,7,7,65,8,0.761320588,138707,77,11.840126283082268,11.176179190804158,10.217896751915566,10.526534105416584,11.615824954786692,11.840126283082268,2.163199423884222,4.189654742026425,2.1972245773362196,4.356708826689592,76.1320588,Unknown,Unknown,Available
51497,2012-05-12,2012-06-27,Male,4,fanyu,guangdong,CN,50,2014-03-31,43,75879,13556,56755,88958,2014-03-17,15,14,77,0,0.947841903,79467,1,11.283109703887954,11.23690842404895,9.51465829807939,10.946516656627203,11.395930868414034,11.283109703887954,2.7710995189267638,4.356708826689592,0.0,0.6931471805599453,94.7841903,Available,Available,Available
2155,,2005-06-20,Male,5,。,beijing,CN,64,2014-03-31,49,79640,41465,31161,82626,2014-03-23,9,14,110,0,1.019422095,82102,2,11.315729835576818,11.285284314603569,10.63262909331945,10.3469546827773,11.322091782609899,11.315729835576818,2.7621174221619595,4.709530201312334,0.0,1.0986122886681096,101.94220949999999,Unknown,Available,Available
20561,2007-08-12,,Male,5,GREAT FALLS,VA,US,58,2014-03-31,32,94239,29738,23687,87009,2014-03-21,11,22,70,3,0.967861715,135820,35,11.819093121326587,11.453599998885414,10.300214594701007,10.072723869781427,11.37377833356007,11.819093121326587,3.1672429140806866,4.2626798770413155,1.3862943611198906,3.58351893845611,96.7861715,Available,Unknown,Available
59249,2011-04-01,2011-07-30,Male,5,foshanshi,guangdong,CN,35,2014-03-31,82,73802,34150,44498,119037,2014-03-28,4,8,38,4,0.706153885,85382,13,11.354902296729096,11.209154660168863,10.438547147147077,10.703221995991722,11.68719804885051,11.354902296729096,2.288911791107603,3.6635616461296463,1.6094379124341003,2.639057329615259,70.6153885,Available,Available,Available
31448,2010-08-06,,Female,5,guangzhou,guangdong,CN,33,2014-03-31,62,80411,42770,31981,101808,,22,11,40,7,0.824876139,89527,14,11.402306704497864,11.29491869776117,10.663615581822071,10.372928523519388,11.530853787835147,11.402306704497864,2.5131913640249888,3.713572066704308,2.0794415416798357,2.70805020110221,82.4876139,Available,Unknown,Unknown
62033,2012-05-11,,Male,6,beijing,beijing,CN,65,2014-03-31,67,76626,50851,35396,95683,2014-03-14,18,10,61,0,0.877645872,83899,2,11.337380892455297,11.24670477403981,10.836674732070014,10.474382349768028,11.468806374330677,11.337380892455297,2.4156431791924122,4.127134385045092,0.0,1.0986122886681096,87.7645872,Available,Unknown,Available
57741,,2009-08-19,Male,6,dalian,liaoning,CN,39,2014-03-31,81,71801,28048,43851,103927,,30,8,38,7,0.807743897,122622,114,11.716869886846787,11.181667609801572,10.241708259691459,10.68857560679443,11.551453630675569,11.716869886846787,2.2669579153508947,3.6635616461296463,2.0794415416798357,4.74493212836325,80.7743897,Unknown,Available,Unknown
38207,2005-07-07,,Female,6,guangzhoushi,guangdongsheng,CN,42,2014-03-31,86,77290,51499,29838,105952,2014-03-25,7,8,46,5,0.791347497,90686,24,11.415169296172337,11.255332798301602,10.849337086651827,10.303571541691813,11.570750878538615,11.415169296172337,2.248191020897191,3.8501476017100584,1.791759469228055,3.2188758248682006,79.1347497,Available,Unknown,Available
37124,2007-04-02,2007-04-16,Female,4,conghua,guangdong,CN,55,2014-03-31,6,90726,16750,69500,73392,2013-12-21,102,85,231,0,1.141666667,108171,4,11.591477831868218,11.415610276478688,9.726213236963687,11.149096419938578,11.203583842207394,11.591477831868218,3.861673167219153,5.44673737166631,0.0,1.6094379124341003,114.1666667,Available,Available,Available
31799,2010-10-06,,Female,5,75003,PARIS,FR,41,2014-03-31,9,89213,18400,30150,91224,2014-01-23,69,66,200,0,0.917777778,92059,0,11.430195817371233,11.398793256925279,9.820160289946374,10.313973369101156,11.421084261304648,11.430195817371233,3.861673167219153,5.303304908059076,0.0,0.0,91.77777780000001,Available,Unknown,Available
31240,2009-09-10,,Male,6,guangzhou,guangdong,CN,38,2014-03-31,63,85024,41586,34456,102466,2014-03-28,4,11,80,3,0.81701218,92593,7,11.43597962371858,11.350700609875396,10.635542897411055,10.447467448834278,11.537296074503667,11.43597962371858,2.5410938636010285,4.394449154672439,1.3862943611198906,2.0794415416798357,81.701218,Available,Unknown,Available
2018,,2004-11-17,Male,4,guangzhou,guangdong,CN,49,2014-03-31,38,66734,28934,30217,124410,2014-01-26,66,17,51,3,0.672776465,70001,12,11.156279092051912,11.108484831908251,10.272807214007939,10.316193052299786,11.731345879815304,11.156279092051912,2.9301120865601087,3.9512437185814275,1.3862943611198906,2.5649493574615367,67.2776465,Unknown,Available,Available
22701,2010-07-01,,Male,6,shenzhen,guangdong,CN,54,2014-03-31,40,79541,18569,52265,63801,2014-03-30,2,18,54,2,1.311356405,84043,4,11.339095750208939,11.284040463026905,9.829302654346751,10.864101343046947,11.063539816803926,11.339095750208939,2.9644797298117913,4.007333185232471,1.0986122886681096,1.6094379124341003,131.1356405,Available,Unknown,Available
29347,,,Male,6,guangzhou,guangdong,CN,45,2014-03-31,73,69987,31217,43920,120191,2014-03-23,9,8,38,3,0.695825062,80860,9,11.300486910172458,11.15607907776451,10.348750130518358,10.69014784459452,11.69684574312788,11.300486910172458,2.3011952386938646,3.6635616461296463,1.3862943611198906,2.302585092994046,69.58250620000001,Unknown,Unknown,Available
1035,,2007-04-19,Male,6,guangzhou,guangdong,CN,44,2014-03-31,71,74666,32479,42783,107032,2014-03-17,15,10,44,5,0.78021629,94798,39,11.45951413966427,11.220793506444817,10.388379794275615,10.66391947990167,11.580892477110034,11.45951413966427,2.412079908046409,3.8066624897703196,1.791759469228055,3.6888794541139363,78.021629,Unknown,Available,Available
4331,,2009-11-21,Male,6,shenzhen,guangdong,CN,35,2014-03-31,74,75164,28862,45137,86299,2014-03-31,1,9,44,4,0.967311788,89831,14,11.405696538252375,11.227440976061935,10.270315777029374,10.717479742788276,11.36558487707152,11.405696538252375,2.386624020120155,3.8066624897703196,1.6094379124341003,2.70805020110221,96.7311788,Unknown,Available,Available
33530,,2012-04-20,Male,4,guangzhou,guangdong,CN,45,2014-03-31,45,72221,46091,28840,83894,2013-12-20,103,13,103,1,0.995006913,77155,3,11.25358462534413,11.18749998760779,10.738394678133906,10.269553264861555,11.337321295923799,11.25358462534413,2.697387495296914,4.6443908991413725,0.6931471805599453,1.3862943611198906,99.5006913,Unknown,Available,Available
55364,,2008-09-16,Male,6,shantou,guangdong,CN,40,2014-03-31,127,69661,22212,62925,131400,2014-03-31,1,5,55,14,0.635267428,101599,52,11.52879881412652,11.151410254389267,10.008432982057622,11.049714711812085,11.786008995353765,11.52879881412652,1.8971199849358813,4.02535169073515,2.70805020110221,3.970291913552122,63.5267428,Unknown,Available,Available
47792,,2007-10-26,Male,5,guangzhou,guangdong,CN,55,2014-03-31,86,60157,37992,35494,130146,2014-03-28,4,8,66,0,0.641211101,68847,4,11.13965645507838,11.004729713390253,10.545157211213365,10.477147120473486,11.776419859830503,11.13965645507838,2.2243055359897808,4.204692619390966,0.0,1.6094379124341003,64.1211101,Unknown,Available,Available
52714,,2009-08-31,Male,5,changchun,jilin,CN,38,2014-03-31,58,70236,34540,33319,114424,,29,11,61,3,0.728744669,82077,4,11.315425293635995,11.15963051669072,10.44990230322135,10.41391309628078,11.647674865521843,11.315425293635995,2.508029066851712,4.127134385045092,1.3862943611198906,1.6094379124341003,72.8744669,Unknown,Available,Unknown
26509,,2011-06-23,Male,6,kuche,xinjiang,CN,46,2014-03-31,69,72716,21534,35077,101139,2014-03-29,3,10,76,0,0.82410712,85016,4,11.35060651547512,11.194330473874974,9.977434797488211,10.465329432318082,11.524260974633973,11.35060651547512,2.4499903843264423,4.343805421853684,0.0,1.6094379124341003,82.410712,Unknown,Available,Available
44606,,2006-10-24,Male,5,shenyangshi,liaoningsheng,CN,37,2014-03-31,38,69919,40955,29314,78846,2014-02-18,43,18,74,0,1.056982345,73549,2,11.205720726029584,11.155107010329417,10.620253598694708,10.285854609398315,11.275264544742841,11.205720726029584,2.9697212248210296,4.31748811353631,0.0,1.0986122886681096,105.6982345,Unknown,Available,Available
3570,2008-09-06,,Male,6,guangzhoushi,guangdongsheng,CN,38,2014-03-31,78,75892,24327,51957,115093,2014-03-13,19,8,74,2,0.723989122,86959,4,11.37320352179509,11.23707973251662,10.099383229357201,10.858190978896696,11.653504464767392,11.37320352179509,2.2973767478816853,4.31748811353631,1.0986122886681096,1.6094379124341003,72.3989122,Available,Unknown,Available
9520,,,Male,4,beijing,beijing,CN,66,2014-03-31,16,87791,23860,36863,96627,2014-01-24,68,40,114,2,0.862176721,92059,3,11.430195817371233,11.382725659298757,10.080000605922026,10.514990744055563,11.478623833273208,11.430195817371233,3.728100167267218,4.74493212836325,1.0986122886681096,1.3862943611198906,86.2176721,Unknown,Unknown,Available
1101,2007-04-01,2007-05-30,Male,4,.,beijing,CN,56,2014-03-31,37,76704,65247,18300,58302,2013-10-21,163,15,126,0,1.428155295,92543,15,11.435439486078382,11.247722174278874,11.085950673374182,9.814710982145282,10.973408828990653,11.435439486078382,2.78466824761994,4.844187086458591,0.0,2.772588722239781,142.8155295,Available,Available,Available
62795,2007-07-09,,Male,5,guangzhoushi,guangdong,CN,50,2014-03-31,76,78455,28898,52635,116724,2014-03-27,5,9,51,8,0.713011977,133497,52,11.801841775436813,11.270293237072156,10.271562271425733,10.87115557527003,11.667576019839137,11.801841775436813,2.3583351080670116,3.9512437185814275,2.1972245773362196,3.970291913552122,71.3011977,Available,Unknown,Available
1282,2009-01-12,,Male,5,guangzhou,guangdong,CN,42,2014-03-31,44,79294,48524,28679,67601,2014-03-30,2,16,110,5,1.230681203,82323,8,11.31841796019235,11.280930353932701,10.78983440803721,10.263955294713556,11.12139284739222,11.31841796019235,2.885190398920401,4.709530201312334,1.791759469228055,2.1972245773362196,123.0681203,Available,Unknown,Available
56170,2005-03-11,,Male,6,guangzhou,guangdong,CN,42,2014-03-31,99,88329,33623,55750,87395,2014-03-29,3,7,47,8,0.951464844,133546,45,11.802208754788982,11.388835079739177,10.422995376684952,10.928650626381225,11.378204794005915,11.802208754788982,2.12798872204538,3.8712010109078907,2.1972245773362196,3.828641396489095,95.14648439999999,Available,Unknown,Available
6022,,2012-01-13,Male,6,changsha,hunan,CN,58,2014-03-31,51,78517,42668,30611,61100,2014-03-18,14,13,73,0,1.357835843,83425,3,11.331715290362238,11.271083176848476,10.661227940238337,10.329147367929812,11.020283511637867,11.331715290362238,2.695977619867941,4.304065093204169,0.0,1.3862943611198906,135.7835843,Unknown,Available,Available
30310,2008-09-09,,Male,6,shenzhen,guangdong,CN,47,2014-03-31,66,76931,11395,55457,114482,2014-03-27,5,10,82,4,0.722954875,88321,5,11.388744506182066,11.250677193775257,9.341017695617799,10.923381256492833,11.64818161933771,11.388744506182066,2.470703699544987,4.418840607796598,1.6094379124341003,1.791759469228055,72.2954875,Available,Unknown,Available
9733,2006-07-11,2006-09-15,Male,6,changsha,hunan,CN,48,2014-03-31,77,80154,36496,37426,94084,2014-03-27,5,9,45,6,0.879383317,88772,10,11.393837828692401,11.291717539123773,10.504985344411832,10.530147648073713,11.451953907978744,11.393837828692401,2.353878387336596,3.828641396489095,1.9459101490553132,2.3978952727983707,87.9383317,Available,Available,Available
46272,,,Male,6,dalian,liaoning,CN,48,2014-03-31,106,68954,32751,42992,104750,2014-03-30,2,6,50,2,0.78942673,80328,5,11.293885980441052,11.141209396908438,10.396719307901071,10.66879259072618,11.559341384278195,11.293885980441052,2.058995850507396,3.9318256327243257,1.0986122886681096,1.791759469228055,78.942673,Unknown,Unknown,Available
6480,,2012-05-22,Male,5,dalian,liaoning,CN,27,2014-03-31,94,61517,26238,41674,130742,2014-03-31,1,7,28,6,0.632198528,71836,7,11.182154942638652,11.027085093898146,10.175002132575733,10.637656707618994,11.780988843209103,11.182154942638652,2.116385056893541,3.367295829986474,1.9459101490553132,2.0794415416798357,63.2198528,Unknown,Available,Available
57857,,2011-05-27,Male,6,guangzhou,guangdong,CN,34,2014-03-31,89,75337,35406,42662,109773,,27,7,53,3,0.752621956,91787,16,11.427236849109866,11.229739934570338,10.474664819686861,10.661087313040806,11.606178985846181,11.427236849109866,2.118443699461247,3.9889840465642745,1.3862943611198906,2.833213344056216,75.2621956,Unknown,Available,Unknown
15633,,,Male,4,PARIS,PARIS,FR,72,2014-03-31,11,69482,18820,19765,101908,2014-02-24,37,62,131,0,0.810053381,69482,0,11.148837397315821,11.148837397315821,9.842728546690564,9.89171856893613,11.531835537194869,11.148837397315821,3.861673167219153,4.882801922586371,0.0,0.0,81.0053381,Unknown,Unknown,Available
47933,2008-01-11,,Male,4,guilinshi,guangxizhuangzuzi,CN,50,2014-03-31,19,57828,3394,26358,114608,2014-03-15,17,25,119,0,0.719314533,61541,0,11.027475147535466,10.96524565893981,8.856572917341328,10.179565051629774,11.649281614210555,11.027475147535466,3.2623609367653863,4.787491742782046,0.0,0.0,71.9314533,Available,Unknown,Available
23070,,2011-04-29,Male,6,Unknown,Unknown,HK,62,2014-03-31,57,69006,15750,59964,87522,2014-03-25,7,12,101,0,0.941829369,75053,0,11.225963133442797,11.141963227709129,9.664659134301736,11.001516337665821,11.379656894947678,11.225963133442797,2.6171351105278045,4.624972813284271,0.0,0.0,94.1829369,Unknown,Available,Available
62373,2011-04-05,,Male,6,wulumuqi,xinjiang,CN,40,2014-03-31,65,65331,15151,12994,110131,2014-03-14,18,9,127,2,0.747842479,68801,3,11.13898809326636,11.08723724117303,9.625887815425859,9.47231994707559,11.609434925350035,11.13898809326636,2.3303218479656453,4.852030263919617,1.0986122886681096,1.3862943611198906,74.7842479,Available,Unknown,Available
24551,2012-06-01,,Male,6,qingdaoshi,shandong,CN,39,2014-03-31,25,73542,33750,29012,58213,2014-01-16,76,24,140,0,1.413954787,73542,0,11.205625548148852,11.205625548148852,10.426765325491356,10.275499284385074,10.971881154620236,11.205625548148852,3.248434627109745,4.948759890378168,0.0,0.0,141.3954787,Available,Unknown,Available
35715,,2005-10-30,Male,6,changchun,jilin,CN,60,2014-03-31,51,75239,28665,35331,57992,,26,13,133,4,1.418412885,84490,9,11.344400298797053,11.228438283414967,10.263467030483161,10.472544347865023,10.968077592589802,11.344400298797053,2.681021528714291,4.897839799950911,1.6094379124341003,2.302585092994046,141.8412885,Unknown,Available,Unknown
15383,2012-03-01,2012-04-23,Male,4,wulumuqi,xinjiang,CN,52,2014-03-31,54,72162,25515,33636,77707,2014-03-13,19,13,82,0,1.057823619,74225,1,11.214869772090887,11.186682728151698,10.147060985361845,10.423381930561995,11.260713491158672,11.214869772090887,2.6404041308426227,4.418840607796598,0.0,0.6931471805599453,105.78236190000001,Available,Available,Available
12319,,2008-09-18,Female,4,guangzhou,guangdong,CN,55,2014-03-31,13,53181,14988,15052,118818,2014-02-15,46,54,143,0,0.691331701,53181,0,10.881475272213198,10.881475272213198,9.615071877730596,9.619332585860503,11.68535660578275,10.881475272213198,3.861673167219153,4.969813299576001,0.0,0.0,69.1331701,Unknown,Available,Available
54390,,2012-03-22,Male,6,Unknown,beijing,CN,37,2014-03-31,72,79804,33244,45580,65267,2014-03-25,7,10,76,0,1.25802427,114260,14,11.646240584209348,11.287341438116659,10.411659658836555,10.727246242006135,11.086257149210962,11.646240584209348,2.411881515000383,4.343805421853684,0.0,2.70805020110221,125.802427,Unknown,Available,Available
57582,,2009-02-28,Male,6,guangzhou,guangdong,CN,46,2014-03-31,93,67036,38788,37645,118300,2014-03-30,2,7,52,6,0.693748774,85122,10,11.351852548315305,11.112999984751339,10.565891980261542,10.535981985884124,11.680987503016127,11.351852548315305,2.186295506799145,3.970291913552122,1.9459101490553132,2.3978952727983707,69.3748774,Unknown,Available,Available
40819,,2010-05-24,Male,5,guangzhou,guangdong,CN,41,2014-03-31,31,81551,37875,33201,60318,,27,22,58,0,1.35912265,83267,0,11.32981960068755,11.308996132579823,10.54207294510339,10.410365394054022,11.00740242429508,11.32981960068755,3.175272187246793,4.07753744390572,0.0,0.0,135.912265,Unknown,Available,Unknown
36972,2006-12-06,,Male,5,guangzhou,guangdong,CN,42,2014-03-31,78,80263,35230,42855,99566,2014-03-28,4,9,47,7,0.822873672,108938,49,11.598543371530747,11.293076480605448,10.469681655831673,10.665600937560797,11.50858606337113,11.598543371530747,2.3433031860527307,3.8712010109078907,2.0794415416798357,3.912023005428146,82.28736719999999,Available,Unknown,Available
46348,,2012-11-23,Male,6,guangzhou,guangdong,CN,35,2014-03-31,96,70365,15079,63420,123933,2014-03-28,4,5,24,3,0.661020551,96520,41,11.477515880232335,11.16146547094057,9.621124641561947,11.057550315864589,11.727504444823051,11.477515880232335,1.8194428980361987,3.2188758248682006,1.3862943611198906,3.7376696182833684,66.1020551,Unknown,Available,Available
26844,,2008-08-20,Male,5,changchun,jilin,CN,39,2014-03-31,58,69639,40313,26459,99952,,20,12,54,3,0.81945874,73938,4,11.210995707919858,11.151094393882126,10.604454082148205,10.183389437668946,11.512455354485608,11.210995707919858,2.5902671651958267,4.007333185232471,1.3862943611198906,1.6094379124341003,81.945874,Unknown,Available,Unknown
24762,2012-06-06,,Male,5,shanghai,shanghai,CN,44,2014-03-31,85,73424,43516,32363,115207,2014-03-24,8,7,69,4,0.710912445,80003,7,11.28983191240606,11.20401975606682,10.68090694533025,10.38480197292773,11.654494469277218,11.28983191240606,2.1771838264041903,4.248495242049359,1.6094379124341003,2.0794415416798357,71.09124449999999,Available,Unknown,Available
707,,,Male,6,changsha,hunan,CN,47,2014-03-31,65,80126,23639,45091,92722,2014-03-27,5,11,67,2,0.883145532,87710,3,11.381802598088962,11.291368154909891,10.070695471520034,10.716460126164423,11.437371832969067,11.381802598088962,2.5106150064982073,4.219507705176107,1.0986122886681096,1.3862943611198906,88.3145532,Unknown,Unknown,Available
11032,2005-02-01,,Male,6,guangzhou,guangdong,CN,45,2014-03-31,85,63521,37633,35531,124859,2014-03-28,4,8,37,1,0.65577155,117769,50,11.676488848835595,11.059141581571435,10.53566317610459,10.478188977889591,11.734948388615734,11.676488848835595,2.2500378799368637,3.6375861597263857,0.6931471805599453,3.9318256327243257,65.577155,Available,Unknown,Available
40022,,2010-12-28,Male,4,fuzhou,fujian,CN,39,2014-03-31,14,99828,36249,50993,79047,,88,47,133,0,1.035521272,102179,0,11.534491242884789,11.511214001251352,10.49819466028282,10.839463257726681,11.277810541874798,11.534491242884789,3.861673167219153,4.897839799950911,0.0,0.0,103.5521272,Unknown,Available,Unknown
61843,2011-09-08,2011-10-24,Male,6,guiyang,guizhou,CN,49,2014-03-31,60,66086,41825,22757,118246,2014-03-30,2,12,111,6,0.691508973,68505,7,11.134676611655303,11.09872733478783,10.641273434714453,10.032672010916954,11.680530936053497,11.134676611655303,2.585595252033998,4.718498871295094,1.9459101490553132,2.0794415416798357,69.1508973,Available,Available,Available
45980,2006-11-07,2009-02-28,Male,6,shenzhen,guangdong,CN,51,2014-03-31,39,77181,37287,30412,60512,2014-03-24,8,18,86,17,1.350910398,100768,42,11.52058604763684,11.253921548204943,10.526426838052577,10.322625427564935,11.010613496969443,11.52058604763684,2.971763083467949,4.465908118654584,2.8903717578961645,3.7612001156935624,135.09103979999998,Available,Available,Available
8346,2011-04-05,2011-05-27,Male,5,yisilanbao,.,PK,53,2014-03-31,36,71946,56206,31664,75213,2014-01-31,61,18,116,0,1.086663476,78063,2,11.26528428205562,11.183685015824267,10.936796583285576,10.36296724895053,11.228092662823174,11.26528428205562,2.9459416091260504,4.762173934797756,0.0,1.0986122886681096,108.6663476,Available,Available,Available
47214,2005-04-10,2006-03-26,Male,5,kunming,yunnan,CN,42,2014-03-31,17,63451,28290,7010,109583,2014-02-15,46,38,336,0,0.745799622,67265,2,11.116410187381648,11.058038993528346,10.25029901185045,9.077809308899132,11.604446657437686,11.116410187381648,3.6810362766529106,5.675121665433755,0.0,1.0986122886681096,74.57996220000001,Available,Available,Available
22310,,,Male,5,zhengzhou,henan,CN,46,2014-03-31,104,80096,45487,32309,93309,,21,6,33,0,0.875784758,85463,2,11.355850513625724,11.290993679171542,10.725203833890781,10.383132058818545,11.443682562228068,11.355850513625724,2.0561132892423437,3.5263605246161616,0.0,1.0986122886681096,87.5784758,Unknown,Unknown,Unknown
35904,,2007-09-13,Male,5,wulumuqishi,xinjiang,CN,49,2014-03-31,50,62571,24941,36746,125199,2014-03-17,15,14,88,0,0.652698823,69344,2,11.146849325090436,11.04407317268166,10.124308408480692,10.511811868655796,11.737667737648135,11.146849325090436,2.7335720697647035,4.48863636973214,0.0,1.0986122886681096,65.2698823,Unknown,Available,Available
30242,,2008-03-23,Male,5,Sanda-shi,Hyogo-ken,JP,71,2014-03-31,41,51301,45416,34521,108363,2014-03-20,12,17,79,2,0.753658537,60763,9,11.014752787327554,10.845485016753688,10.72364176327999,10.449352080946635,11.593251209508129,11.014752787327554,2.9418039315284354,4.382026634673881,1.0986122886681096,2.302585092994046,75.3658537,Unknown,Available,Available
51864,,2012-08-17,Male,4,COLLAROY PLATEAU,NSW,AU,64,2014-03-31,20,96763,52692,37986,77590,2013-09-19,195,20,79,0,1.052316793,96763,0,11.48003030326596,11.48003030326596,10.872237898382645,10.54499927491401,11.25920672006374,11.48003030326596,3.0886472425843996,4.382026634673881,0.0,0.0,105.2316793,Unknown,Available,Available
11681,2007-09-09,2007-09-23,Male,6,changsha,hunan,CN,48,2014-03-31,68,81102,27135,44511,86064,2014-03-25,7,10,106,5,0.948622421,113445,8,11.639082231763586,11.30347523078802,10.20861653859163,10.70351409472317,11.362858103705607,11.639082231763586,2.4481704100398005,4.672828834461906,1.791759469228055,2.1972245773362196,94.8622421,Available,Available,Available
46215,2007-04-01,,Male,6,guangzhou,guangdong,CN,45,2014-03-31,99,71389,42394,40512,105598,2014-03-30,2,7,41,7,0.77280422,79080,10,11.278227922626957,11.175913082496507,10.654785709738103,10.609378189243436,11.56740418051249,11.278227922626957,2.1316272949012536,3.7376696182833684,2.0794415416798357,2.3978952727983707,77.280422,Available,Unknown,Available
23105,,,Male,6,shantou,guangdong,CN,42,2014-03-31,98,68699,37379,40297,120774,2014-03-20,12,7,39,3,0.675360094,87630,31,11.38089009560181,11.13750447821044,10.528891081009554,10.604057118911712,11.701684589422607,11.38089009560181,2.1148882906979716,3.6888794541139363,1.3862943611198906,3.4657359027997265,67.5360094,Unknown,Unknown,Available
38006,2004-12-01,2005-02-23,Male,5,guangzhou,guangdong,CN,54,2014-03-31,89,67529,42752,35893,106510,2014-03-24,8,8,44,2,0.764573373,80821,8,11.300004484676192,11.120327222568887,10.663194647341323,10.488325429589223,11.576003545182923,11.300004484676192,2.218462102560508,3.8066624897703196,1.0986122886681096,2.1972245773362196,76.45733729999999,Available,Available,Available
3624,2008-09-05,,Male,4,guangzhou,guangdong,CN,40,2014-03-31,35,69242,18047,35563,105725,2014-01-21,71,12,66,1,0.768377962,75693,3,11.234454176046501,11.14537733590786,9.800790154297786,10.47908916924103,11.568606120796785,11.234454176046501,2.6005086598473683,4.204692619390966,0.6931471805599453,1.3862943611198906,76.8377962,Available,Unknown,Available
19168,2007-01-08,2007-05-21,Male,5,guangzhou,guangdong,CN,47,2014-03-31,78,81944,41670,35393,105745,2014-03-26,6,9,62,4,0.767752423,87817,9,11.383021770000767,11.313803569497928,10.637560722208704,10.47429759323113,11.568795271134038,11.383021770000767,2.323151370595879,4.143134726391533,1.6094379124341003,2.302585092994046,76.7752423,Available,Available,Available
49645,,,Male,5,foshanshi,guangdong,CN,43,2014-03-31,75,70509,30101,42449,119758,2014-03-28,4,9,36,1,0.677779021,92308,36,11.432896923863012,11.163509822713086,10.312346893712308,10.656082191739493,11.693236669025248,11.432896923863012,2.326618292414455,3.6109179126442243,0.6931471805599453,3.6109179126442243,67.77790209999999,Unknown,Unknown,Available
18792,,2006-04-21,Male,6,nanhai,guangdong,CN,46,2014-03-31,56,78455,49573,32001,57828,2014-03-17,15,13,46,0,1.402678633,82052,2,11.315120658921122,11.270293237072156,10.811221781727163,10.37355367982882,10.96524565893981,11.315120658921122,2.6403551884605605,3.8501476017100584,0.0,1.0986122886681096,140.26786330000002,Unknown,Available,Available
42199,2012-01-03,,Female,5,beijing,beijing,CN,31,2014-03-31,29,69301,28559,38940,81848,2014-03-30,2,25,95,0,0.99101884,74102,2,11.21321129629461,11.146229044790411,10.25976241645352,10.569802959130607,11.312631365253663,11.21321129629461,3.2851984676388453,4.564348191467836,0.0,1.0986122886681096,99.101884,Available,Unknown,Available
48826,2011-12-03,,Male,5,shenzhenshi,guangdong,CN,32,2014-03-31,55,71046,38741,31123,100558,2014-02-16,45,12,58,3,0.806229241,98321,23,11.496003085774278,11.171096908847732,10.564679561854522,10.345734504736821,11.51849989890283,11.496003085774278,2.6163138747357544,4.07753744390572,1.3862943611198906,3.1780538303479458,80.6229241,Available,Unknown,Available
45997,,,Male,6,wulumuqi,xinjiang,CN,43,2014-03-31,26,76639,2288,64589,70104,2014-03-14,18,16,140,0,1.156431302,84562,2,11.345252097682064,11.246874412644742,8.856572917341328,11.075814879026519,11.157749397155232,11.345252097682064,2.83556352140117,4.948759890378168,0.0,1.0986122886681096,115.64313020000002,Unknown,Unknown,Available
55246,2007-05-07,2008-02-24,Male,6,.,beijing,CN,44,2014-03-31,66,77216,29705,39048,94599,2014-03-27,5,11,59,4,0.856638865,84394,10,11.343263437123028,11.254374919024695,10.299104324589479,10.572572546745315,11.45741275503997,11.343263437123028,2.493840978712363,4.0943445622221,1.6094379124341003,2.3978952727983707,85.6638865,Available,Available,Available
9589,,2006-06-27,Female,5,guangzhou,guangdong,CN,40,2014-03-31,67,70217,32549,40703,112610,2014-03-27,5,10,57,4,0.718858183,81242,13,11.305199942634374,11.159359967402821,10.390532647636716,10.614081646699795,11.631694680857663,11.305199942634374,2.476028975424773,4.060443010546419,1.6094379124341003,2.639057329615259,71.88581830000001,Unknown,Available,Available
52831,,2010-07-25,Male,5,guangzhou,guangdong,CN,33,2014-03-31,65,83276,31494,46322,99061,2014-03-15,17,11,90,4,0.81700528,105390,34,11.565432522449244,11.32992767958525,10.357584082056029,10.743393876988973,11.503501195722388,11.565432522449244,2.4926887902300554,4.51085950651685,1.6094379124341003,3.5553480614894135,81.70052799999999,Unknown,Available,Available
7581,,2010-07-27,Male,6,changshashi,hunan,CN,53,2014-03-31,76,75617,33598,40337,82442,2014-03-23,9,9,39,3,0.981291089,168921,29,12.037192348902012,11.233449629065547,10.42225158360364,10.605049231697091,11.319862424444183,12.037192348902012,2.355809854262949,3.6888794541139363,1.3862943611198906,3.4011973816621555,98.12910889999999,Unknown,Available,Available
37156,,2008-07-14,Male,5,shenzhen,guangdong,CN,45,2014-03-31,38,75227,30988,21966,58995,2014-03-28,4,19,99,0,1.370945673,79865,4,11.288105509275074,11.228278781061968,10.341387581787455,9.997296606214185,10.985224923979393,11.288105509275074,3.0144744554433074,4.605170185988092,0.0,1.6094379124341003,137.0945673,Unknown,Available,Available
49748,,2011-03-15,Male,5,TONDABAYASHI,OSAKA,JP,50,2014-03-31,51,60149,54418,29992,113913,2014-03-15,17,13,62,3,0.710000088,65879,5,11.095590184291577,11.004596721402825,10.904468636571197,10.308719300084501,11.64319905671944,11.095590184291577,2.7067159780890733,4.143134726391533,1.3862943611198906,1.791759469228055,71.0000088,Unknown,Available,Available
26663,,2006-05-14,Male,6,changchun,jilin,CN,40,2014-03-31,71,66529,13402,57591,109398,2014-03-29,3,10,133,7,0.738039452,80434,9,11.295204683824409,11.105408252735932,9.503233841478497,10.96113894814914,11.602757028160417,11.295204683824409,2.426066149386279,4.897839799950911,2.0794415416798357,2.302585092994046,73.8039452,Unknown,Available,Available
14917,,2012-08-25,Male,6,san jose,ca,US,63,2014-03-31,67,85314,46263,47841,64594,2014-03-23,9,8,44,0,1.248345512,93882,1,11.4498046051425,11.354105567961366,10.742119399838055,10.775659193770734,11.075892287394401,11.4498046051425,2.2749335616354984,3.8066624897703196,0.0,0.6931471805599453,124.83455119999999,Unknown,Available,Available
10971,,2005-08-26,Male,4,guangzhou,guangdong,CN,46,2014-03-31,61,71323,57025,13968,108008,,25,11,154,1,0.746502852,75851,5,11.2365393522603,11.174988155653937,10.951262583167178,9.544595867727551,11.589969835967661,11.2365393522603,2.546837607779587,5.043425116919247,0.6931471805599453,1.791759469228055,74.6502852,Unknown,Available,Unknown
30463,2008-07-12,2008-07-13,Male,6,shenzhen,guangdong,CN,47,2014-03-31,44,75321,17040,46220,56219,2014-03-29,3,14,67,4,1.434023907,87685,11,11.381517530497506,11.229527535790833,9.743377484107393,10.741189519249884,10.937027844460523,11.381517530497506,2.7400895546516315,4.219507705176107,1.6094379124341003,2.4849066497880004,143.4023907,Available,Available,Available
58269,,,Male,6,guangzhoushi,guangdong,CN,35,2014-03-31,120,70500,41174,41713,101087,2014-03-31,1,5,34,6,0.797076083,202917,101,12.220557235531128,11.163382173096926,10.62558655504584,10.638592082856581,11.523746703601812,12.220557235531128,1.9362598931880002,3.5553480614894135,1.9459101490553132,4.624972813284271,79.7076083,Unknown,Unknown,Available
49045,2010-10-09,,Male,6,nanyang,henan,CN,48,2014-03-31,101,76567,33465,38898,94342,2014-03-31,1,7,39,6,0.853658074,91990,11,11.429446025158937,11.245934513875742,10.418285277054519,10.568723822335235,11.454692356205449,11.429446025158937,2.115049969147204,3.6888794541139363,1.9459101490553132,2.4849066497880004,85.36580740000001,Available,Unknown,Available
49564,,2010-07-24,Male,5,zhongshan,guangdong,CN,58,2014-03-31,34,78202,36154,33255,58541,2014-03-24,8,21,106,0,1.375456688,83068,3,11.327426866720453,11.26706328896891,10.495570530609053,10.411990480932474,10.977499724336004,11.327426866720453,3.131533814752735,4.672828834461906,0.0,1.3862943611198906,137.54566880000002,Unknown,Available,Available
53643,,2006-09-19,Male,6,zhuhai,guangdong,CN,51,2014-03-31,70,70815,29689,37922,116485,2014-03-23,9,10,59,3,0.689642615,74542,3,11.219131419070697,11.167840242850776,10.298565567757805,10.543313067163668,11.665526373092879,11.219131419070697,2.437926440661276,4.0943445622221,1.3862943611198906,1.3862943611198906,68.9642615,Unknown,Available,Available
3920,,2010-03-25,Male,5,fushunshi,liaoningsheng,CN,45,2014-03-31,34,78812,29640,38853,90814,,28,20,37,1,0.883529412,80200,1,11.2922912626048,11.274833236858443,10.296913817032536,10.567566310598727,11.416579749183544,11.2922912626048,3.089664093401988,3.6375861597263857,0.6931471805599453,0.6931471805599453,88.3529412,Unknown,Available,Unknown
23142,,2012-05-25,Male,6,EDOGAWA-KU,TOKYO-TO,JP,51,2014-03-31,31,88606,43415,36508,100130,2014-02-26,35,21,86,2,0.801290323,93300,4,11.443586104891608,11.39196614024431,10.678583315743241,10.505314084518345,11.514234607668856,11.443586104891608,3.109060958860994,4.465908118654584,1.0986122886681096,1.6094379124341003,80.1290323,Unknown,Available,Available
23352,2012-02-10,2012-02-15,Male,4,SAPPORO-SHI,HOKKAIDO,JP,79,2014-03-31,44,50922,42516,34963,102276,2014-01-30,62,15,52,0,0.784301009,52546,0,10.869463286188333,10.838069966882449,10.657659274933835,10.462074239700378,11.535440097727397,10.869463286188333,2.7754914820281775,3.970291913552122,0.0,0.0,78.4301009,Available,Available,Available
4192,2010-06-07,2010-06-16,Female,6,guangzhou,guangdong,CN,30,2014-03-31,43,76073,8975,66580,60630,,27,16,256,0,1.322550717,85495,2,11.356224870204732,11.239461829756003,9.102309627762478,11.106174530541606,11.012561592414833,11.356224870204732,2.8716796250726917,5.54907608489522,0.0,1.0986122886681096,132.2550717,Available,Available,Unknown
16720,2010-01-11,2010-02-15,Male,4,shenyangshi,liaoning,CN,48,2014-03-31,62,68298,32441,31859,104969,2014-02-27,34,11,59,3,0.762393469,80431,17,11.295167385932356,11.131650404163263,10.38720915861006,10.36910658346404,11.561429874029843,11.295167385932356,2.506529113640738,4.0943445622221,1.3862943611198906,2.8903717578961645,76.2393469,Available,Available,Available
57187,,2011-01-14,Male,5,zhengzhou,henan,CN,38,2014-03-31,35,75885,27939,32732,57698,,26,20,98,0,1.386811155,79079,1,11.278215277284554,11.236987493142202,10.237814632810952,10.396139022323208,10.962995121323477,11.278215277284554,3.0748695939496713,4.59511985013459,0.0,0.6931471805599453,138.6811155,Unknown,Available,Unknown
38771,,2008-05-20,Male,6,guangzhou,guangdong,CN,38,2014-03-31,51,72774,40754,28782,92818,2014-03-28,4,14,64,2,0.861574479,84398,8,11.343310832172625,11.195127768613824,10.615333810528558,10.267540214063745,11.438406639196947,11.343310832172625,2.739548868161581,4.174387269895637,1.0986122886681096,2.1972245773362196,86.1574479,Unknown,Available,Available
55749,,2012-03-31,Male,4,HONG KONG,Unknown,HK,62,2014-03-31,59,53304,26742,41925,118571,2014-03-29,3,12,53,0,0.673916894,57452,0,10.95872250123467,10.883785414384576,10.19402803583639,10.643661438523829,11.683275649982964,10.95872250123467,2.594997339512348,3.9889840465642745,0.0,0.0,67.3916894,Unknown,Available,Available
14678,,2011-09-27,Male,6,Unknown,MAKASAN RATCHTEW1,TH,52,2014-03-31,54,77331,48868,51961,64470,2014-03-26,6,13,65,0,1.238703118,83223,1,11.32929104675073,11.255863120452393,10.79689852760344,10.858267961190807,11.0739707892748,11.32929104675073,2.656425835776373,4.189654742026425,0.0,0.6931471805599453,123.87031180000001,Unknown,Available,Available
51044,,2012-01-26,Female,5,dongguan,guangdong,CN,25,2014-03-31,55,67784,13932,53608,84601,,23,11,115,0,0.942580466,84980,23,11.350182981074266,11.124096210513489,9.542015406113592,10.889472243411273,11.345713185976818,11.350182981074266,2.563523840356193,4.7535901911063645,0.0,3.1780538303479458,94.2580466,Unknown,Available,Unknown
24277,2011-12-07,,Male,4,guangzhou,guangdong,CN,37,2014-03-31,34,86501,30418,21172,84892,2014-01-23,69,19,78,1,0.938940654,91982,4,11.429359056348073,11.367922814039959,10.322822692163156,9.960482064055936,11.349146918959148,11.429359056348073,3.010770150769278,4.3694478524670215,0.6931471805599453,1.6094379124341003,93.8940654,Available,Unknown,Available
30903,,2009-02-27,Male,5,guangzhou,guangdong,CN,38,2014-03-31,58,72404,25139,42682,107038,2014-03-30,2,12,84,3,0.744657411,75053,3,11.225963133442797,11.190030636762703,10.132215482144238,10.661555993479634,11.580948533016473,11.225963133442797,2.623905524289313,4.442651256490317,1.3862943611198906,1.3862943611198906,74.4657411,Unknown,Available,Available
44,,2006-11-17,Male,5,shenyang,liaoning,CN,43,2014-03-31,83,71448,43283,26521,95665,2014-03-29,3,8,42,6,0.832975069,162791,55,12.000228591294025,11.176739187458812,10.67553833069154,10.185729856237545,11.468618237408252,12.000228591294025,2.2903150003528485,3.7612001156935624,1.9459101490553132,4.02535169073515,83.2975069,Unknown,Available,Available
45587,2006-01-04,2006-01-29,Male,6,guangzhou,guangdong,CN,56,2014-03-31,39,74845,20394,48534,64329,2014-03-29,3,18,101,1,1.238633431,78426,1,11.26992353480575,11.223187948206034,9.923045051751659,10.790040466146326,11.071781364405046,11.26992353480575,2.947205232714579,4.624972813284271,0.6931471805599453,0.6931471805599453,123.8633431,Available,Available,Available
11152,,,Male,5,guangzhoushi,guangdong,CN,38,2014-03-31,65,70582,16847,49552,102141,2014-03-14,18,10,161,3,0.779959566,81631,5,11.309976620941537,11.164544601284863,9.731987234373756,10.810798082829503,11.53411928097723,11.309976620941537,2.4718003022826998,5.087596335232384,1.3862943611198906,1.791759469228055,77.9959566,Unknown,Unknown,Available
57717,,2008-09-15,Male,4,foshan,guangdong,CN,46,2014-03-31,44,76598,33301,49144,83527,2014-03-22,10,14,80,8,0.953680726,126899,20,11.751154653702478,11.24633930081318,10.413372734225062,10.80253039100073,11.332937183969946,11.751154653702478,2.7325537239463236,4.394449154672439,2.1972245773362196,3.044522437723423,95.3680726,Unknown,Available,Available
45994,2006-11-06,2008-02-27,Male,5,.,beijing,CN,35,2014-03-31,64,62616,27337,22419,124573,2014-03-31,1,11,63,6,0.639421062,67742,9,11.123476412370751,11.044792085716162,10.216032954712599,10.017708696626151,11.732655195824591,11.123476412370751,2.5314266653092568,4.1588830833596715,1.9459101490553132,2.302585092994046,63.942106200000005,Available,Available,Available
59352,,2012-02-28,Male,6,beijing,beijing,CN,52,2014-03-31,50,72737,36304,35672,64381,2014-01-25,67,13,80,2,1.237046489,81404,6,11.307191975165615,11.194619222974639,10.499710751814348,10.482149379105689,11.072589369918582,11.307191975165615,2.669210367884956,4.394449154672439,1.0986122886681096,1.9459101490553132,123.7046489,Unknown,Available,Available
8329,,,Male,6,wulumuqi,xinjiang,CN,44,2014-03-31,27,71594,26670,26848,55673,,83,23,120,4,1.42926697,72926,5,11.197214219796944,11.178780518108107,10.191332111786215,10.197983855295579,10.927268530581234,11.197214219796944,3.2018079164812483,4.795790545596741,1.6094379124341003,1.791759469228055,142.926697,Unknown,Unknown,Unknown
20194,2005-02-01,,Male,5,beijing,beijing,CN,36,2014-03-31,40,75658,28069,41155,77198,2014-03-23,9,18,92,0,1.030612192,78021,0,11.264746117184796,11.233991681076148,10.242456669355928,10.6251250034957,11.254141782561096,11.264746117184796,2.9538413318715686,4.532599493153256,0.0,0.0,103.0612192,Available,Unknown,Available
38225,,,Male,5,guangzhou,guangdong,CN,39,2014-03-31,72,66319,39764,33130,107745,2014-03-30,2,10,77,5,0.738133649,91664,11,11.425895905997125,11.102246789809177,10.590742407391236,10.408224678961561,11.587531884307083,11.425895905997125,2.4004528185791174,4.356708826689592,1.791759469228055,2.4849066497880004,73.8133649,Unknown,Unknown,Available
38493,,2007-06-18,Male,6,dalian,liaoning,CN,54,2014-03-31,47,74277,53538,17750,57158,2014-02-20,41,14,130,8,1.391171839,78359,13,11.269068872058478,11.215570089956065,10.888165639275709,9.784197131344804,10.953592137139195,11.269068872058478,2.7533837421544236,4.875197323201151,2.1972245773362196,2.639057329615259,139.11718390000001,Unknown,Available,Available
54597,2005-12-07,2006-04-27,Male,5,shenzhen,guangdong,CN,42,2014-03-31,70,71508,23294,40167,112030,2014-03-31,1,10,71,3,0.709738017,85521,23,11.356528931767846,11.17757859488649,10.055994024250897,10.600825937714541,11.626530897693419,11.356528931767846,2.4492544407434833,4.276666119016055,1.3862943611198906,3.1780538303479458,70.97380170000001,Available,Available,Available
13946,,2011-01-30,Male,4,guangzhou,guangdong,CN,34,2014-03-31,51,77170,49769,33342,107440,,113,11,56,1,0.739495067,87565,17,11.38014807372949,11.253779017771214,10.815167671852599,10.414603134260247,11.584697138674281,11.38014807372949,2.552565298261815,4.04305126783455,0.6931471805599453,2.8903717578961645,73.9495067,Unknown,Available,Unknown
693,,2006-05-25,Male,6,zhuhai,guangdong,CN,46,2014-03-31,52,71462,49222,21714,98327,2014-03-31,1,14,103,7,0.807594964,87080,37,11.374593998975703,11.176935112224328,10.804116272920615,9.985758544968922,11.496064107894817,11.374593998975703,2.7223268871625015,4.6443908991413725,2.0794415416798357,3.6375861597263857,80.7594964,Unknown,Available,Available
33570,,2012-06-26,Male,6,guangzhou,guangdong,CN,30,2014-03-31,57,77168,28480,43061,99434,2014-03-30,2,11,38,2,0.798412817,133456,26,11.801534607559661,11.253753100964163,10.256992477269039,10.670396216658126,11.507259443343601,11.801534607559661,2.524299051727559,3.6635616461296463,1.0986122886681096,3.295836866004329,79.8412817,Unknown,Available,Available
47381,2005-09-04,2005-10-28,Male,6,wuhan,hubei,CN,52,2014-03-31,56,78012,19440,61755,87321,2014-03-30,2,13,96,3,0.908338086,95106,6,11.462757852554397,11.26463075845105,9.87513951702064,11.030946415761818,11.377357714661773,11.462757852554397,2.653241964607215,4.574710978503383,1.3862943611198906,1.9459101490553132,90.8338086,Available,Available,Available
40402,,2009-12-13,Male,6,guangzhou,guangdong,CN,45,2014-03-31,32,79139,33575,35191,60308,2014-03-19,13,23,91,1,1.3146624,81518,1,11.308591400893006,11.278973714939415,10.421566805013427,10.468574063028555,11.00723662530939,11.308591400893006,3.179397013706494,4.5217885770490405,0.6931471805599453,0.6931471805599453,131.46624,Unknown,Available,Available
3553,,2006-01-30,Male,6,shenyang,shenyang,CN,41,2014-03-31,65,71202,14128,22446,94255,2014-03-31,1,11,54,3,0.841129807,96007,13,11.472186800311277,11.17329023134388,9.555984701765809,10.018912253951546,11.453769763761468,11.472186800311277,2.514414884407982,4.007333185232471,1.3862943611198906,2.639057329615259,84.1129807,Unknown,Available,Available
4254,2009-11-07,,Male,4,guilin,guangxi,CN,48,2014-03-31,16,67968,13446,14985,127164,,30,46,116,7,0.623378315,67968,7,11.126806997859351,11.126806997859351,9.50651131182387,9.614871710924255,11.753240734792758,11.126806997859351,3.861673167219153,4.762173934797756,2.0794415416798357,2.0794415416798357,62.33783149999999,Available,Unknown,Unknown
46483,,2010-05-26,Male,5,guangzhoushi,Unknown,CN,43,2014-03-31,81,68907,29103,41614,110402,2014-03-24,8,9,41,0,0.717648956,96715,42,11.479534127940502,11.14052756056626,10.278630900757904,10.636215958180195,11.611892586368972,11.479534127940502,2.305081973192633,3.7376696182833684,0.0,3.7612001156935624,71.7648956,Unknown,Available,Available
3120,,2008-03-23,Male,6,guangzhou,guangdong,CN,58,2014-03-31,44,69905,22793,32787,104867,2013-12-22,101,14,63,6,0.755509741,87292,10,11.377025555336783,11.154906761447997,10.03425262241568,10.39781787377292,11.560457695415545,11.377025555336783,2.750545213906589,4.1588830833596715,1.9459101490553132,2.3978952727983707,75.5509741,Unknown,Available,Available
49051,,2011-01-25,Male,6,dalian,liaoning,CN,39,2014-03-31,96,65436,20961,50755,107452,2014-03-21,11,7,58,3,0.737285951,77930,6,11.263579098784021,11.088843126705,9.950466553730122,10.834785116516805,11.584808821643675,11.263579098784021,2.1294840541907654,4.07753744390572,1.3862943611198906,1.9459101490553132,73.7285951,Unknown,Available,Available
60765,,,Male,5,wulumuqi,xinjiang,CN,45,2014-03-31,37,72618,18236,41956,77098,2014-01-17,75,9,31,0,1.025352668,79308,2,11.2811068942474,11.192981874562307,9.811207776416833,10.644400563290736,11.252845589298696,11.2811068942474,2.3566523143064266,3.4657359027997265,0.0,1.0986122886681096,102.5352668,Unknown,Unknown,Available
61862,2011-03-01,2011-03-30,Female,4,changchun,jilin,CN,37,2014-03-31,63,67023,8678,16241,108377,2014-03-22,10,11,58,3,0.729203429,75320,19,11.229514259369093,11.112806043186817,9.068661593644245,9.695355758842355,11.593380395360613,11.229514259369093,2.5347203558327003,4.07753744390572,1.3862943611198906,2.995732273553991,72.92034290000001,Available,Available,Available
13352,,2009-11-22,Male,6,guangzhou,guangdong,CN,37,2014-03-31,81,61434,30766,39390,116556,,21,8,60,0,0.677642764,79230,27,11.2801229153614,11.025734984301671,10.33419796600033,10.581292642796804,11.66613570272043,11.2801229153614,2.2887396861719926,4.110873864173311,0.0,3.332204510175204,67.7642764,Unknown,Available,Unknown
39682,,2009-12-21,Male,5,guangzhou,guangdong,CN,44,2014-03-31,82,58834,36457,35254,127934,2014-03-19,13,8,44,2,0.617297044,67236,8,11.115978970227394,10.982492194898029,10.503916192092866,10.470362642153141,11.759277601421319,11.115978970227394,2.282634306594848,3.8066624897703196,1.0986122886681096,2.1972245773362196,61.729704399999996,Unknown,Available,Available
46158,,,Male,6,guangzhou,guangdong,CN,59,2014-03-31,38,76857,33770,37470,62200,2014-03-30,2,18,115,3,1.269493087,81281,5,11.305679868808792,11.249714842442778,10.427357725022913,10.531322579448695,11.038126355768453,11.305679868808792,2.9807558192272596,4.7535901911063645,1.3862943611198906,1.791759469228055,126.9493087,Unknown,Unknown,Available
45610,2006-02-12,,Male,5,beijing,beijing,CN,47,2014-03-31,25,78764,22154,42954,63767,2014-02-23,38,26,123,5,1.238245644,79652,7,11.285434979412322,11.274224014740069,10.00581848363359,10.667908335072157,11.063006776107759,11.285434979412322,3.324736215687618,4.820281565605037,1.791759469228055,2.0794415416798357,123.8245644,Available,Unknown,Available
31016,2009-04-03,,Male,4,zhuhai,guangdong,CN,60,2014-03-31,50,72245,65460,11552,58964,2014-01-22,70,12,104,4,1.338983448,85452,10,11.355721796177896,11.187832241120274,11.089209824443223,9.354700422483019,10.98469932652407,11.355721796177896,2.6214098127423333,4.653960350157523,1.6094379124341003,2.3978952727983707,133.8983448,Available,Unknown,Available
16656,,2009-03-30,Male,6,changchun,jilin,CN,33,2014-03-31,66,71649,21192,37372,95599,2014-03-26,6,11,97,13,0.825197125,79764,15,11.286840090735097,11.179548433256318,9.961426217456575,10.5287037975555,11.467928099039492,11.286840090735097,2.495110819708435,4.584967478670572,2.639057329615259,2.772588722239781,82.5197125,Unknown,Available,Available
35754,2008-08-01,,Male,6,jilin,jilin,CN,45,2014-03-31,75,71364,32496,43930,96092,2014-03-30,2,9,43,0,0.820139033,75671,0,11.234163489893007,11.17556283206387,10.388903056364905,10.690375500198106,11.47307175151452,11.234163489893007,2.367967852287277,3.784189633918261,0.0,0.0,82.0139033,Available,Unknown,Available
14539,2011-04-01,2011-04-19,Female,6,guangzhoushi,guangdong,CN,49,2014-03-31,70,64758,24538,45002,119084,2014-03-20,12,9,59,3,0.661306893,92501,16,11.434985544888395,11.078427966041712,10.108018967638357,10.714484433197,11.687592802827323,11.434985544888395,2.3779345302680905,4.0943445622221,1.3862943611198906,2.833213344056216,66.1306893,Available,Available,Available
30130,,,Male,6,shenyang,liaoning,CN,50,2014-03-31,93,75430,27280,53876,67658,2014-03-29,3,7,37,5,1.163014573,93640,9,11.44722360074475,11.23097361008447,10.213945768177046,10.894458949686847,11.122235662444218,11.44722360074475,2.1826257778709492,3.6375861597263857,1.791759469228055,2.302585092994046,116.30145730000001,Unknown,Unknown,Available
8614,,2007-07-15,Male,5,shenyangshi,liaoningsheng,CN,47,2014-03-31,97,75187,33434,29439,98027,2014-03-30,2,7,36,7,0.801951809,85942,14,11.361439564795115,11.227746922736486,10.417358534488079,10.290109572842812,11.49300843112987,11.361439564795115,2.1425141450957907,3.6109179126442243,2.0794415416798357,2.70805020110221,80.1951809,Unknown,Available,Available
10498,2010-10-01,2011-05-24,Male,5,shanghai,shanghai,CN,43,2014-03-31,72,68267,36277,37347,100623,,20,9,61,2,0.780282142,72238,6,11.187735345248655,11.131196414538648,10.498966775917914,10.528034641603817,11.519146076783285,11.187735345248655,2.395331168837135,4.127134385045092,1.0986122886681096,1.9459101490553132,78.02821420000001,Available,Available,Unknown
31428,,,Male,4,Singapore,Singapore,SG,50,2014-03-31,65,75259,40598,32080,105089,2014-03-27,5,11,115,2,0.746562628,85362,18,11.354668030625158,11.228704064147427,10.611498714744615,10.376019233564437,11.562572404859642,11.354668030625158,2.4926887902300554,4.7535901911063645,1.0986122886681096,2.9444389791664403,74.6562628,Unknown,Unknown,Available
47405,,,Male,5,guangzhou,guangdong,CN,56,2014-03-31,45,75253,48206,25211,57094,,60,15,62,1,1.373917224,85360,12,11.354644600996048,11.228624337344563,10.783259517709864,10.135075350633,10.95247182613575,11.354644600996048,2.78529178621553,4.143134726391533,0.6931471805599453,2.5649493574615367,137.3917224,Unknown,Unknown,Unknown
2893,,,Male,5,shenzhen,guangdong,CN,57,2014-03-31,27,75500,28125,38701,53927,2014-03-22,10,26,98,3,1.453638993,78554,4,11.271554295381698,11.231901180182515,10.244449694430193,10.563646557269093,10.895405102533275,11.271554295381698,3.3308299394570167,4.59511985013459,1.3862943611198906,1.6094379124341003,145.36389929999999,Unknown,Unknown,Available
58076,2009-03-01,2010-03-23,Male,5,guangzhou,guangdong,CN,39,2014-03-31,81,74480,26051,48106,99333,2014-03-30,2,8,48,8,0.789152044,94384,12,11.455137441202835,11.218299338284016,10.167849819666293,10.781182975650898,11.506243188206307,11.455137441202835,2.21375387928743,3.8918202981106265,2.1972245773362196,2.5649493574615367,78.91520440000001,Available,Available,Available
8211,,2011-03-20,Male,5,dalianshi,liaoning,CN,31,2014-03-31,74,60211,29571,38030,123708,2014-03-24,8,9,38,6,0.633542051,101356,37,11.526404217082657,11.005626946980394,10.294583246676991,10.546156895606837,11.725687312403302,11.526404217082657,2.37649735131135,3.6635616461296463,1.9459101490553132,3.6375861597263857,63.3542051,Unknown,Available,Available
35446,2005-09-09,,Male,6,shenyang,liaoning,CN,57,2014-03-31,81,76172,21055,35421,96407,2014-03-30,2,9,72,5,0.812844814,85104,7,11.351641067242074,11.240762348176117,9.954940834125043,10.475088375016577,11.476344464707228,11.351641067242074,2.3100571078327468,4.290459441148391,1.791759469228055,2.0794415416798357,81.2844814,Available,Unknown,Available
19873,,2012-06-27,Male,5,guangzhou,guangdong,CN,58,2014-03-31,43,62107,22023,53523,87048,2014-01-29,63,13,62,1,0.900012981,64873,2,11.0802022060912,11.036630084101061,9.999888046822443,10.887885430424879,11.374226457479576,11.0802022060912,2.6968769002793658,4.143134726391533,0.6931471805599453,1.0986122886681096,90.0012981,Unknown,Available,Available
1801,2010-09-07,,Male,6,Unknown,beijing,CN,52,2014-03-31,13,84110,29655,30360,74307,2014-01-30,62,53,216,1,1.054007025,93690,4,11.447757412385977,11.33989263407853,10.297419744830568,10.320914169043537,11.215973896511295,11.447757412385977,3.861673167219153,5.37989735354046,0.6931471805599453,1.6094379124341003,105.4007025,Available,Unknown,Available
22454,2010-01-08,2010-01-13,Male,6,changshashi,hunan,CN,47,2014-03-31,68,74737,38275,30155,87657,2014-03-30,2,10,104,0,0.893445703,80460,2,11.295527873962463,11.221743943248734,10.552578346899153,10.314139187331593,11.381198158289298,11.295527873962463,2.4546012998824147,4.653960350157523,0.0,1.0986122886681096,89.3445703,Available,Available,Available
61764,,,Male,5,dalian,liaoning,CN,45,2014-03-31,51,39889,54626,48800,105499,2014-03-29,3,14,37,0,0.742125613,41770,0,10.639957597831893,10.593880944899452,10.908283544999954,10.795506083434564,11.566466231898259,10.639957597831893,2.729159164312445,3.6375861597263857,0.0,0.0,74.2125613,Unknown,Unknown,Available
7646,,,Male,5,shanghaishi,shanghai,CN,40,2014-03-31,65,67333,39745,13806,94928,2014-02-25,36,10,82,1,0.824223306,70204,2,11.159174812548743,11.117420588656316,10.59026448608823,9.532930988916153,11.460884522742619,11.159174812548743,2.473118694035958,4.418840607796598,0.6931471805599453,1.0986122886681096,82.42233060000001,Unknown,Unknown,Available
1204,2007-06-12,2007-06-14,Female,5,guangzhou,guangdong,CN,38,2014-03-31,61,85133,28249,43650,95828,2014-03-20,12,11,49,7,0.816480465,102096,38,11.533678620763185,11.351981764735369,10.248848736574587,10.683981470512775,11.470320632137792,11.533678620763185,2.5507464075436213,3.912023005428146,2.0794415416798357,3.6635616461296463,81.6480465,Available,Available,Available
45667,2005-09-01,,Male,5,guangzhou,guangdong,CN,45,2014-03-31,34,72465,25395,42022,54155,2014-03-29,3,22,85,0,1.441951251,80102,5,11.291068585538618,11.190872765326805,10.142346960290341,10.645972366424532,10.899624049615001,11.291068585538618,3.136810871800739,4.454347296253507,0.0,1.791759469228055,144.1951251,Available,Unknown,Available
55477,2005-09-12,2005-09-13,Male,6,guangzhou,guangdong,CN,52,2014-03-31,106,83901,49592,54306,73656,2014-03-31,1,6,32,6,1.059797165,95994,11,11.472051385760256,11.337404730073445,10.811604973721122,10.902408411057234,11.207174461502,11.472051385760256,2.0541237336955462,3.4965075614664802,1.9459101490553132,2.4849066497880004,105.9797165,Available,Available,Available
22402,,2009-12-23,Male,5,niujiushi,cichengxian,JP,55,2014-03-31,68,66235,40859,31119,117406,2014-03-22,10,10,54,1,0.664639116,73031,2,11.198652980244917,11.100979400762375,10.617906868371612,10.345605978292328,11.673401809811567,11.198652980244917,2.458440076242238,4.007333185232471,0.6931471805599453,1.0986122886681096,66.4639116,Unknown,Available,Available
59835,2011-03-03,2011-04-22,Male,6,guangzhou,guangdong,CN,55,2014-03-31,69,76590,43483,40949,59262,2014-03-27,5,10,56,1,1.315850461,84095,4,11.339714282404227,11.2462348553532,10.68014833332389,10.620107089281216,10.989740444213382,11.339714282404227,2.4229790957739397,4.04305126783455,0.6931471805599453,1.6094379124341003,131.5850461,Available,Available,Available
46767,2012-04-06,2012-05-26,Male,6,beijing,beijing,CN,53,2014-03-31,31,78214,11790,55911,54938,2014-03-23,9,22,130,0,1.418710546,90814,4,11.416579749183544,11.26721672399587,9.375091807576673,10.931534305156966,10.913978757809058,11.416579749183544,3.1455880289548963,4.875197323201151,0.0,1.6094379124341003,141.8710546,Available,Available,Available
49656,,2010-03-23,Male,5,guangzhou,guangdong,CN,32,2014-03-31,85,57601,40655,31758,123956,2014-03-28,4,8,51,2,0.628632821,65237,8,11.085797400225804,10.961312568303402,10.612901705559945,10.365931428719277,11.727690010253552,11.085797400225804,2.2612669436385007,3.9512437185814275,1.0986122886681096,2.1972245773362196,62.86328209999999,Unknown,Available,Available
38026,2004-11-10,,Male,6,guangzhou,guangdong,CN,42,2014-03-31,85,68036,32596,39389,115698,2014-03-23,9,8,43,4,0.673153382,76800,10,11.248972939884327,11.12780695382697,10.391975538580404,10.581267255964951,11.658747270102065,11.248972939884327,2.2600254785404674,3.784189633918261,1.6094379124341003,2.3978952727983707,67.3153382,Available,Unknown,Available
24643,,2012-06-26,Male,4,taizhou,jiangsu,CN,30,2014-03-31,44,63340,22141,33887,122665,,21,14,47,0,0.634257612,66989,1,11.112298633502313,11.056288107779814,10.005231536419412,10.430816248401133,11.71722049368558,11.112298633502313,2.7415899304169637,3.8712010109078907,0.0,0.6931471805599453,63.4257612,Unknown,Available,Unknown
29118,2005-03-12,2005-03-29,Male,5,shanghai,shanghai,CN,45,2014-03-31,82,76422,35160,41207,84793,2014-03-30,2,8,47,0,0.917503332,89192,6,11.398557840152428,11.244038976969438,10.467692792805359,10.626387691245421,11.34798006455978,11.398557840152428,2.2976345878391524,3.8712010109078907,0.0,1.9459101490553132,91.7503332,Available,Available,Available
6362,,2012-05-17,Male,5,Unknown,beijing,CN,34,2014-03-31,78,69757,18273,40317,92800,,20,8,40,0,0.837629526,81335,6,11.306344001954997,11.152787388447106,9.813234563558566,10.604553298340369,11.438212694578302,11.306344001954997,2.2655438212759607,3.713572066704308,0.0,1.9459101490553132,83.76295259999999,Unknown,Available,Unknown
31026,,2010-07-31,Male,4,wulumuqi,xinjiang,CN,43,2014-03-31,35,70055,47684,11435,98033,2013-06-18,288,12,106,3,0.792854447,70055,3,11.157050201202061,11.157050201202061,10.772372162013014,9.344521553442203,11.493069636258879,11.157050201202061,2.636954279755322,4.672828834461906,1.3862943611198906,1.3862943611198906,79.2854447,Unknown,Available,Available
100,,,Female,5,guangzhou,guangdong,CN,31,2014-03-31,64,66106,41568,25794,113219,,23,11,68,2,0.686384706,75624,16,11.233542195333143,11.099029920384039,10.63510997614786,10.15793595367875,11.637088107590651,11.233542195333143,2.4993520745976268,4.23410650459726,1.0986122886681096,2.833213344056216,68.6384706,Unknown,Unknown,Unknown
22634,,2010-04-20,Male,5,Unknown,Unknown,HK,41,2014-03-31,49,60317,27471,39801,106738,2014-03-29,3,15,52,0,0.727940377,77691,7,11.260507570952024,11.007385845633475,10.220922583137257,10.591672441266258,11.578141881284935,11.260507570952024,2.7764873626554385,3.970291913552122,0.0,2.0794415416798357,72.7940377,Unknown,Available,Available
14666,,,Male,4,ALHAMBRA,CALIFORNIA,US,32,2014-03-31,9,55828,11350,15850,110088,,143,72,266,0,0.705555556,55828,0,10.930048726626888,10.930048726626888,9.337061124755339,9.670987868797893,11.609044408546039,10.930048726626888,3.861673167219153,5.58724865840025,0.0,0.0,70.55555559999999,Unknown,Unknown,Unknown
44944,2006-04-11,,Male,5,akesushi,xinjiang,CN,46,2014-03-31,44,60417,29037,31154,128750,2013-12-18,105,14,111,3,0.603258718,63884,5,11.064839871025423,11.009042352770813,10.276360596043633,10.346730024978323,11.76563558548611,11.064839871025423,2.7355748744168853,4.718498871295094,1.3862943611198906,1.791759469228055,60.325871799999994,Available,Unknown,Available
48044,,2007-10-16,Male,5,haerbin,heilongjiang,CN,43,2014-03-31,86,59064,55971,46323,119842,2014-03-29,3,8,43,4,0.647968909,84669,19,11.346516626636323,10.986393811382621,10.932606844675604,10.743415464304269,11.693937831815553,11.346516626636323,2.2469480126451176,3.784189633918261,1.6094379124341003,2.995732273553991,64.79689090000001,Unknown,Available,Available
18819,2006-05-12,2007-07-20,Male,5,guangzhou,guangdong,CN,47,2014-03-31,45,61409,28231,30171,101385,2014-03-25,7,16,60,3,0.765687133,88919,33,11.395492368078132,11.025327967323445,10.248211365355106,10.314669620973522,11.526690293545942,11.395492368078132,2.845173619254987,4.110873864173311,1.3862943611198906,3.5263605246161616,76.5687133,Available,Available,Available
686,,,Male,6,guangzhou,guangdong,CN,41,2014-03-31,78,66455,27240,45578,113329,,30,9,114,3,0.684981426,85692,37,11.35852642096981,11.104295353518907,10.212478470309156,10.727202363111877,11.638059195726994,11.35852642096981,2.302585092994046,4.74493212836325,1.3862943611198906,3.6375861597263857,68.4981426,Unknown,Unknown,Unknown
32225,2011-05-05,,Male,5,dongguan,guangdong,CN,56,2014-03-31,59,69581,40075,36019,108263,2014-03-18,14,12,53,3,0.71581593,89815,18,11.405518412138616,11.150261192184757,10.598532930379154,10.491829618729946,11.592327967756342,11.405518412138616,2.5911288633275453,3.9889840465642745,1.3862943611198906,2.9444389791664403,71.581593,Available,Unknown,Available
56750,,,Male,6,dongguanshi,guangdong,CN,35,2014-03-31,98,77688,15931,47825,99128,2014-03-31,1,5,40,7,0.781575034,96448,10,11.47676965021377,11.26046895619217,9.676084944301534,10.775324703655977,11.50417731121252,11.47676965021377,1.7969008687199266,3.713572066704308,2.0794415416798357,2.3978952727983707,78.1575034,Unknown,Unknown,Available
42189,,2011-12-21,Male,5,guangzhou,guangdong,CN,36,2014-03-31,87,65722,35706,38393,104670,2014-03-20,12,8,38,3,0.739837298,75684,9,11.234335269196665,11.093204219313861,10.48310202697824,10.555656476367515,11.558577376639157,11.234335269196665,2.2302644313719195,3.6635616461296463,1.3862943611198906,2.302585092994046,73.98372979999999,Unknown,Available,Available
54838,,2006-07-19,Male,4,REDLANDS,CALIFORNIA,US,58,2014-03-31,25,42719,21212,10932,118355,2014-02-22,39,26,136,0,0.654261755,42943,1,10.667652220331354,10.662422473634077,9.96236948027235,9.299541017434485,11.681452310741994,10.667652220331354,3.324736215687618,4.919980925828125,0.0,0.6931471805599453,65.4261755,Unknown,Available,Available
22999,,2011-01-22,Female,5,guangzhou,guangdong,CN,30,2014-03-31,48,66977,22504,40363,88016,,23,15,153,3,0.879216392,69929,3,11.155250020697913,11.112119486242786,10.021492785727034,10.60569357758442,11.385285256621321,11.155250020697913,2.775244766205059,5.0369526024136295,1.3862943611198906,1.3862943611198906,87.9216392,Unknown,Available,Unknown
41908,,2011-10-23,Male,6,beijing,.,CN,53,2014-03-31,53,66351,25627,34988,59280,2014-03-19,13,13,90,4,1.304834683,73270,6,11.20192017521155,11.102729182486163,10.151440782758913,10.46278900535916,10.990044128923504,11.20192017521155,2.6951467964221463,4.51085950651685,1.6094379124341003,1.9459101490553132,130.4834683,Unknown,Available,Available
11015,,2005-07-23,Male,4,dongjingdu,Unknown,JP,69,2014-03-31,31,80862,63084,30465,82721,2014-03-22,10,22,85,0,0.934580215,87556,3,11.380045288829644,11.300511643669035,11.052238302361841,10.324366586696646,11.323240867399685,11.380045288829644,3.1369424419607967,4.454347296253507,0.0,1.3862943611198906,93.4580215,Unknown,Available,Available
28041,,,Male,5,shenzhen,guangdong,CN,43,2014-03-31,61,65922,33145,28470,102513,2014-03-20,12,11,76,0,0.754131281,69312,3,11.146387757772745,11.096242673256556,10.40867732468349,10.256641304347884,11.537754653599523,11.146387757772745,2.5494451709255714,4.343805421853684,0.0,1.3862943611198906,75.41312810000001,Unknown,Unknown,Available
40606,2010-05-07,2010-05-17,Male,5,guangzhoushi,guangdong,CN,44,2014-03-31,54,74141,41659,32946,87327,2014-03-30,2,13,99,3,0.885256908,160506,55,11.986092834308323,11.213737452332245,10.637296714814964,10.40265548874465,11.377426423508066,11.986092834308323,2.6851484369184857,4.605170185988092,1.3862943611198906,4.02535169073515,88.5256908,Available,Available,Available
62650,2007-09-05,,Male,6,.,beijing,CN,40,2014-03-31,68,74456,33304,35263,83233,2014-03-30,2,10,51,4,0.928783415,82375,12,11.319049411336588,11.217977056526403,10.41346281484728,10.470617892512585,11.329411197179212,11.319049411336588,2.4648054704796034,3.9512437185814275,1.6094379124341003,2.5649493574615367,92.87834149999999,Available,Unknown,Available
4311,,2010-03-28,Male,5,guangzhou,guangdong,CN,43,2014-03-31,80,61558,25602,44910,110571,2014-03-27,5,8,56,10,0.698741804,67588,14,11.12120052689692,11.027751343506385,10.150464811101735,10.712438032589617,11.613422171461853,11.12120052689692,2.270427981380429,4.04305126783455,2.3978952727983707,2.70805020110221,69.8741804,Unknown,Available,Available
10171,2007-06-09,,Male,6,guangzhou,guangdong,CN,35,2014-03-31,70,74147,21210,50558,91869,2014-03-30,2,10,108,3,0.839639269,94649,17,11.45794115663747,11.21381837484898,9.962275194019217,10.83089625014413,11.428129813265512,11.45794115663747,2.42262001968396,4.6913478822291435,1.3862943611198906,2.8903717578961645,83.96392689999999,Available,Unknown,Available
22784,,2010-08-14,Male,6,wuhan,hubei,CN,45,2014-03-31,61,73976,21875,50956,71334,2014-03-30,2,12,55,5,1.081109008,85005,10,11.350477121216516,11.211509513063804,9.993145424466663,10.83873741881143,11.175142369548915,11.350477121216516,2.5764217586237734,4.02535169073515,1.791759469228055,2.3978952727983707,108.11090080000001,Unknown,Available,Available
27644,,2005-11-24,Male,6,guangzhou,guangdong,CN,46,2014-03-31,59,67954,39494,29524,96238,2014-03-23,9,12,70,0,0.801115464,90520,32,11.413337146968821,11.126601000389448,10.58392936059852,10.292992641065563,11.474589959904636,11.413337146968821,2.5872453631466117,4.2626798770413155,0.0,3.4965075614664802,80.1115464,Unknown,Available,Available
32881,,2012-03-25,Male,5,nanhai,guangdong,CN,27,2014-03-31,71,67256,26233,44496,108053,2014-03-29,3,10,42,0,0.713502263,75653,22,11.233925592901281,11.116276381266509,10.17481155837509,10.703177050151453,11.590386381148008,11.233925592901281,2.4336133554004498,3.7612001156935624,0.0,3.1354942159291497,71.3502263,Unknown,Available,Available
37819,2012-10-03,,Male,6,Argyle,Unknown,US,63,2014-03-31,9,87310,18800,29332,75093,2014-01-25,67,56,139,0,1.026311241,90798,0,11.41640355131288,11.377231736181022,9.841665338892785,10.286468441091303,11.226495941085206,11.41640355131288,3.861673167219153,4.941642422609304,0.0,0.0,102.6311241,Available,Unknown,Available
22632,2010-04-06,,Male,5,.,beijing,CN,45,2014-03-31,43,70800,35816,33048,63261,2014-02-28,33,16,76,3,1.218127915,81103,9,11.303487560712131,11.167628403875849,10.486177920013498,10.405746587635992,11.055040111914732,11.303487560712131,2.8676283029354694,4.343805421853684,1.3862943611198906,2.302585092994046,121.81279149999999,Available,Unknown,Available
10004,,2007-03-28,Male,6,shanghai,shanghai,CN,39,2014-03-31,65,70886,30530,31027,81718,2014-03-20,12,11,57,3,0.942705034,75158,7,11.227361148489448,11.168842338867679,10.32649783986004,10.342645301610762,11.311041811950176,11.227361148489448,2.501692066480014,4.060443010546419,1.3862943611198906,2.0794415416798357,94.27050340000001,Unknown,Available,Available
36016,,,Male,6,changsha,hunan,CN,50,2014-03-31,118,74823,27356,49584,113715,2014-03-31,1,6,38,11,0.677334828,93821,14,11.449154649071565,11.222893968114388,10.216727716601776,10.811443647620225,11.64145939103446,11.449154649071565,1.9771626925286485,3.6635616461296463,2.4849066497880004,2.70805020110221,67.7334828,Unknown,Unknown,Available
37456,,,Male,6,guangzhou,guangdong,CN,58,2014-03-31,31,77828,37810,39109,57054,,27,21,68,0,1.348767483,80560,0,11.296769940423644,11.262269391354895,10.540355344564857,10.57413346774956,10.95177099386878,11.296769940423644,3.110547947833984,4.23410650459726,0.0,0.0,134.8767483,Unknown,Unknown,Unknown
3697,2011-02-06,,Male,4,SAN GABRIEL,CA,US,37,2014-03-31,13,61080,10350,16432,123460,2014-02-27,34,54,161,2,0.623107079,61080,2,11.019956131169735,11.019956131169735,9.24483841238375,9.707046787181289,11.72368059570449,11.019956131169735,3.861673167219153,5.087596335232384,1.0986122886681096,1.0986122886681096,62.3107079,Available,Unknown,Available
39058,,2006-08-14,Male,6,dalian,liaoning,CN,41,2014-03-31,105,63634,31593,37429,100538,2014-03-21,11,6,27,3,0.764620343,86938,43,11.372962002291217,11.060918912426148,10.360722508129042,10.530227800898475,11.518300990907068,11.372962002291217,2.0624714374124746,3.332204510175204,1.3862943611198906,3.784189633918261,76.4620343,Unknown,Available,Available
8485,,2006-07-20,Male,5,guangzhou,guangdong,CN,33,2014-03-31,54,75836,68548,9734,97929,2013-12-15,108,11,78,3,0.784982998,133463,51,11.80158705753551,11.236341579184481,11.135304096992007,9.1834829178063,11.49200821671484,11.80158705753551,2.5444207775870744,4.3694478524670215,1.3862943611198906,3.9512437185814275,78.4982998,Unknown,Available,Available
44344,2009-08-07,,Male,6,.,beijing,CN,55,2014-03-31,39,74185,31120,35939,53274,2014-03-28,4,18,88,0,1.441390547,77478,1,11.257762210881111,11.21433073210802,10.345638111452145,10.48960616033755,10.883222456966818,11.257762210881111,2.958194353989024,4.48863636973214,0.0,0.6931471805599453,144.1390547,Available,Unknown,Available
35783,,2008-09-22,Male,6,shenyangshi,liaoningsheng,CN,47,2014-03-31,67,73933,12244,42877,83561,2014-03-30,2,10,140,1,0.918858199,83957,3,11.338071952783768,11.210928082322193,9.412872969386267,10.666114152865877,11.333344150281146,11.338071952783768,2.456735773107018,4.948759890378168,0.6931471805599453,1.3862943611198906,91.8858199,Unknown,Available,Available
26950,2006-04-02,,Male,6,wulumuqishi,xinjiang,CN,63,2014-03-31,43,73167,18733,42144,93927,,24,16,83,3,0.81727746,80284,6,11.293338082983785,11.200513445897837,9.838095333769076,10.648871332431582,11.450283810310047,11.293338082983785,2.8662742062358033,4.430816798843313,1.3862943611198906,1.9459101490553132,81.727746,Available,Unknown,Unknown
38980,2008-01-12,,Male,6,shenyang,liaoning,CN,37,2014-03-31,78,77285,16700,24229,91540,2014-03-29,3,9,39,1,0.838375901,85368,5,11.354738316218985,11.255268105624143,9.723223876851618,10.095346813810572,11.424542238334112,11.354738316218985,2.3294925459405187,3.6888794541139363,0.6931471805599453,1.791759469228055,83.8375901,Available,Unknown,Available
47271,,2006-02-19,Male,5,guangzhou,guangdong,CN,38,2014-03-31,77,56044,39214,31265,119849,2014-03-31,1,9,34,3,0.640188153,62757,6,11.047041338907707,10.933910218455196,10.576814605646767,10.35028652413727,11.69399623986253,11.047041338907707,2.3513752571634776,3.5553480614894135,1.3862943611198906,1.9459101490553132,64.0188153,Unknown,Available,Available
22508,2009-12-08,,Male,5,Unknown,beijing,CN,34,2014-03-31,33,77475,0,65038,60387,2014-03-30,2,9,42,1,1.270434862,85931,3,11.36131156479494,11.25772348996213,8.856572917341328,11.082742368949742,11.008545688687626,11.36131156479494,2.3057052203302892,3.7612001156935624,0.6931471805599453,1.3862943611198906,127.04348620000002,Available,Unknown,Available
1040,2007-03-08,,Male,5,guangzhou,guangdong,CN,41,2014-03-31,67,67647,30349,38212,107438,,25,10,55,3,0.71315326,74699,9,11.221235371120908,11.12207306922991,10.320551796487644,10.550931050837072,11.584678523633327,11.221235371120908,2.456735773107018,4.02535169073515,1.3862943611198906,2.302585092994046,71.315326,Available,Unknown,Unknown
30713,,2008-10-30,Male,5,shenzhen,guangdong,CN,47,2014-03-31,34,71840,30375,36487,52371,2014-03-31,1,21,103,4,1.462471215,75757,6,11.23529932835627,11.182210622701028,10.321408101911638,10.504738718391536,10.866127376347643,11.23529932835627,3.1155334735682243,4.6443908991413725,1.6094379124341003,1.9459101490553132,146.24712150000002,Unknown,Available,Available
19525,,2010-03-19,Male,4,changchun,jilin,CN,56,2014-03-31,40,56572,28251,33789,104027,,82,15,133,7,0.735624021,61602,9,11.028465849634443,10.943287118573286,10.248919530528813,10.427920179708336,11.552415372656641,11.028465849634443,2.7979065302084463,4.897839799950911,2.0794415416798357,2.302585092994046,73.5624021,Unknown,Available,Unknown
58402,,2010-02-28,Male,6,guangzhoushi,guangdongsheng,CN,61,2014-03-31,47,71959,30546,38249,57546,2014-02-27,34,14,53,2,1.329559135,78055,6,11.265181796787786,11.18386568806447,10.32702176010517,10.551898839254681,10.960357284207447,11.265181796787786,2.7492199610650534,3.9889840465642745,1.0986122886681096,1.9459101490553132,132.9559135,Unknown,Available,Available
54876,,2006-07-26,Male,5,guangzhoushi,guangdongsheng,CN,34,2014-03-31,49,68787,20340,45885,98276,2014-03-18,14,13,103,6,0.778446009,78385,18,11.269400618964152,11.13878459010409,9.920393832602487,10.733915338630107,11.495545301138693,11.269400618964152,2.664040260337988,4.6443908991413725,1.9459101490553132,2.9444389791664403,77.8446009,Unknown,Available,Available
26567,2005-09-09,,Male,5,guangzhoushi,guangdong,CN,45,2014-03-31,39,57218,27041,35877,106909,2014-03-29,3,18,45,3,0.71552526,60508,17,11.01054739328579,10.954641290044536,10.205146491918704,10.487879573259036,11.579742638007545,11.01054739328579,2.981152824004452,3.828641396489095,1.3862943611198906,2.8903717578961645,71.552526,Available,Unknown,Available
3549,2010-02-07,,Male,5,Komatsu-shi,Ishikawa-ken,JP,55,2014-03-31,47,43845,50972,50200,102319,2014-03-24,8,15,33,0,0.747021277,45726,0,10.730444212051008,10.68843877357111,10.839051359753869,10.823790225800138,11.535860436252724,10.730444212051008,2.807305159118811,3.5263605246161616,0.0,0.0,74.7021277,Available,Unknown,Available
35787,,2008-10-25,Male,5,shenyangshi,liaoning,CN,36,2014-03-31,72,79536,23572,46034,97247,2014-03-28,4,9,173,0,0.785089206,92696,17,11.437091388570725,11.283977601178368,10.067857268271947,10.737157255721947,11.48501969571652,11.437091388570725,2.3863046730184347,5.159055299214529,0.0,2.8903717578961645,78.5089206,Unknown,Available,Available
12148,2008-04-06,,Female,5,guangzhou,guangdong,CN,59,2014-03-31,30,74837,45410,21324,55190,,113,18,105,2,1.382804856,75195,2,11.227853317033851,11.223081056353765,10.723509645430674,9.96763537235988,10.918555175493893,11.227853317033851,2.992278038547495,4.663439094112067,1.0986122886681096,1.0986122886681096,138.2804856,Available,Unknown,Unknown
35299,,2010-10-17,Male,4,shanghai,shanghai,CN,39,2014-03-31,21,71841,40645,15963,54220,2013-11-30,123,28,164,0,1.407333272,81103,6,11.303487560712131,11.182224542232218,10.612655709150252,9.678091466168624,10.900823566261407,11.303487560712131,3.3758795736778655,5.10594547390058,0.0,1.9459101490553132,140.7333272,Unknown,Available,Available
3231,,2010-07-13,Male,6,shenyang,liaoning,CN,39,2014-03-31,62,65879,27261,41268,88473,2014-03-31,1,11,63,0,0.862353147,75366,8,11.230124792409931,11.095590184291577,10.213249070130788,10.627866891777025,11.390464002521927,11.230124792409931,2.531612937050529,4.1588830833596715,0.0,2.1972245773362196,86.2353147,Unknown,Available,Available
26458,,2010-11-19,Female,5,nanping,fujian,CN,35,2014-03-31,31,64326,13108,40851,95165,2014-03-29,3,24,132,0,0.801548679,67975,1,11.126909980683378,11.071734728776972,9.48105429619781,10.61771105869799,11.463378014131616,11.126909980683378,3.2268439945173775,4.890349128221754,0.0,0.6931471805599453,80.1548679,Unknown,Available,Available
19658,,2011-03-30,Male,6,guangzhou,guangdong,CN,38,2014-03-31,85,61099,26038,47755,115578,2014-03-27,5,8,34,2,0.659933551,75037,6,11.225749930872897,11.020267145159687,10.167350693127355,10.77385999246528,11.65770955781842,11.225749930872897,2.2575379151532613,3.5553480614894135,1.0986122886681096,1.9459101490553132,65.9933551,Unknown,Available,Available
31527,,2010-05-25,Male,4,Battery Point,TASMANIA,AU,70,2014-03-31,18,87795,88051,0,70739,2013-03-22,376,20,64,0,1.077664372,87795,0,11.382771220498846,11.382771220498846,11.385682828033222,9.077809308899132,11.166766462759472,11.382771220498846,3.044522437723423,4.174387269895637,0.0,0.0,107.76643720000001,Unknown,Available,Available
44959,,2006-12-23,Female,6,wulumuqishi,xinjiang,CN,64,2014-03-31,41,70933,20640,32583,56029,,22,17,133,3,1.358675507,83218,6,11.32923096612251,11.169505146233591,9.935034668034257,10.391576649328249,10.93364254055933,11.32923096612251,2.915064370486536,4.897839799950911,1.3862943611198906,1.9459101490553132,135.8675507,Unknown,Available,Unknown
13609,,,Male,4,Unknown,PARIS,FR,37,2014-03-31,12,59241,15230,19115,112511,2014-01-21,71,55,205,0,0.676484166,59241,0,10.989386028784162,10.989386028784162,9.631088103615504,9.85828095969805,11.630815161604794,10.989386028784162,3.861673167219153,5.327876168789581,0.0,0.0,67.6484166,Unknown,Unknown,Available
37260,2007-10-10,,Male,6,zhanjiang,guangdong,CN,55,2014-03-31,88,78830,35416,44782,99522,2014-03-22,10,8,102,3,0.764474086,90142,7,11.409152577252835,11.275061599499308,10.47494720983897,10.70958388210257,11.508144052213199,11.409152577252835,2.202320129708182,4.634728988229636,1.3862943611198906,2.0794415416798357,76.4474086,Available,Unknown,Available
39235,,2009-11-13,Male,5,MORIYAMA,Shiga,JP,58,2014-03-31,43,57754,31232,44363,103564,2014-03-28,4,17,44,0,0.734484473,74309,7,11.216000811151515,10.963965204722781,10.349230507142863,10.700183608724632,11.547954713889624,11.216000811151515,2.906120115098679,3.8066624897703196,0.0,2.0794415416798357,73.4484473,Unknown,Available,Available
50062,,2011-01-21,Male,6,shanghai,shanghai,CN,34,2014-03-31,53,70682,584,25673,84028,2014-03-30,2,12,284,0,0.904737825,77398,1,11.256729139597715,11.16596037035461,8.856572917341328,10.153234085644872,11.33891725633973,11.256729139597715,2.623832122129769,5.652489180268651,0.0,0.6931471805599453,90.4737825,Unknown,Available,Available
50754,2011-08-02,,Male,4,jilin,jilin,CN,54,2014-03-31,56,66453,46584,14431,65103,,20,12,66,0,1.167142221,72089,4,11.185670617398625,11.104265257965523,10.749033879884525,9.577203242302405,11.083741270241472,11.185670617398625,2.6167320425010216,4.204692619390966,0.0,1.6094379124341003,116.7142221,Available,Unknown,Unknown
20336,,,Male,5,guangzhou,guangdong,CN,40,2014-03-31,80,61418,32900,36417,114222,,32,8,34,2,0.664970058,91476,15,11.423842853545636,11.025474512520688,10.401258331428318,10.502818436891788,11.645907956976366,11.423842853545636,2.2717343173101234,3.5553480614894135,1.0986122886681096,2.772588722239781,66.4970058,Unknown,Unknown,Unknown
21048,,2008-01-29,Male,6,guangzhou,guangdong,CN,57,2014-03-31,42,74264,40943,30674,53030,,24,17,108,0,1.431651895,80843,4,11.30027665074866,11.215395056463633,10.61996055839957,10.331203269579111,10.878631927203992,11.30027665074866,2.9024931186962473,4.6913478822291435,0.0,1.6094379124341003,143.1651895,Unknown,Available,Unknown
28646,,2011-12-14,Male,6,guangzhou,guangdong,CN,33,2014-03-31,79,71491,26642,45605,103403,2014-03-31,1,9,100,5,0.7339671,81660,7,11.31033181069621,11.17734083431027,10.190281730926614,10.727794565794095,11.546398925027766,11.31033181069621,2.3353749157847785,4.61512051684126,1.791759469228055,2.0794415416798357,73.39671,Unknown,Available,Available
27096,,,Male,4,changsha,hunan,CN,59,2014-03-31,30,83054,31621,10579,85368,2013-12-27,96,21,125,0,0.888219942,84968,1,11.350041763068736,11.327258317925176,10.36160835987009,9.26672070541229,11.354738316218985,11.350041763068736,3.124944005049149,4.836281906951478,0.0,0.6931471805599453,88.82199419999999,Unknown,Unknown,Available
11037,2005-02-01,,Male,5,beijing,beijing,CN,42,2014-03-31,30,74923,42766,23158,55918,2014-03-20,12,24,115,6,1.355861619,77788,9,11.261755311995426,11.224229545415783,10.663522056137511,10.050138752861821,10.931659494058238,11.261755311995426,3.2460883882991256,4.7535901911063645,1.9459101490553132,2.302585092994046,135.58616189999998,Available,Unknown,Available
44988,,2007-05-23,Female,5,wulumuqishi,xinjiang,CN,49,2014-03-31,38,61026,33417,30082,100035,,23,18,57,2,0.757393112,66589,5,11.106309695104668,11.019071668177626,10.416849955954088,10.31171550713322,11.513285400185776,11.106309695104668,2.968333299393654,4.060443010546419,1.0986122886681096,1.791759469228055,75.7393112,Unknown,Available,Unknown
3732,,2008-09-16,Male,5,guangzhou,guangdong,CN,37,2014-03-31,49,72204,18745,46045,100244,,25,14,96,0,0.755588065,78423,1,11.269885281941562,11.187264574560665,9.838735675306431,10.737396175804315,11.51537246861328,11.269885281941562,2.7462019668526825,4.574710978503383,0.0,0.6931471805599453,75.5588065,Unknown,Available,Unknown
24799,,2012-05-26,Male,6,guangzhou,guangdong,CN,32,2014-03-31,122,58254,33816,43370,91128,2014-03-31,1,5,27,0,0.83108397,67453,11,11.119201163065084,10.972585204654042,10.42871891360972,10.677546293976553,11.420031364095168,11.119201163065084,1.8838086402941243,3.332204510175204,0.0,2.4849066497880004,83.108397,Unknown,Available,Available
56229,,2005-04-19,Male,5,guangzhou,guangdong,CN,43,2014-03-31,60,71377,33110,34424,99311,2014-03-25,7,12,34,4,0.762068552,97571,40,11.488345845995838,11.175744977598654,10.407620832440994,10.446538323596856,11.506021688653433,11.488345845995838,2.5688530711238284,3.5553480614894135,1.6094379124341003,3.713572066704308,76.2068552,Unknown,Available,Available
20552,2007-05-02,,Male,6,yulin,guangxi,CN,44,2014-03-31,86,64779,36478,35810,96033,2014-03-30,2,8,57,2,0.787367051,86753,10,11.37083180625618,11.07875219272532,10.504492031531843,10.486010387763148,11.472457574414431,11.37083180625618,2.2568490836221002,4.060443010546419,1.0986122886681096,2.3978952727983707,78.73670510000001,Available,Unknown,Available
12997,,2009-01-20,Female,4,Unknown,CA,US,49,2014-03-31,6,86074,12600,27000,73392,2014-02-22,39,98,297,7,1.03,86074,7,11.362974288206724,11.362974288206724,9.441531454869693,10.203629181337648,11.203583842207394,11.362974288206724,3.861673167219153,5.675121665433755,2.0794415416798357,2.0794415416798357,103.0,Unknown,Available,Available
60025,,,Male,4,VALL GCAN,CA,US,52,2014-03-31,6,90726,31500,6300,73392,,235,99,269,0,1.03,90726,0,11.415610276478688,11.415610276478688,10.357774570341576,9.077809308899132,11.203583842207394,11.415610276478688,3.861673167219153,5.598421958998375,0.0,0.0,103.0,Unknown,Unknown,Unknown
47191,,,Male,5,guangzhou,guangdong,CN,35,2014-03-31,59,69042,31825,33360,105575,,24,12,49,2,0.715865404,87436,17,11.378673813021223,11.142484777883936,10.36803884477013,10.415142832042596,11.567186351696666,11.378673813021223,2.5741903476832033,3.912023005428146,1.0986122886681096,2.8903717578961645,71.5865404,Unknown,Unknown,Unknown
57185,,2008-04-20,Male,5,changsha,hunan,CN,43,2014-03-31,68,73589,31232,34748,85336,2014-03-29,3,10,58,4,0.885546077,78742,5,11.27394466384814,11.206264425920645,10.349230507142863,10.455906073600456,11.354363402620459,11.27394466384814,2.458440076242238,4.07753744390572,1.6094379124341003,1.791759469228055,88.5546077,Unknown,Available,Available
45664,,,Female,4,zhanjiang,guangdong,CN,48,2014-03-31,62,70154,38522,37450,87492,2014-03-31,1,11,62,6,0.863288072,73639,9,11.206943635347015,11.158462358828096,10.559010744499384,10.530788690858559,11.379314069145535,11.206943635347015,2.5445664863487765,4.143134726391533,1.9459101490553132,2.302585092994046,86.3288072,Unknown,Unknown,Available
4387,2010-07-11,2010-08-22,Male,6,xining,qinghai,CN,48,2014-03-31,38,60231,32100,30783,57596,2014-01-20,72,17,61,2,1.30967272,66622,5,11.106805142255848,11.005959051529958,10.376642461280849,10.334750353465433,10.961225761994266,11.106805142255848,2.915576946955848,4.127134385045092,1.0986122886681096,1.791759469228055,130.967272,Available,Available,Available
19503,2009-10-08,,Male,6,guangzhou,guangdong,CN,34,2014-03-31,104,68405,31489,44813,99462,2014-03-26,6,6,54,0,0.757270716,112140,68,11.627512287062551,11.133215819061775,10.357425314095071,10.710275869585121,11.507540994693388,11.627512287062551,2.07457535208598,4.007333185232471,0.0,4.23410650459726,75.7270716,Available,Unknown,Available
44441,,2011-03-26,Female,4,wulumuqi,xinjiang,CN,35,2014-03-31,45,59217,20608,36128,113659,,21,15,74,3,0.662631116,61188,4,11.021722713783415,10.988980828711085,9.933483152571508,10.494851145928589,11.640966814851112,11.021722713783415,2.821108287300577,4.31748811353631,1.3862943611198906,1.6094379124341003,66.2631116,Unknown,Available,Unknown
812,2006-08-08,,Male,5,guangzhou,guangdong,CN,48,2014-03-31,59,57776,40853,28146,104352,2014-03-31,1,12,80,0,0.721700494,64258,14,11.070677070768497,10.964346051592322,10.617760014711022,10.245196055952587,11.555534661493144,11.070677070768497,2.5937095092759748,4.394449154672439,0.0,2.70805020110221,72.1700494,Available,Unknown,Available
58462,2010-02-03,,Male,5,guangzhou,guangdong,CN,39,2014-03-31,57,68610,49256,24636,95289,2014-03-21,11,12,56,6,0.789974289,107081,16,11.58135017508407,11.136208150713541,10.804806768480137,10.112004656988175,11.464680152342234,11.58135017508407,2.628800829654255,4.04305126783455,1.9459101490553132,2.833213344056216,78.9974289,Available,Unknown,Available
55206,,2007-07-25,Male,4,guangzhou,guangdong,CN,52,2014-03-31,58,66176,45030,21368,103107,2014-02-25,36,12,83,3,0.729874305,66176,5,11.100088249532442,11.100088249532442,10.715106420466313,9.969696552646463,11.54353226156313,11.100088249532442,2.5649493574615367,4.430816798843313,1.3862943611198906,1.791759469228055,72.98743049999999,Unknown,Available,Available
36550,,,Male,6,guangzhou,guangdong,CN,47,2014-03-31,78,61165,33255,36225,109710,2014-03-21,11,9,47,2,0.685185398,71232,17,11.173711473170998,11.021346758566695,10.411990480932474,10.497532372052861,11.605604914709382,11.173711473170998,2.3307559699885196,3.8712010109078907,1.0986122886681096,2.8903717578961645,68.5185398,Unknown,Unknown,Available
43463,2013-03-03,2013-03-13,Male,6,zhuzhou,hunan,CN,49,2014-03-31,38,74005,1815,65607,55596,2014-03-21,11,10,42,0,1.351954277,82175,1,11.316618567609579,11.211901449980495,8.856572917341328,11.091452918716247,10.925884521948419,11.316618567609579,2.4076753020223265,3.7612001156935624,0.0,0.6931471805599453,135.19542769999998,Available,Available,Available
19636,2010-06-01,2010-10-21,Male,6,guangzhoushi,Unknown,CN,54,2014-03-31,31,70420,51525,16580,55642,2014-03-24,8,23,89,5,1.3507072,72547,7,11.192003690737314,11.162246793119436,10.849841813624668,9.716012740501373,10.926711562628427,11.192003690737314,3.205452804671195,4.499809670330265,1.791759469228055,2.0794415416798357,135.07072,Available,Available,Available
42653,2012-05-11,,Female,5,guangzhou,guangdong,CN,50,2014-03-31,91,70379,42645,40158,114600,,24,7,24,0,0.655811606,85478,5,11.356026010721697,11.161664410875575,10.66068876188618,10.600601853657185,11.649211809228195,11.356026010721697,2.1295535830939736,3.2188758248682006,0.0,1.791759469228055,65.5811606,Available,Unknown,Unknown
34453,,2012-07-14,Male,5,guangzhoushi,guangdongsheng,CN,53,2014-03-31,82,61534,22922,48741,118887,2014-03-31,1,7,43,2,0.631932339,75664,5,11.234070981121127,11.027361397606438,10.039896052315676,10.794296360395592,11.685937152438406,11.234070981121127,2.1665815112552513,3.784189633918261,1.0986122886681096,1.791759469228055,63.1932339,Unknown,Available,Available
3799,,2009-02-20,Female,6,guangzhou,guangdong,CN,54,2014-03-31,34,72177,45857,19425,66320,2013-12-14,109,17,148,0,1.132759349,76757,3,11.24841289454509,11.18689056930638,10.73330494447094,9.874367653962276,11.102261868103218,11.24841289454509,2.9315977113473566,5.003946305945459,0.0,1.3862943611198906,113.27593490000001,Unknown,Available,Available
29050,2004-12-08,,Male,5,guangzhou,guangdong,CN,42,2014-03-31,54,73232,34212,20172,98038,2014-03-29,3,13,58,3,0.766080091,100636,24,11.519275262268978,11.201401418032876,10.440360967783612,9.912100355634351,11.493120637671629,11.519275262268978,2.6851484369184857,4.07753744390572,1.3862943611198906,3.2188758248682006,76.60800909999999,Available,Unknown,Available
8651,2007-07-03,,Male,4,changchun,jilin,CN,39,2014-03-31,51,68019,9644,10890,80432,2014-02-23,38,13,86,0,0.933638602,69509,0,11.149225906094532,11.127557058561186,9.17419492533983,9.295692039075686,11.295179818717612,11.149225906094532,2.67827804276854,4.465908118654584,0.0,0.0,93.3638602,Available,Unknown,Available
36622,,2006-04-15,Female,4,guangzhou,guangdong,CN,36,2014-03-31,62,66612,47626,23375,91853,2014-03-28,4,11,88,4,0.817490664,71866,8,11.182572467557037,11.106655032675572,10.771155106297904,10.05946513399048,11.427955638960135,11.182572467557037,2.5548098536855304,4.48863636973214,1.6094379124341003,2.1972245773362196,81.7490664,Unknown,Available,Available
16652,,2009-11-27,Male,6,shenyang,liaoning,CN,39,2014-03-31,101,72204,31932,40932,86102,2014-03-21,11,7,52,8,0.871194513,94013,16,11.451198986332463,11.187264574560665,10.371395236823,10.619691862671436,11.363299533014386,11.451198986332463,2.1016921506146558,3.970291913552122,2.1972245773362196,2.833213344056216,87.1194513,Unknown,Available,Available
50367,2012-01-06,,Male,5,dalian,liaoning,CN,54,2014-03-31,98,64599,35266,30713,90418,2014-03-29,3,7,117,0,0.82935577,70498,4,11.163353804302597,11.075969689770693,10.4707029614894,10.332473855685638,11.41220970128733,11.163353804302597,2.1284771347767437,4.770684624465665,0.0,1.6094379124341003,82.93557700000001,Available,Unknown,Available
26358,,2011-11-26,Male,6,shenzhen,guangdong,CN,46,2014-03-31,67,58497,35100,30396,99772,2014-03-30,2,10,40,0,0.751497414,61354,3,11.024431946410647,10.976747844601336,10.465984899076615,10.322099198314179,11.51065288461455,11.024431946410647,2.483643225336677,3.713572066704308,0.0,1.3862943611198906,75.1497414,Unknown,Available,Available
11759,2007-10-05,2011-07-21,Male,6,shenzhenshi,guangdong,CN,31,2014-03-31,58,68430,17036,50338,82250,2014-03-31,1,12,67,4,0.911499088,120492,64,11.699346938939176,11.13358121731339,9.743142728545543,10.826535403573443,11.31753082660842,11.699346938939176,2.5836664817853356,4.219507705176107,1.6094379124341003,4.174387269895637,91.1499088,Available,Available,Available
11295,2005-09-09,2005-10-15,Male,6,guangzhou,guangdong,CN,49,2014-03-31,45,72531,18130,48755,72849,2014-03-22,10,16,81,4,1.028986397,76719,6,11.24791770955732,11.191783122773916,9.805378459425809,10.794583545775726,11.196157811623351,11.24791770955732,2.8412027343018966,4.406719247264253,1.6094379124341003,1.9459101490553132,102.89863969999999,Available,Available,Available
30402,2008-07-09,,Male,6,guangzhou,guangdong,CN,44,2014-03-31,45,75834,19431,49342,77987,2014-03-31,1,16,87,2,0.960536115,107999,14,11.589886506106357,11.236315206485497,9.874676470682008,10.80655119082919,11.26431024768235,11.589886506106357,2.8673822396197863,4.477336814478207,1.0986122886681096,2.70805020110221,96.0536115,Available,Unknown,Available
1351,2009-12-11,2010-04-22,Male,5,Unknown,Unknown,CN,42,2014-03-31,55,68676,24177,45819,83780,2014-03-17,15,12,114,2,0.893266651,77344,7,11.256031212670765,11.137169633218704,10.093198407761937,10.732475956007487,11.335961530452709,11.256031212670765,2.588877310795159,4.74493212836325,1.0986122886681096,2.0794415416798357,89.3266651,Available,Available,Available
35932,2007-04-04,,Male,5,wulumuqishi,xinjiang,CN,47,2014-03-31,38,61622,24557,34921,113467,,31,17,43,1,0.659311165,69125,3,11.143686205266109,11.028790456457282,10.108792945720458,10.460872282082073,11.639276137825522,11.143686205266109,2.919959715052506,3.784189633918261,0.6931471805599453,1.3862943611198906,65.9311165,Available,Unknown,Unknown
58495,,2010-07-15,Male,5,changsha,hunan,CN,48,2014-03-31,53,70481,38577,20357,85130,2014-03-27,5,13,51,9,0.878743334,71861,9,11.182502892175561,11.163112637051942,10.560437444784185,9.921229234012285,11.35194652554939,11.182502892175561,2.696444655189425,3.9512437185814275,2.302585092994046,2.302585092994046,87.8743334,Unknown,Available,Available
14053,,2010-12-31,Male,6,beijing,beijing,CN,46,2014-03-31,39,73482,21387,49360,57001,,56,17,121,4,1.311457343,81124,7,11.303746454006392,11.204809365931682,9.970585296068622,10.806915917693338,10.950841633920426,11.303746454006392,2.92908627030189,4.804021044733257,1.6094379124341003,2.0794415416798357,131.14573430000002,Unknown,Available,Unknown
2380,2005-11-10,,Female,5,shanghai,shanghai,CN,41,2014-03-31,51,71183,25608,23723,92227,2014-03-23,9,14,105,3,0.810541273,73422,6,11.203992517016918,11.173023353045823,10.150699131184039,10.074242472958618,11.432019051076503,11.203992517016918,2.7356653681351832,4.663439094112067,1.3862943611198906,1.9459101490553132,81.0541273,Available,Unknown,Available
19962,,2012-10-24,Male,5,OOGVLIET,uid Holland,NL,51,2014-03-31,11,83658,35451,15170,81937,2014-03-23,9,51,183,0,0.912206573,91018,1,11.418823554913928,11.334504291781073,10.475934947858288,9.627140989748092,11.31371814269949,11.418823554913928,3.861673167219153,5.214935757608986,0.0,0.6931471805599453,91.2206573,Unknown,Available,Available
53352,,,Male,4,wulumuqi,xinjiang,CN,64,2014-03-31,31,65799,26250,38722,52216,,60,18,119,0,1.431188333,81965,12,11.314059806115543,11.094375117313408,10.17545936253226,10.564189017727987,10.863163391349689,11.314059806115543,2.9583764871832323,4.787491742782046,0.0,2.5649493574615367,143.1188333,Unknown,Unknown,Unknown
15770,,2012-06-15,Male,5,guangzhou,guangdong,CN,38,2014-03-31,51,71369,40497,25565,93929,2014-03-25,7,12,74,1,0.795260889,78066,3,11.265322711323353,11.175632891965114,10.609007869159214,10.149018622727967,11.450305102988562,11.265322711323353,2.637627736805664,4.31748811353631,0.6931471805599453,1.3862943611198906,79.5260889,Unknown,Available,Available
3057,,2007-04-15,Male,5,foshan,guangdong,CN,58,2014-03-31,67,60573,32686,33384,95559,2014-03-25,7,10,42,2,0.78088584,64215,2,11.070007679811413,11.011621037087874,10.394732724323175,10.41586197629197,11.467509601439746,11.070007679811413,2.476028975424773,3.7612001156935624,1.0986122886681096,1.0986122886681096,78.08858400000001,Unknown,Available,Available
8515,,2006-03-16,Male,5,changchun,jilin,CN,71,2014-03-31,65,64810,46360,22174,95518,2014-01-17,75,10,111,3,0.780413325,69119,5,11.143599403477937,11.079230621020361,10.744213867540292,10.00672080717778,11.467080459559904,11.143599403477937,2.413399459334336,4.718498871295094,1.3862943611198906,1.791759469228055,78.04133250000001,Unknown,Available,Available
26513,,2011-08-25,Male,6,wulumuqi,xinjiang,CN,47,2014-03-31,22,70142,0,52253,54730,2014-03-18,14,10,48,1,1.361512333,84234,5,11.341365790820305,11.158291294379149,8.856572917341328,10.863871721920795,10.91018555548575,11.341365790820305,2.4107986773778682,3.8918202981106265,0.6931471805599453,1.791759469228055,136.1512333,Unknown,Available,Available
8947,,2008-12-20,Male,5,akesu,xinjiang,CN,57,2014-03-31,64,59613,21124,20764,101534,2014-03-31,1,11,59,5,0.733608939,62761,5,11.047105073770698,10.995645724797772,9.958212452225375,9.941024156064854,11.528158845610818,11.047105073770698,2.5187200139363872,4.0943445622221,1.791759469228055,1.791759469228055,73.36089390000001,Unknown,Available,Available
755,,,Male,5,guangzhou,guangdong,CN,47,2014-03-31,70,60479,33777,33138,117261,2014-03-17,15,10,56,1,0.635178874,81265,34,11.305483003882102,11.010068010853415,10.427564981977866,10.408466115510192,11.67216602648737,11.305483003882102,2.4315772128157223,4.04305126783455,0.6931471805599453,3.5553480614894135,63.51788739999999,Unknown,Unknown,Available
62287,,2006-10-17,Male,5,wulumuqi,xinjiang,CN,51,2014-03-31,73,64344,25059,19966,97885,2014-03-18,14,9,51,3,0.760670276,68209,4,11.130346460648765,11.072014509927765,10.129028228450059,9.901836189786897,11.491558815228338,11.130346460648765,2.3813449268136146,3.9512437185814275,1.3862943611198906,1.6094379124341003,76.0670276,Unknown,Available,Available
49644,2010-04-03,,Female,5,guangzhou,guangdong,CN,39,2014-03-31,55,64337,26327,42556,91097,,25,12,117,0,0.816942819,67227,1,11.115845106396456,11.071905715448201,10.178388290623175,10.658599632809274,11.419691129110243,11.115845106396456,2.6108864525669295,4.770684624465665,0.0,0.6931471805599453,81.6942819,Available,Unknown,Unknown
31064,,2009-08-29,Male,5,guangzhou,guangdong,CN,30,2014-03-31,59,79819,50656,24171,88730,,30,11,69,0,0.837943649,87899,15,11.383955083673268,11.287529378602725,10.832832703483993,10.09295021748145,11.39336459991126,11.383955083673268,2.5556221742115652,4.248495242049359,0.0,2.772588722239781,83.79436489999999,Unknown,Available,Unknown
22223,2009-08-09,,Female,5,guangzhou,guangdong,CN,39,2014-03-31,63,74639,29082,42930,84128,2014-03-26,6,11,87,4,0.88377199,84416,34,11.343524082102348,11.220431835521225,10.27790909001283,10.667349454681297,11.340106614107878,11.343524082102348,2.5295921393903695,4.477336814478207,1.6094379124341003,3.5553480614894135,88.37719899999999,Available,Unknown,Available
47257,,,Male,6,guangzhou,guangdong,CN,56,2014-03-31,113,57756,37856,36132,109075,2014-03-26,6,6,21,4,0.681333761,69748,7,11.152658362663274,10.963999833159656,10.54157118232102,10.494961854184771,11.599800165953452,11.152658362663274,2.005333569583806,3.091042453358316,1.6094379124341003,2.0794415416798357,68.13337609999999,Unknown,Unknown,Available
8492,2006-08-08,,Male,6,dalian,liaoning,CN,47,2014-03-31,72,66945,36137,36785,60674,2014-03-29,3,10,35,5,1.224716518,80297,12,11.29349999302443,11.111641603255286,10.495100222271777,10.512872616990743,11.013287030594801,11.29349999302443,2.40808644413409,3.58351893845611,1.791759469228055,2.5649493574615367,122.47165179999999,Available,Unknown,Available
54654,,2006-04-17,Male,6,guangzhou,guangdong,CN,47,2014-03-31,122,76794,37578,43491,87871,2014-03-28,4,5,39,4,0.844693244,112370,12,11.629561176034727,11.248894812849729,10.534200662714523,10.68033229211764,11.383636489127642,11.629561176034727,1.9435460817059949,3.6888794541139363,1.6094379124341003,2.5649493574615367,84.4693244,Unknown,Available,Available
9844,,2007-07-13,Female,6,guangzhou,guangdong,CN,35,2014-03-31,79,65361,33171,38249,98039,2014-03-29,3,9,60,6,0.756928263,86749,29,11.370785697809106,11.087696328820924,10.409461425571095,10.551898839254681,11.493130837642049,11.370785697809106,2.316589141075534,4.110873864173311,1.9459101490553132,3.4011973816621555,75.69282630000001,Unknown,Available,Available
24359,,2012-05-17,Male,5,changchunshi,jilinsheng,CN,47,2014-03-31,78,67585,36204,33468,81033,2014-03-13,19,8,50,0,0.91528402,74039,2,11.212360766687434,11.12115613999105,10.496952509822922,10.41837491625679,11.302624098669314,11.212360766687434,2.266890622827736,3.9318256327243257,0.0,1.0986122886681096,91.528402,Unknown,Available,Available
46230,,2007-07-18,Male,5,beijing,Unknown,CN,37,2014-03-31,45,72645,15866,40210,97205,2014-03-17,15,15,63,0,0.762874749,76626,0,11.24670477403981,11.193353608982997,9.671996759734089,10.601895869017545,11.484587716938472,11.24670477403981,2.803360380906535,4.1588830833596715,0.0,0.0,76.28747489999999,Unknown,Available,Available
310,2011-11-08,2011-11-25,Male,6,guangzhou,guangdong,CN,48,2014-03-31,78,67686,27721,41318,100891,2014-03-30,2,9,51,0,0.734954258,94980,28,11.461432150580011,11.12264941682779,10.229981600773298,10.62907772158544,11.521805916776165,11.461432150580011,2.323151370595879,3.9512437185814275,0.0,3.367295829986474,73.4954258,Available,Available,Available
41094,2011-10-11,,Male,4,KAMEYAMA-SHI,MIE-KEN,JP,60,2014-03-31,75,71958,58908,28106,78024,2014-02-19,42,8,48,0,0.950140982,74326,0,11.216229556350545,11.183851791358684,10.983749159324974,10.243773934619298,11.26478456713898,11.216229556350545,2.301232827695318,3.8918202981106265,0.0,0.0,95.01409819999999,Available,Unknown,Available
62863,,2006-06-26,Male,5,wulumuqishi,xinjiang,CN,53,2014-03-31,72,56551,26461,41500,103478,2014-03-31,1,10,41,7,0.715944549,67406,17,11.11850414907434,10.94291584785079,10.183465020602357,10.633472802314019,11.547123972550141,11.11850414907434,2.419428720433556,3.7376696182833684,2.0794415416798357,2.8903717578961645,71.5944549,Unknown,Available,Available
28006,,2007-04-16,Male,5,guangzhou,guangdong,CN,50,2014-03-31,45,68626,68181,7112,80074,,180,12,113,0,0.925069436,118463,13,11.682364395933169,11.136441322285153,11.129935879377234,9.077809308899132,11.29071897447736,11.682364395933169,2.575384235030933,4.736198448394496,0.0,2.639057329615259,92.5069436,Unknown,Available,Unknown
35937,,2007-05-31,Male,5,wulumuqishi,xinjiang,CN,62,2014-03-31,47,64591,33836,23932,105448,2013-12-16,107,12,55,0,0.702358414,77319,2,11.255707933322267,11.075845843092722,10.429310157308027,10.083013538694615,11.565982702694578,11.255707933322267,2.579887394273863,4.02535169073515,0.0,1.0986122886681096,70.2358414,Unknown,Available,Available
16747,,2010-02-16,Male,5,Haeundae-gu,Busan,KR,60,2014-03-31,61,62914,21482,11977,57474,2014-03-30,2,11,67,0,1.288559697,73388,9,11.203529339611693,11.049539888026068,9.97501720367505,9.390826912824409,10.959105349631383,11.203529339611693,2.4932054526026954,4.219507705176107,0.0,2.302585092994046,128.8559697,Unknown,Available,Available
43999,,2011-12-22,Male,4,guangzhoushi,guangdongsheng,CN,66,2014-03-31,10,41868,14950,10205,111277,,88,65,155,0,0.665374696,41868,0,10.642300975279205,10.642300975279205,9.612533466213927,9.230731061623917,11.61978685375429,10.642300975279205,3.861673167219153,5.049856007249537,0.0,0.0,66.5374696,Unknown,Available,Unknown
9713,,,Female,5,zengcheng,guangdong,CN,43,2014-03-31,32,77266,31015,38251,79748,2014-03-18,14,22,108,7,0.928148418,82415,11,11.319534871805367,11.255022235274222,10.342258479350765,10.551951125469433,11.286639481383522,11.319534871805367,3.1604262552099125,4.6913478822291435,2.0794415416798357,2.4849066497880004,92.8148418,Unknown,Unknown,Available
48126,,2008-03-28,Male,5,guangzhoushi,guangdong,CN,40,2014-03-31,57,72234,28339,38186,92596,2014-03-31,1,12,80,7,0.799295542,77351,11,11.256121712163383,11.187679971963481,10.252029513244672,10.550250422538545,11.436012022701256,11.256121712163383,2.637781005459996,4.394449154672439,2.0794415416798357,2.4849066497880004,79.9295542,Unknown,Available,Available
57568,,2010-03-18,Male,6,dalian,liaoning,CN,53,2014-03-31,58,69157,45484,20069,51359,,85,10,54,4,1.441034872,73374,7,11.203338557130397,11.14414902092911,10.725137880256161,9.906981441790384,10.846614938363842,11.203338557130397,2.4834435917069575,4.007333185232471,1.6094379124341003,2.0794415416798357,144.1034872,Unknown,Available,Unknown
44961,,,Female,4,wulumuqishi,xinjiang,CN,44,2014-03-31,34,61601,25446,34179,99007,,20,21,100,1,0.746978698,68529,4,11.135026884579869,11.02844961652702,10.144353136837955,10.439395956669582,11.502955933932737,11.135026884579869,3.1047225571265264,4.61512051684126,0.6931471805599453,1.6094379124341003,74.6978698,Unknown,Unknown,Unknown
45005,,,Male,5,wulumuqi,xinjiang,CN,44,2014-03-31,45,61649,19922,37507,108968,,28,15,82,5,0.678618494,75480,8,11.231636247937386,11.02922850859249,9.899630122208823,10.532309522539515,11.598818717091163,11.231636247937386,2.8129560680229604,4.418840607796598,1.791759469228055,2.1972245773362196,67.8618494,Unknown,Unknown,Unknown
9735,,2006-07-30,Male,5,guangzhou,guangdong,CN,40,2014-03-31,66,67998,43173,24349,99380,2014-03-17,15,11,67,0,0.743689072,70880,3,11.168757693531585,11.127248278167759,10.672993741194823,10.100287128510736,11.506716227492484,11.168757693531585,2.486187880328172,4.219507705176107,0.0,1.3862943611198906,74.3689072,Unknown,Available,Available
57421,,2008-07-25,Male,5,dalian,liaoning,CN,56,2014-03-31,52,62807,10800,12440,54902,2014-03-21,11,14,52,6,1.346142581,73785,11,11.208924290695863,11.047837732878092,9.287394001418473,9.42875274891449,10.913323270813391,11.208924290695863,2.7093565368073884,3.970291913552122,1.9459101490553132,2.4849066497880004,134.6142581,Unknown,Available,Available
38099,,2005-04-30,Male,5,guangzhoushi,guangdong,CN,53,2014-03-31,103,61410,37018,30428,126385,2014-03-28,4,6,58,9,0.584587649,143212,27,11.87208831151114,11.025344251183697,10.519186573336931,10.323151380044106,11.747095995066937,11.87208831151114,2.078215299902604,4.07753744390572,2.302585092994046,3.332204510175204,58.458764900000006,Unknown,Available,Available
2310,2005-09-01,2005-10-19,Male,5,guangzhou,guangdong,CN,47,2014-03-31,61,74832,39768,28771,82229,2014-01-31,61,11,97,0,0.897384621,77417,3,11.256974590679901,11.223014243143432,10.590842993304264,10.267157970987247,11.317275477964941,11.256974590679901,2.494581915586522,4.584967478670572,0.0,1.3862943611198906,89.7384621,Available,Available,Available
34110,2012-11-10,,Male,5,wulumuqi,xinjiang,CN,48,2014-03-31,32,67083,3615,53212,68796,2014-03-30,2,16,144,0,1.071943718,74254,2,11.215260394465046,11.113700844451518,8.856572917341328,10.88205800638073,11.138915418319561,11.215260394465046,2.852010890303048,4.976733742420574,0.0,1.0986122886681096,107.1943718,Available,Unknown,Available
42624,,2012-06-13,Male,6,guangzhou,guangdong,CN,31,2014-03-31,92,73340,23592,54637,81252,2014-03-29,3,7,52,4,0.907426648,87533,7,11.37978256829995,11.20287507665644,10.068705336846714,10.908484890353673,11.305323022587267,11.37978256829995,2.1038660937110394,3.970291913552122,1.6094379124341003,2.0794415416798357,90.7426648,Unknown,Available,Available
40132,2009-04-07,,Male,5,guangzhou,guangdong,CN,56,2014-03-31,58,64266,35665,33496,94789,2014-03-26,6,12,55,5,0.777775797,67206,9,11.115532687752937,11.070801559199014,10.481953133012459,10.419211161564311,11.459419197447087,11.115532687752937,2.5902671651958267,4.02535169073515,1.791759469228055,2.302585092994046,77.7775797,Available,Unknown,Available
11220,2005-07-05,,Male,5,guangzhou,guangdong,CN,53,2014-03-31,80,64471,31925,42237,100890,2014-03-31,1,9,43,0,0.73022133,71605,1,11.178934148320488,11.073986300004346,10.371176003824424,10.65107556877432,11.521796005138416,11.178934148320488,2.3126607450040906,3.784189633918261,0.0,0.6931471805599453,73.022133,Available,Unknown,Available
54602,2005-12-08,2006-06-23,Male,6,guangzhou,guangdong,HK,50,2014-03-31,46,70299,49364,25678,82198,2014-03-24,8,15,73,2,0.895138446,78041,6,11.265002422291795,11.160527077798756,10.80699695004555,10.153428816235715,11.31689841552015,11.265002422291795,2.8305955417762605,4.304065093204169,1.0986122886681096,1.9459101490553132,89.5138446,Available,Available,Available
32423,,2011-05-29,Male,5,guangzhoushi,guangdong,CN,35,2014-03-31,85,67909,31528,39421,96524,2014-03-18,14,8,58,6,0.762113878,86108,23,11.363369214569707,11.125938578107837,10.358663036209952,10.582079315086874,11.477557321132437,11.363369214569707,2.2500378799368637,4.07753744390572,1.9459101490553132,3.1780538303479458,76.2113878,Unknown,Available,Available
25115,,,Female,4,foshan,guangdong,CN,53,2014-03-31,15,72637,16730,20193,87979,,53,28,99,0,0.835734664,78355,0,11.26901782430329,11.193243479856486,9.725018565057663,9.913140809564267,11.384864794902711,11.26901782430329,3.391627930501774,4.605170185988092,0.0,0.0,83.5734664,Unknown,Unknown,Unknown
22014,2009-01-03,,Male,6,wuhanshi,hubei,CN,53,2014-03-31,55,70955,33617,36296,53082,,26,12,47,0,1.38513677,77993,4,11.264387179636074,11.16981524560883,10.422816916793339,10.499490372209587,10.879612005311733,11.264387179636074,2.6244001720837415,3.8712010109078907,0.0,1.6094379124341003,138.513677,Available,Unknown,Unknown
38067,,2005-03-20,Male,6,guangzhou,guangdong,CN,47,2014-03-31,70,65737,16461,54168,90676,2014-03-23,9,9,61,4,0.810777824,84231,26,11.341330175536596,11.09343242387742,9.70880997353259,10.899864068079113,11.415059020704106,11.341330175536596,2.36848138756494,4.127134385045092,1.6094379124341003,3.295836866004329,81.0777824,Unknown,Available,Available
52661,,2010-01-15,Male,5,shenyangshi,liaoningsheng,CN,42,2014-03-31,84,66511,34268,29148,88600,2014-03-28,4,8,91,3,0.828726975,69819,4,11.153675780659027,11.105137661492419,10.441996434402057,10.280175885872874,11.391898423211194,11.153675780659027,2.278193639913096,4.5217885770490405,1.3862943611198906,1.6094379124341003,82.8726975,Unknown,Available,Available
45577,,2006-06-26,Male,5,guangzhou,guangdong,CN,52,2014-03-31,85,68872,33276,35526,94910,2014-03-27,5,8,67,7,0.773356654,75183,10,11.227693721342597,11.140019507921078,10.41262174664114,10.478048249762029,11.460694889366577,11.227693721342597,2.2662174488379856,4.219507705176107,2.0794415416798357,2.3978952727983707,77.3356654,Unknown,Available,Available
57913,2009-02-06,2009-09-18,Male,5,wulumuqi,xinjiang,CN,41,2014-03-31,51,54326,25440,24025,103334,2014-03-24,8,14,59,3,0.710294095,58746,4,10.980995366872817,10.902776619909453,10.144117324857612,10.086891856281321,11.545731416695405,10.980995366872817,2.7186603802142257,4.0943445622221,1.3862943611198906,1.6094379124341003,71.0294095,Available,Available,Available
921,,,Male,5,guangzhou,guangdong,CN,33,2014-03-31,66,66604,36460,32661,87096,2014-03-27,5,10,72,1,0.842461652,97563,34,11.488263851899367,11.106534928785564,10.503998475174141,10.393967601636689,11.374777719078644,11.488263851899367,2.475891778497736,4.290459441148391,0.6931471805599453,3.5553480614894135,84.24616520000001,Unknown,Unknown,Available
41275,,2011-08-28,Female,4,shenzhen,guangdong,CN,29,2014-03-31,13,83240,51527,22151,75939,,30,56,287,2,0.965910007,83630,3,11.334169543735626,11.32949529389048,10.849880628226726,10.005683064850798,11.237698833785794,11.334169543735626,3.861673167219153,5.662960480135946,1.0986122886681096,1.3862943611198906,96.5910007,Unknown,Available,Unknown
13131,,2010-02-20,Male,5,liuzhou,guangxi,CN,34,2014-03-31,85,65215,32275,37980,87222,2014-03-26,6,8,47,0,0.840588842,72740,5,11.194660466040654,11.085460116582396,10.382079198968396,10.54484131366684,11.37622333658602,11.194660466040654,2.2649821182201224,3.8712010109078907,0.0,1.791759469228055,84.0588842,Unknown,Available,Available
56192,2005-04-01,,Male,5,guangzhoushi,guangdong,CN,47,2014-03-31,83,74425,34654,38075,84586,2014-03-21,11,8,42,0,0.866116497,82713,7,11.323144153262419,11.217560622139024,10.453197294352085,10.547339441371197,11.345535869484145,11.323144153262419,2.230538784043795,3.7612001156935624,0.0,2.0794415416798357,86.6116497,Available,Unknown,Available
26638,,2006-06-14,Male,6,shenyang,liaoning,CN,37,2014-03-31,89,65296,35636,44097,76929,2014-03-26,6,8,52,12,0.952323571,73965,15,11.211360807143008,11.086701372402121,10.48113970295765,10.694169708932606,11.25065119645298,11.211360807143008,2.2233942951089647,3.970291913552122,2.5649493574615367,2.772588722239781,95.2323571,Unknown,Available,Available
49794,,2010-07-22,Male,6,wuhanshi,hubeisheng,CN,36,2014-03-31,85,76921,35688,37124,88084,2014-03-28,4,8,37,4,0.829060102,116550,23,11.666084224435675,11.250547200404737,10.482597797038709,10.522045876105,11.38605753636124,11.666084224435675,2.2649821182201224,3.6375861597263857,1.6094379124341003,3.1780538303479458,82.9060102,Unknown,Available,Available
47757,2007-11-01,,Male,5,shenzhen,guangdong,CN,58,2014-03-31,53,67889,25902,36645,100834,,20,13,61,0,0.724125295,88447,16,11.390170087687286,11.125644027295692,10.162114071095669,10.50905956084012,11.521240796573942,11.390170087687286,2.6767976577039256,4.127134385045092,0.0,2.833213344056216,72.4125295,Available,Unknown,Unknown
41770,2011-10-09,,Male,5,dalian,liaoning,CN,60,2014-03-31,92,62560,18452,6409,93608,2014-03-31,1,8,31,0,0.779446094,73329,1,11.202725081087845,11.04389735974617,9.822982237876477,9.077809308899132,11.446881811689352,11.202725081087845,2.198444833742668,3.4657359027997265,0.0,0.6931471805599453,77.9446094,Available,Unknown,Available
13247,,,Male,6,guangzhou,guangdong,CN,44,2014-03-31,54,68375,22785,45179,73594,2014-03-17,15,12,120,1,0.991353507,76909,3,11.2503911860511,11.132777164845853,10.033901591258061,10.718409790021994,11.206332367626686,11.2503911860511,2.635006007653184,4.795790545596741,0.6931471805599453,1.3862943611198906,99.1353507,Unknown,Unknown,Available
43906,,2011-03-25,Male,5,beijing,beijing,CN,32,2014-03-31,78,67163,38602,31279,92961,2014-03-26,6,9,45,3,0.784661847,72019,6,11.184699137202866,11.11489266867936,10.561085272640117,10.350734194659248,11.43994608648425,11.184699137202866,2.342055525253377,3.828641396489095,1.3862943611198906,1.9459101490553132,78.4661847,Unknown,Available,Available
44952,,,Male,6,wulumuqishi,xinjiang,CN,60,2014-03-31,45,63482,25366,25819,94176,2014-03-27,5,16,56,0,0.77380288,70389,3,11.161806486602178,11.058527432502881,10.141204395699798,10.158904664400634,11.452931269393407,11.161806486602178,2.851756921873372,4.04305126783455,0.0,1.3862943611198906,77.380288,Unknown,Unknown,Available
12881,,2009-11-15,Male,5,.,beijing,CN,36,2014-03-31,57,68601,21050,43212,96770,,21,12,128,1,0.752291723,77706,4,11.26070062238796,11.136076967807941,9.954703343920398,10.673896654889003,11.480102641602725,11.26070062238796,2.583997552432231,4.859812404361672,0.6931471805599453,1.6094379124341003,75.2291723,Unknown,Available,Unknown
3257,2010-04-04,,Male,5,KUSATSU-CITY,SHIGA-KEN,JP,49,2014-03-31,44,68667,39572,37761,94505,2014-03-14,18,16,51,1,0.770116925,79820,7,11.287541906712672,11.13703857639082,10.58590234651703,10.539058584958477,11.45641860352979,11.287541906712672,2.861536208083405,3.9512437185814275,0.6931471805599453,2.0794415416798357,77.0116925,Available,Unknown,Available
17745,2007-02-12,,Male,5,dalian,liaoning,CN,37,2014-03-31,78,57500,26891,22530,97688,2014-03-31,1,9,97,5,0.744750123,67474,9,11.119512437886206,10.959557617938563,10.199584123588927,10.022647417705386,11.489544242132316,11.119512437886206,2.3282275236327,4.584967478670572,1.791759469228055,2.302585092994046,74.4750123,Available,Unknown,Available
22759,2010-10-08,,Male,5,Unknown,Unknown,CA,28,2014-03-31,69,40192,42180,25700,122130,2014-03-19,13,10,42,3,0.595677639,46302,4,10.742962032791647,10.601448130091603,10.649725161670181,10.154285180632154,11.71284951812801,10.742962032791647,2.4320641683102613,3.7612001156935624,1.3862943611198906,1.6094379124341003,59.5677639,Available,Unknown,Available
40265,,2010-05-28,Male,6,guangzhou,guangdong,CN,34,2014-03-31,91,67336,39087,36960,94399,2014-03-19,13,7,57,3,0.770311126,88765,27,11.393758972779011,11.117465141678133,10.573570793497522,10.517618581666662,11.455296352133592,11.393758972779011,2.1797895154638667,4.060443010546419,1.3862943611198906,3.332204510175204,77.0311126,Unknown,Available,Available
60246,2011-12-11,2011-12-23,Male,5,guangzhoushi,guangdong,CN,28,2014-03-31,56,69083,21376,41592,99083,2014-03-28,4,12,63,0,0.733522501,77046,11,11.252170904234243,11.14307843446381,9.97007085667928,10.63568716285973,11.503723254205429,11.252170904234243,2.6299248458553937,4.1588830833596715,0.0,2.4849066497880004,73.3522501,Available,Available,Available
26831,2008-06-12,,Male,5,benxi,liaoning,CN,45,2014-03-31,44,66923,27097,38622,69243,2014-03-28,4,16,92,0,1.048949208,68954,0,11.141209396908438,11.111312926177554,10.207215203406376,10.561603232924144,11.14539177769662,11.141209396908438,2.8427437090424115,4.532599493153256,0.0,0.0,104.89492080000001,Available,Unknown,Available
10110,,2007-07-13,Female,4,guangzhou,guangdong,CN,41,2014-03-31,72,67397,58788,12219,92591,2014-03-25,7,10,61,0,0.784232377,68061,4,11.12817433345917,11.118370622869625,10.981710041556108,9.410829232725586,11.43595802381362,11.12817433345917,2.411881515000383,4.127134385045092,0.0,1.6094379124341003,78.4232377,Unknown,Available,Available
23777,2012-07-04,,Male,4,shenyang,liaoning,CN,41,2014-03-31,49,61383,41339,16828,81119,2013-06-19,287,7,27,0,0.894173991,61383,0,11.024904493857502,11.024904493857502,10.62958583323576,9.730858867713073,11.30368481882501,11.024904493857502,2.1152509944167477,3.332204510175204,0.0,0.0,89.4173991,Available,Unknown,Available
6306,,2012-04-25,Male,4,wulumuqi,xinjiang,CN,55,2014-03-31,37,56589,33245,23017,107668,2014-03-31,1,19,75,1,0.67363915,59508,2,10.993882840599206,10.94358757013657,10.411689738095404,10.044031797528437,11.586816985128479,10.993882840599206,3.025830304657362,4.330733340286331,0.6931471805599453,1.0986122886681096,67.36391499999999,Unknown,Available,Available
6947,2012-11-03,,Male,6,xuchang,henan,CN,43,2014-03-31,88,68671,17559,50116,94053,2014-03-28,4,5,20,0,0.770906191,80678,2,11.29823359734582,11.13709682599037,9.773378867189107,10.82211555087377,11.451624364393624,11.29823359734582,1.9276826352391918,3.044522437723423,0.0,1.0986122886681096,77.0906191,Available,Unknown,Available
2472,2007-05-08,,Male,6,shenyang,liaoning,CN,38,2014-03-31,84,62886,19534,40201,101344,2014-03-23,9,8,72,0,0.715400813,71129,1,11.17226446772756,11.049094744062343,9.87996300748917,10.601672024613341,11.526285816672065,11.17226446772756,2.223646193525026,4.290459441148391,0.0,0.6931471805599453,71.5400813,Available,Unknown,Available
53232,,2009-08-16,Male,5,dongjingdu,Unknown,JP,58,2014-03-31,58,59580,66139,47345,96418,2014-03-20,12,12,70,1,0.751877658,61363,1,11.024578622964665,10.995092010282178,11.099528986535784,10.76523761774909,11.476458556613569,11.024578622964665,2.599435533467517,4.2626798770413155,0.6931471805599453,0.6931471805599453,75.1877658,Unknown,Available,Available
18673,,,Male,5,shenzhen,guangdong,CN,44,2014-03-31,60,56860,18820,42535,107228,2014-03-28,4,11,84,2,0.676071828,62816,4,11.047981016460426,10.948364972106267,9.842728546690564,10.658106055184174,11.582722013422314,11.047981016460426,2.5345035908064046,4.442651256490317,1.0986122886681096,1.6094379124341003,67.6071828,Unknown,Unknown,Available
46824,,2012-10-28,Male,4,dongguan,guangdong,CN,47,2014-03-31,9,68334,13820,19620,91224,2014-03-29,3,64,108,0,0.794444444,71180,0,11.172981207855637,11.1321773593989,9.533944453604027,9.884355700220102,11.421084261304648,11.172981207855637,3.861673167219153,4.6913478822291435,0.0,0.0,79.44444440000001,Unknown,Available,Available
55871,,,Male,4,guangzhou,guangdong,CN,31,2014-03-31,11,57707,13915,18600,95158,,151,42,115,1,0.760999706,58707,2,10.98033128273109,10.963151091065663,9.540794536271832,9.83097062169695,11.463304455744613,10.98033128273109,3.7773481021015445,4.7535901911063645,0.6931471805599453,1.0986122886681096,76.0999706,Unknown,Unknown,Unknown
53944,,2006-06-29,Male,5,wulumuqi,xinjiang,CN,38,2014-03-31,33,61690,20075,36856,94251,2014-03-22,10,22,132,1,0.76655558,65919,3,11.096197164583353,11.029893332154973,9.907280350774824,10.514800838871937,11.453727325244264,11.096197164583353,3.1556697489644083,4.890349128221754,0.6931471805599453,1.3862943611198906,76.655558,Unknown,Available,Available
56408,,2005-09-19,Male,5,guangzhou,guangdong,CN,46,2014-03-31,72,66890,32574,32735,108362,2014-02-15,46,9,50,1,0.666644027,79215,9,11.279933577601204,11.11081970791848,10.391300401993046,10.396230668751352,11.593241981308598,11.279933577601204,2.3640378722169806,3.9318256327243257,0.6931471805599453,2.302585092994046,66.6644027,Unknown,Available,Available
62462,2006-03-07,,Female,4,dalian,liaoning,CN,55,2014-03-31,38,66164,41651,25902,57045,,29,17,49,2,1.265377684,69055,4,11.142673048617807,11.09990690120715,10.637104665649787,10.162114071095669,10.95161323889698,11.142673048617807,2.905275163383947,3.912023005428146,1.0986122886681096,1.6094379124341003,126.53776839999999,Available,Unknown,Unknown
24465,2012-08-01,,Male,4,wulumuqi,xinjiang,CN,46,2014-03-31,27,61260,40290,7402,72382,2013-11-23,130,18,110,0,0.997066121,61260,0,11.022898704119024,11.022898704119024,10.603883397931984,9.077809308899132,11.189726744172582,11.022898704119024,2.9624936322770643,4.709530201312334,0.0,0.0,99.7066121,Available,Unknown,Available
8313,,2010-11-15,Male,5,yining,xinjiang,CN,51,2014-03-31,35,64224,36068,15975,71526,2014-03-24,8,19,96,1,1.008923608,66022,3,11.097758445150307,11.070147821978084,10.49318904964302,9.67884287509565,11.177830279778336,11.097758445150307,3.0189891359481433,4.574710978503383,0.6931471805599453,1.3862943611198906,100.89236079999999,Unknown,Available,Available
38248,2005-08-11,2005-08-21,Female,6,guangzhou,guangdong,CN,45,2014-03-31,84,62423,33332,37876,94699,2014-03-27,5,8,64,3,0.760778361,73274,11,11.201974765579093,11.041705095796598,10.414303176252119,10.542099346698048,11.45846927917417,11.201974765579093,2.254457359978641,4.174387269895637,1.3862943611198906,2.4849066497880004,76.0778361,Available,Available,Available
14125,2012-04-11,,Male,4,KODAIRA-SHI,TOKYO-TO,JP,47,2014-03-31,27,70501,49895,31775,83430,,31,26,149,0,0.863220664,72848,1,11.196144084693172,11.1633963571923,10.817696118205959,10.366466566844899,11.331775221920417,11.196144084693172,3.3155836289950296,5.0106352940962555,0.0,0.6931471805599453,86.3220664,Available,Unknown,Unknown
46523,,2010-09-14,Male,4,shenyang,liaoning,CN,43,2014-03-31,55,59363,35279,18473,91229,,87,11,52,0,0.789220204,62646,3,11.04527107410187,10.991443261015709,10.471071510120728,9.824119617152556,11.42113906933952,11.04527107410187,2.554927798971741,3.970291913552122,0.0,1.3862943611198906,78.92202040000001,Unknown,Available,Unknown
18043,2006-07-11,,Male,6,qinzhou,guangxi,CN,39,2014-03-31,25,67164,23225,37652,60909,2014-03-30,2,30,169,3,1.181765256,73026,4,11.198584514761762,11.114907557497114,10.053027619805704,10.536167911328556,11.01715264383053,11.198584514761762,3.4446824934955114,5.135798437050262,1.3862943611198906,1.6094379124341003,118.1765256,Available,Unknown,Available
9581,2006-02-01,,Female,4,EINDHOVEN,.,NL,44,2014-03-31,24,45550,21253,22485,104992,2014-01-16,76,27,148,0,0.685569377,45550,0,10.726587856343938,10.726587856343938,9.96430039193264,10.020648172309706,11.561648960250674,10.726587856343938,3.3627879336376454,5.003946305945459,0.0,0.0,68.55693769999999,Available,Unknown,Available
60273,,2011-11-17,Male,4,dalian,liaoning,CN,38,2014-03-31,48,47307,64582,0,109680,2013-02-22,404,6,73,2,0.65625,47307,5,10.764434693371008,10.764434693371008,11.075706497243841,9.077809308899132,11.605331431627164,10.764434693371008,2.0687462525603997,4.304065093204169,1.0986122886681096,1.791759469228055,65.625,Unknown,Available,Available
37404,2010-03-08,,Male,5,changsha,hunan,CN,46,2014-03-31,65,65679,29744,30610,85774,2014-03-25,7,11,57,0,0.838990253,73048,3,11.198885727831211,11.092549744126309,10.300416329622006,10.329114700468233,11.359482867726651,11.198885727831211,2.5004108363239657,4.060443010546419,0.0,1.3862943611198906,83.89902529999999,Available,Unknown,Available
1041,,2007-03-30,Male,5,beijing,beijing,CN,53,2014-03-31,67,63024,16680,48760,107942,2014-03-27,5,10,77,0,0.666477923,70960,0,11.169885709330613,11.05128675205612,9.722025626154055,10.794686091998527,11.589358589004863,11.169885709330613,2.4237294765410535,4.356708826689592,0.0,0.0,66.64779229999999,Unknown,Available,Available
54031,,2008-03-31,Male,4,beijing,beijing,CN,33,2014-03-31,37,57801,25598,31235,96596,2014-02-17,44,19,84,0,0.744337447,62236,2,11.038704957176453,10.964778656137955,10.150308567204695,10.349326554782566,11.478302963817743,11.038704957176453,2.995732273553991,4.442651256490317,0.0,1.0986122886681096,74.4337447,Unknown,Available,Available
6641,,2011-01-30,Male,6,.,beijing,CN,46,2014-03-31,68,63812,48755,29467,49054,2014-03-27,5,10,66,0,1.464808986,68257,3,11.13104992229515,11.06371221033176,10.794583545775726,10.291060207802705,10.80069739659749,11.13104992229515,2.4546012998824147,4.204692619390966,0.0,1.3862943611198906,146.4808986,Unknown,Available,Available
26500,,2011-07-13,Male,5,wulumuqi,xinjiang,CN,51,2014-03-31,75,63296,17543,29322,94885,2014-03-17,15,9,58,2,0.756962955,73012,5,11.198392786467558,11.055593213644238,9.772467290097724,10.286127470002349,11.460431450006158,11.198392786467558,2.364163155200527,4.07753744390572,1.0986122886681096,1.791759469228055,75.6962955,Unknown,Available,Available
45866,,2007-02-28,Male,4,shanghai,shanghai,CN,46,2014-03-31,78,60656,35244,31818,95712,2014-03-22,10,9,43,0,0.749861982,69123,6,11.143657272173883,11.01299032403541,10.470078954207976,10.367818874622333,11.469109409385794,11.143657272173883,2.302585092994046,3.784189633918261,0.0,1.9459101490553132,74.9861982,Unknown,Available,Available
57633,2008-09-12,,Male,4,TOKYO,TOKYO,JP,51,2014-03-31,29,67476,49206,18550,93670,2014-03-14,18,24,140,0,0.766206897,68062,1,11.128189025837498,11.119542078054563,10.803791168782833,9.828278974938373,11.447543921922854,11.128189025837498,3.2470467016682303,4.948759890378168,0.0,0.6931471805599453,76.6206897,Available,Unknown,Available
17391,,2009-10-22,Male,5,wulumuqi,xinjiang,CN,37,2014-03-31,61,58589,21021,30622,91722,2014-03-28,4,11,92,0,0.78226347,64720,4,11.077841002787295,10.978319312538835,9.9533247873833,10.329506639592042,11.426528444679414,11.077841002787295,2.5481422388843993,4.532599493153256,0.0,1.6094379124341003,78.22634699999999,Unknown,Available,Available
50048,2011-03-09,2011-04-26,Male,6,shanghai,shanghai,CN,37,2014-03-31,110,59275,29292,41770,94212,2014-03-31,1,6,37,5,0.761354286,75470,10,11.23150375548926,10.98995978131007,10.285103858612302,10.639957597831893,11.45331345528903,11.23150375548926,1.9794184386040563,3.6375861597263857,1.791759469228055,2.3978952727983707,76.1354286,Available,Available,Available
8898,,,Male,5,wulumuqi,xinjiang,CN,60,2014-03-31,26,64046,29565,17168,50464,2014-01-25,67,25,106,6,1.420586557,64546,7,11.075148919594454,11.067372467820434,10.294380331461035,9.750860711077213,10.82903530567296,11.075148919594454,3.2763897310688073,4.672828834461906,1.9459101490553132,2.0794415416798357,142.0586557,Unknown,Unknown,Available
47233,,2005-06-23,Female,5,guangzhou,guangdong,CN,39,2014-03-31,62,72532,38440,27494,82613,2014-03-25,7,11,77,0,0.867230581,84365,6,11.34291975581887,11.19179690969702,10.556879877314014,10.221759448941915,11.321934436672427,11.34291975581887,2.530308305632554,4.356708826689592,0.0,1.9459101490553132,86.72305809999999,Unknown,Available,Available
47251,2005-05-10,2005-06-15,Male,5,.,beijing,CN,39,2014-03-31,61,61852,34538,30744,97269,,29,11,65,3,0.736404404,64602,5,11.07601612832089,11.032515881090573,10.449844399341774,10.33348265838757,11.485245895863486,11.07601612832089,2.533696813957432,4.189654742026425,1.3862943611198906,1.791759469228055,73.64044039999999,Available,Available,Unknown
891,,2006-11-29,Male,5,zhuhai,guangdong,CN,42,2014-03-31,62,57068,21766,29712,103017,2014-03-23,9,11,54,7,0.695298834,70004,19,11.156321947052026,10.95201634103625,9.988150340414837,10.299339939461232,11.542659009225051,11.156321947052026,2.55225883152375,4.007333185232471,2.0794415416798357,2.995732273553991,69.5298834,Unknown,Available,Available
18810,2006-04-03,,Male,5,Unknown,Unknown,CN,45,2014-03-31,53,65665,25024,37957,93161,2014-02-24,37,11,58,3,0.768521162,71033,7,11.17091391463969,11.092336566716217,10.127630604183421,10.544235564296866,11.442095192209225,11.17091391463969,2.5470384309552476,4.07753744390572,1.3862943611198906,2.0794415416798357,76.8521162,Available,Unknown,Available
35836,,2007-11-18,Male,5,haerbin,heilongjiang,CN,48,2014-03-31,28,68418,36780,13249,48681,2014-03-23,9,26,98,2,1.470489719,70939,4,11.169589728327614,11.133405842815316,10.512736686478211,9.491752831414368,10.793064630891859,11.169589728327614,3.305393252751721,4.59511985013459,1.0986122886681096,1.6094379124341003,147.0489719,Unknown,Available,Available
18870,,2006-06-18,Male,6,guangzhou,guangdong,CN,37,2014-03-31,67,57999,23427,40691,105406,2014-03-25,7,8,50,1,0.678681764,66083,2,11.098681939050481,10.968198289528557,10.061687167209673,10.61378679191364,11.565584326546348,11.098681939050481,2.2903898199216997,3.9318256327243257,0.6931471805599453,1.0986122886681096,67.8681764,Unknown,Available,Available
27973,2006-11-03,,Male,6,wuhan,hubei,CN,49,2014-03-31,79,69591,20926,42427,79187,2014-03-14,18,8,35,9,0.902894036,79520,10,11.283776416704102,11.150404897187377,9.94879547024067,10.65556380062536,11.279580051171422,11.283776416704102,2.288382142818653,3.58351893845611,2.302585092994046,2.3978952727983707,90.2894036,Available,Unknown,Available
9489,2004-11-01,,Male,6,can,gd,BR,27,2014-03-31,26,62498,25871,43444,74707,2014-03-28,4,25,224,46,0.956791465,244458,76,12.40680288467411,11.04290583559649,10.160916581816888,10.679251049273306,11.221342460433497,12.271620155461939,3.279406324608233,5.41610040220442,3.8501476017100584,4.343805421853684,95.6791465,Available,Unknown,Available
27928,,,Male,5,changsha,hunan,CN,44,2014-03-31,60,65430,29164,31982,79936,,20,11,48,0,0.893743995,69020,1,11.142166085101078,11.088751431256087,10.280724639187738,10.372959790618586,11.288994103415007,11.142166085101078,2.5531459419609264,3.8918202981106265,0.0,0.6931471805599453,89.3743995,Unknown,Unknown,Unknown
48152,,2008-05-22,Male,5,guangzhou,guangdong,CN,46,2014-03-31,47,68789,22004,40153,85104,,25,15,110,3,0.839405903,73247,4,11.201606222752293,11.13881366452006,9.999024979245192,10.600477340813523,11.351641067242074,11.201606222752293,2.779359228672039,4.709530201312334,1.3862943611198906,1.6094379124341003,83.9405903,Unknown,Available,Unknown
4908,,2010-09-15,Female,5,guangzhou,guangdong,CN,41,2014-03-31,47,64841,25172,36653,93009,,22,15,104,2,0.767970626,68214,2,11.130419760996974,11.07970882053122,10.13352727053818,10.509277841877822,11.440462293236513,11.130419760996974,2.791431810281261,4.653960350157523,1.0986122886681096,1.0986122886681096,76.7970626,Unknown,Available,Unknown
2182,2005-05-06,,Male,5,wuhan,hubei,CN,49,2014-03-31,47,62268,27321,39309,69445,2014-03-26,6,15,74,0,1.027577651,65578,1,11.091010801730992,11.039218988640071,10.215447517447432,10.579234218415905,11.148304751131443,11.091010801730992,2.8138454046695562,4.31748811353631,0.0,0.6931471805599453,102.75776510000001,Available,Unknown,Available
30905,2009-02-01,,Male,5,Yokohama,Kanagawa,JP,57,2014-03-31,52,68194,37545,32419,50564,2014-03-27,5,13,49,12,1.410842497,72139,12,11.18636395445753,11.130126527360975,10.533322126884308,10.386530795289667,10.83101491633627,11.18636395445753,2.7067421566516185,3.912023005428146,2.5649493574615367,2.5649493574615367,141.0842497,Available,Unknown,Available
25211,2012-09-08,,Male,4,DONCOSTER EAST,VICTORIA,AU,47,2014-03-31,12,73870,12900,42200,86872,2014-03-13,19,50,111,0,0.821038309,78390,0,11.269464403830575,11.210075607726404,9.465060106725137,10.650199196425806,11.372202561019359,11.269464403830575,3.861673167219153,4.718498871295094,0.0,0.0,82.10383089999999,Available,Unknown,Available
19386,2007-06-09,2007-09-28,Male,5,maoming,guangdong,CN,51,2014-03-31,47,71539,34608,36400,55930,2014-03-20,12,15,126,12,1.275212587,75899,13,11.237171963383721,11.178012012813008,10.451869042828553,10.502351525774941,10.93187406714802,11.237171963383721,2.7807078465165604,4.844187086458591,2.5649493574615367,2.639057329615259,127.52125869999999,Available,Available,Available
50889,,,Female,5,wuhan,hubei,CN,54,2014-03-31,64,64084,27378,34360,95009,2014-03-18,14,11,56,2,0.750668147,66352,2,11.102744253508355,11.067965606163924,10.217531575165962,10.444677479283538,11.461737428200795,11.102744253508355,2.503255788274379,4.04305126783455,1.0986122886681096,1.0986122886681096,75.0668147,Unknown,Unknown,Available
20231,,2005-04-21,Male,5,Unknown,Unknown,CN,46,2014-03-31,50,60265,35442,25726,91885,2014-03-18,14,14,110,5,0.776086957,66742,34,11.10860470184951,11.006523376264017,10.475681051249266,10.155296303064102,11.428303957239482,11.10860470184951,2.7295853535070367,4.709530201312334,1.791759469228055,3.5553480614894135,77.6086957,Unknown,Available,Available
23700,,2012-06-20,Female,4,CORONA,CA,US,21,2014-03-31,11,69632,7801,28361,79822,,86,56,327,0,0.892701511,71376,0,11.175730967581492,11.150993871885674,8.962135390066601,10.25280550002129,11.287566962461714,11.175730967581492,3.861673167219153,5.675121665433755,0.0,0.0,89.27015109999999,Unknown,Available,Unknown
62966,2008-07-06,,Male,5,wulumuqi,xinjiang,CN,37,2014-03-31,49,63525,13359,35733,95617,2014-03-24,8,13,52,4,0.745036761,69379,5,11.147353920523742,11.059204549898388,9.500020447090638,10.483857895493113,11.468116365835016,11.147353920523742,2.6798793239069423,3.970291913552122,1.6094379124341003,1.791759469228055,74.5036761,Available,Unknown,Available
29752,,2007-10-21,Male,5,guangzhou,guangdong,CN,39,2014-03-31,43,68195,37734,25191,76616,2014-03-25,7,15,91,3,0.929799128,113456,39,11.639179189494499,11.130141191085121,10.53834332471897,10.13428176278086,11.246574263220277,11.639179189494499,2.8105494845363106,4.5217885770490405,1.3862943611198906,3.6888794541139363,92.9799128,Unknown,Available,Available
28028,,,Male,6,.,beijing,CN,41,2014-03-31,59,66958,10656,47647,93989,2014-03-24,8,11,49,5,0.757864857,86732,9,11.370589713187506,11.111835770762712,9.273972232220956,10.771595935483736,11.450943672614347,11.370589713187506,2.5104399519892433,3.912023005428146,1.791759469228055,2.302585092994046,75.7864857,Unknown,Unknown,Available
19265,,2007-03-16,Male,6,hefei,anhui,CN,67,2014-03-31,89,62493,18961,47616,97760,2014-03-29,3,8,59,1,0.728606997,74500,3,11.218567827096358,11.042825831116199,9.850192255477904,10.770945119316325,11.490281003485675,11.218567827096358,2.2233942951089647,4.0943445622221,0.6931471805599453,1.3862943611198906,72.8606997,Unknown,Available,Available
11051,2005-02-08,,Male,4,.beijing,beijing,CN,53,2014-03-31,50,65693,55322,11259,66551,2014-02-22,39,13,133,5,1.070130276,67463,7,11.119349401254478,11.09276287610148,10.92094401424323,9.329011901693681,11.105738875963723,11.119349401254478,2.7066887307218725,4.897839799950911,1.791759469228055,2.0794415416798357,107.0130276,Available,Unknown,Available
3793,,2009-09-14,Male,6,zhengzhou,henan,CN,49,2014-03-31,60,69634,20912,42800,59525,2014-03-30,2,11,108,2,1.19527963,80825,8,11.300053974926623,11.151022593487193,9.94812625415451,10.664316745782925,10.994168470877957,11.300053974926623,2.5623383895417313,4.6913478822291435,1.0986122886681096,2.1972245773362196,119.527963,Unknown,Available,Available
41265,,2011-05-15,Male,5,kuche,xinjiang,CN,47,2014-03-31,50,59630,19563,26965,86754,2014-03-20,12,14,102,1,0.820040344,65315,4,11.0869923082222,10.99593085205871,9.881446421659248,10.20233209219402,11.370843333035772,11.0869923082222,2.7467474907548466,4.634728988229636,0.6931471805599453,1.6094379124341003,82.00403440000001,Unknown,Available,Available
8259,,,Male,5,wulumuqi,xinjiang,CN,58,2014-03-31,60,57207,8986,37171,102459,2014-03-28,4,11,82,0,0.694059575,66595,2,11.106399794664743,10.954449027728232,9.103534367658373,10.52331106867723,11.537227757493193,11.106399794664743,2.54253576287797,4.418840607796598,0.0,1.0986122886681096,69.4059575,Unknown,Unknown,Available
29959,2008-04-12,2008-08-19,Male,5,wuhan,hubei,CN,50,2014-03-31,67,64652,26911,41523,94955,2014-03-26,6,10,39,0,0.748769944,69393,0,11.147555687426006,11.07678978683568,10.200327562772674,10.634026852313136,11.461168905397194,11.147555687426006,2.473477953657864,3.6888794541139363,0.0,0.0,74.8769944,Available,Available,Available
31387,,2009-12-22,Male,6,shanghai,shanghai,CN,40,2014-03-31,40,64027,12825,30404,56236,2014-03-27,5,18,62,4,1.264161391,71016,8,11.170674563982798,11.067075766666589,9.459229639708807,10.32236234755421,10.937330182245267,11.170674563982798,2.967121739723807,4.143134726391533,1.6094379124341003,2.1972245773362196,126.41613910000001,Unknown,Available,Available
11916,,2008-05-27,Male,6,dalian,0,CN,56,2014-03-31,46,60456,8145,15259,51348,2014-03-30,2,15,68,0,1.38430046,67528,4,11.120312414225866,11.009687647519161,9.005282288208358,9.632990304838447,10.84640074097039,11.120312414225866,2.827970868025663,4.23410650459726,0.0,1.6094379124341003,138.430046,Unknown,Available,Available
58849,,2011-07-31,Male,6,zhengzhou,henan,CN,45,2014-03-31,82,62569,46538,18341,83895,2014-03-28,4,8,86,0,0.847254187,74228,23,11.214910188378656,11.04404120899241,10.748045949732441,9.81694879111889,11.33733321551424,11.214910188378656,2.3001129038511317,4.465908118654584,0.0,3.1780538303479458,84.7254187,Unknown,Available,Available
36711,,2006-07-23,Male,5,guangzhou,guangdong,CN,50,2014-03-31,56,69351,25109,37110,91642,2014-02-27,34,12,72,3,0.775610746,87703,25,11.381722787354375,11.146950264548476,10.13102145215163,10.52166870060616,11.425655872827754,11.381722787354375,2.612740021564552,4.290459441148391,1.3862943611198906,3.258096538021482,77.5610746,Unknown,Available,Available
39494,,2010-05-23,Female,4,ALHAMBRA CA,ALHAMBRA CA,US,61,2014-03-31,9,48848,21270,3000,110088,,27,75,389,0,0.645555556,48848,0,10.79648918643233,10.79648918643233,9.96509992166365,9.077809308899132,11.609044408546039,10.79648918643233,3.861673167219153,5.675121665433755,0.0,0.0,64.5555556,Unknown,Available,Unknown
46309,,,Male,6,guangzhou,guangdong,CN,65,2014-03-31,28,71085,51255,12135,48738,,148,20,97,0,1.457490254,74502,4,11.218594672013275,11.171645690636321,10.844587963318858,9.403931521028369,10.794234809939585,11.218594672013275,3.0757749813813735,4.584967478670572,0.0,1.6094379124341003,145.74902540000002,Unknown,Unknown,Unknown
13631,2010-03-06,2010-03-16,Male,5,guangzhou,guangdong,CN,30,2014-03-31,65,54662,21135,36074,105426,,30,10,56,0,0.673428376,65749,6,11.093614950040012,10.908942342717989,9.958733026762106,10.493355383642072,11.565774049267162,11.093614950040012,2.4161927572399486,4.04305126783455,0.0,1.9459101490553132,67.34283760000001,Available,Available,Unknown
34095,,2012-11-28,Male,6,shenzhen,guangdong,CN,51,2014-03-31,39,68085,17539,47333,57173,2014-03-18,14,12,42,2,1.241211236,75139,3,11.227108319127959,11.128526890973765,9.772239265926174,10.764984132323145,10.953854528576244,11.227108319127959,2.60463710576769,3.7612001156935624,1.0986122886681096,1.3862943611198906,124.1211236,Unknown,Available,Available
48928,,2009-01-26,Male,6,shenzhen,guangdong,CN,40,2014-03-31,63,65510,20128,43844,90448,2014-03-27,5,11,79,1,0.784394016,70380,2,11.16167861935662,11.089973346454478,9.909916840301031,10.688415966213457,11.412541434930374,11.16167861935662,2.5283059649621955,4.382026634673881,0.6931471805599453,1.0986122886681096,78.4394016,Unknown,Available,Available
56839,,2009-10-13,Male,5,dongguan,guangdong,CN,38,2014-03-31,17,76363,21295,37008,60715,2014-01-20,72,40,124,0,1.166852837,76935,0,11.250729186392318,11.24326665991455,9.966274540634894,10.518916405290764,11.01396253374675,11.250729186392318,3.722676833697227,4.8283137373023015,0.0,0.0,116.6852837,Unknown,Available,Available
49221,,2010-04-24,Female,4,DIAMOND BAR,CA,US,46,2014-03-31,8,85159,0,37460,75179,,27,81,242,6,0.942246505,88797,6,11.394119406204103,11.352287119007416,8.856572917341328,10.531055670783255,11.22764051711817,11.394119406204103,3.861673167219153,5.493061443340548,1.9459101490553132,1.9459101490553132,94.2246505,Unknown,Available,Unknown
38177,,2005-05-27,Male,6,guangzhou,guangdong,CN,37,2014-03-31,84,58632,27376,40118,110523,2014-03-29,3,8,57,4,0.640647015,100329,96,11.516220031919659,10.979052956993057,10.217458523810828,10.599605316540906,11.612987970926754,11.516220031919659,2.263267989619376,4.060443010546419,1.6094379124341003,4.574710978503383,64.0647015,Unknown,Available,Available
62939,,,Male,4,wulumuqi,xinjiang,CN,45,2014-03-31,37,61102,17416,36270,90444,2014-03-14,18,18,114,0,0.782823294,64058,2,11.067559812676024,11.020316243790663,9.765202019731785,10.498773802892188,11.412497210135735,11.067559812676024,2.9803365878503474,4.74493212836325,0.0,1.0986122886681096,78.2823294,Unknown,Unknown,Available
20800,,,Female,5,guangzhou,guangdong,CN,42,2014-03-31,80,61241,43965,22992,100267,,29,8,50,6,0.706098218,78754,25,11.274097046735836,11.022588507631554,10.691171886920062,10.042945100762001,11.515601880173637,11.274097046735836,2.2911272973355326,3.9318256327243257,1.9459101490553132,3.258096538021482,70.6098218,Unknown,Unknown,Unknown
49145,,2006-10-18,Male,5,guangzhou,guangdong,CN,48,2014-03-31,45,65073,32796,28661,82181,2014-03-29,3,15,75,0,0.861073849,67418,1,11.118682156284102,11.08328036286033,10.398092326774568,10.263327482618017,11.316691578962876,11.118682156284102,2.8291945843539157,4.330733340286331,0.0,0.6931471805599453,86.1073849,Unknown,Available,Available
60299,,2012-02-23,Male,4,beijing,beijing,CN,43,2014-03-31,93,62746,50736,21938,83778,2014-03-18,14,7,120,0,0.84441154,79953,5,11.289206748280122,11.046866047086215,10.834410706454594,9.996021153939061,11.335937658406873,11.289206748280122,2.1206982243495065,4.795790545596741,0.0,1.791759469228055,84.441154,Unknown,Available,Available
21206,,2008-03-27,Male,6,zhuzhou,hunan,CN,56,2014-03-31,44,68301,29052,35098,51657,,21,14,55,3,1.369228759,73623,6,11.206726338518692,11.131694327707022,10.276877027171807,10.465927919019618,10.852400351227539,11.206726338518692,2.7142326012878772,4.02535169073515,1.3862943611198906,1.9459101490553132,136.9228759,Unknown,Available,Unknown
46031,,2007-02-20,Male,5,changsha,hunan,CN,44,2014-03-31,69,64962,25992,37236,84501,2014-03-30,2,10,78,0,0.835834606,74325,2,11.21621610219893,11.081573156035201,10.16558254998528,10.525058169606785,11.34453048170422,11.21621610219893,2.4563155168118307,4.3694478524670215,0.0,1.0986122886681096,83.58346060000001,Unknown,Available,Available
58208,2009-07-06,,Male,6,guangzhou,guangdong,CN,40,2014-03-31,82,59105,40181,27442,97301,,20,8,46,2,0.725362843,67635,25,11.12189566465832,10.987087721083734,10.601174413138105,10.219866405309858,11.485574822947429,11.12189566465832,2.2801122371647145,3.8501476017100584,1.0986122886681096,3.258096538021482,72.53628429999999,Available,Unknown,Unknown
39669,2007-03-01,,Female,6,shenyang,liaoning,CN,48,2014-03-31,78,65362,5955,37532,88944,2014-03-31,1,8,95,4,0.792724074,79862,6,11.288067945651683,11.08771162811333,8.856572917341328,10.53297582498551,11.39577348015937,11.288067945651683,2.2256759985886623,4.564348191467836,1.6094379124341003,1.9459101490553132,79.2724074,Available,Unknown,Available
22317,,2009-09-17,Male,5,guangzhou,guangdong,CN,34,2014-03-31,69,53212,33257,26600,98985,2014-03-29,3,10,40,6,0.712019397,99585,48,11.508776871443894,10.88205800638073,10.412050618647859,10.188704088048116,11.502733704975391,11.508776871443894,2.438503340437902,3.713572066704308,1.9459101490553132,3.8918202981106265,71.20193970000001,Unknown,Available,Available
53868,,2006-10-19,Male,5,haerbinshi,heilongjiang,CN,47,2014-03-31,84,73133,34538,24907,92064,2014-03-13,19,8,47,3,0.765469565,104612,27,11.55802310587326,11.200048653883892,10.449844399341774,10.122944315992342,11.43025012830132,11.55802310587326,2.2557207840493936,3.8712010109078907,1.3862943611198906,3.332204510175204,76.5469565,Unknown,Available,Available
56668,,2008-05-26,Male,5,guangzhou,guangdong,CN,40,2014-03-31,64,60353,31536,32227,104064,2014-03-31,1,11,48,6,0.676593058,74086,21,11.212995357296537,11.007982504362394,10.35891673868174,10.380590918897086,11.552770982892351,11.212995357296537,2.509728302832782,3.8918202981106265,1.9459101490553132,3.091042453358316,67.6593058,Unknown,Available,Available
49880,,2011-09-28,Female,4,PARIS,Unknown,FR,52,2014-03-31,11,43655,16430,14800,111496,2014-03-22,10,53,119,1,0.630909091,43655,1,10.684096008866067,10.684096008866067,9.706925073451831,9.60245002503719,11.621752963690746,10.684096008866067,3.861673167219153,4.787491742782046,0.6931471805599453,0.6931471805599453,63.090909100000005,Unknown,Available,Available
48877,2008-12-07,2009-01-23,Female,6,guangzhou,guangdong,CN,36,2014-03-31,87,61534,16349,51297,99343,2014-03-30,2,7,95,2,0.707182388,73844,8,11.20972358086041,11.027361397606438,9.701983176325399,10.845407044044098,11.506343853604674,11.20972358086041,2.1907436732391323,4.564348191467836,1.0986122886681096,2.1972245773362196,70.7182388,Available,Available,Available
8262,,,Male,5,wulumuqi,xinjiang,CN,48,2014-03-31,36,57932,27283,24473,103715,2014-03-23,9,20,69,2,0.677307911,57932,2,10.967042449388835,10.967042449388835,10.21405572877461,10.105366608545614,11.54941167354064,10.967042449388835,3.0458820573073973,4.248495242049359,1.0986122886681096,1.0986122886681096,67.7307911,Unknown,Unknown,Available
3435,,2008-01-15,Male,5,haerbin,heilongjiang,CN,49,2014-03-31,58,65322,25368,34196,93874,,31,12,39,5,0.748080299,69867,5,11.154363026548284,11.08709947377011,10.141283235182652,10.439893199904889,11.449719389066436,11.154363026548284,2.5836664817853356,3.6888794541139363,1.791759469228055,1.791759469228055,74.8080299,Unknown,Available,Unknown
31481,,2010-01-16,Male,5,shanghai,shanghai,CN,54,2014-03-31,45,63758,8850,41055,89241,2014-03-28,4,16,105,1,0.786511917,66695,1,11.10790026009045,11.0628656295268,9.088285725968877,10.622692267415363,11.39910705977001,11.10790026009045,2.8412027343018966,4.663439094112067,0.6931471805599453,0.6931471805599453,78.6511917,Unknown,Available,Available
59292,2011-04-05,,Male,4,guangzhou,guangdong,CN,34,2014-03-31,78,64335,38718,31066,82663,2014-03-29,3,9,111,5,0.84868599,76699,35,11.247656987355347,11.071874629137055,10.564085714610725,10.343901441561744,11.32253947789419,11.247656987355347,2.3445492921341735,4.718498871295094,1.791759469228055,3.58351893845611,84.868599,Available,Unknown,Available
59263,,2011-04-23,Male,4,changchun,liaoning,CN,49,2014-03-31,51,65845,32727,28740,70410,,58,13,74,0,0.996027411,69709,1,11.152099058480445,11.095073961211014,10.395986259609234,10.266079953738897,11.162104779940375,11.152099058480445,2.65745841498615,4.31748811353631,0.0,0.6931471805599453,99.6027411,Unknown,Available,Unknown
48232,,2008-06-24,Male,6,guangzhou,guangdong,CN,38,2014-03-31,81,60247,30810,37796,94452,2014-03-26,6,8,48,6,0.74244971,76686,27,11.247487481464612,11.006224655781187,10.335627048058479,10.53998501337874,11.455857635262708,11.247487481464612,2.2925347571405443,3.8918202981106265,1.9459101490553132,3.332204510175204,74.244971,Unknown,Available,Available
48981,,2009-02-17,Male,5,guangzhou,guangdong,CN,41,2014-03-31,67,64949,37883,28584,86831,2014-03-31,1,11,43,3,0.807476938,71012,8,11.1706182378545,11.081373022098745,10.542284138345991,10.260637383698072,11.371730496303186,11.1706182378545,2.4849066497880004,3.784189633918261,1.3862943611198906,2.1972245773362196,80.7476938,Unknown,Available,Available
54771,2006-06-01,2006-06-20,Male,6,guangzhou,guangdong,CN,35,2014-03-31,83,59465,38058,30252,93223,2014-03-20,12,8,36,9,0.751684992,88598,17,11.39187584984776,10.993159999634763,10.546892866201233,10.317350632095335,11.4427604782531,11.39187584984776,2.2512917986064953,3.6109179126442243,2.302585092994046,2.8903717578961645,75.1684992,Available,Available,Available
8876,,,Male,5,wulumuqi,xinjiang,CN,49,2014-03-31,38,64379,20820,32889,79321,2014-02-13,48,15,54,4,0.88335611,70990,8,11.170308387425273,11.0725583048528,9.943717371755195,10.400923939183103,11.28127079663759,11.170308387425273,2.7776434928341787,4.007333185232471,1.6094379124341003,2.1972245773362196,88.335611,Unknown,Unknown,Available
34723,,2010-12-17,Male,4,shanghai,shanghai,CN,54,2014-03-31,47,59849,25869,21509,79014,2014-03-28,4,15,104,0,0.886655909,61205,2,11.022000502910574,10.999596710986118,10.160839275180075,9.976273222261776,11.277392986843203,11.022000502910574,2.8190469773595783,4.653960350157523,0.0,1.0986122886681096,88.6655909,Unknown,Available,Available
580,,2006-03-25,Female,5,guangzhou,guangdong,CN,40,2014-03-31,75,56679,35012,28838,94837,2014-01-18,74,8,76,10,0.738562797,85123,44,11.351864295952563,10.945176693804617,10.463474700080463,10.269483916733925,11.459925451808523,11.351864295952563,2.265416327196101,4.343805421853684,2.3978952727983707,3.8066624897703196,73.8562797,Unknown,Available,Available
50550,,2012-01-22,Male,5,dalian,liaoning,CN,50,2014-03-31,50,59610,21930,38597,91158,2014-03-25,7,14,78,0,0.767943132,64430,0,11.073350162732405,10.995595399782035,9.995656440007505,10.560955740639056,11.42036051357589,11.073350162732405,2.7506665029697976,4.3694478524670215,0.0,0.0,76.79431319999999,Unknown,Available,Available
58162,,,Male,6,guangzhou,guangdong,CN,40,2014-03-31,43,61742,22558,40888,96346,2014-03-27,5,17,122,3,0.726250389,63861,6,11.064479784287597,11.030735887740569,10.023889378388423,10.61861635720246,11.475711536876185,11.064479784287597,2.900898170856974,4.812184355372417,1.3862943611198906,1.9459101490553132,72.6250389,Unknown,Unknown,Available
17679,2005-11-07,,Male,6,dalianshi,liaoningsheng,CN,54,2014-03-31,103,57568,19114,45439,98576,2014-03-30,2,7,33,3,0.709802487,67252,4,11.116216906134532,10.960739507360923,9.858228646130513,10.724148053395034,11.498593247659965,11.116216906134532,2.095247341802773,3.5263605246161616,1.3862943611198906,1.6094379124341003,70.9802487,Available,Unknown,Available
27781,,,Male,6,wuhan,wuhan,CN,48,2014-03-31,53,66202,24212,41284,58456,2014-03-16,16,13,62,0,1.196730703,70772,1,11.167232851014942,11.100481058118849,10.094644957992482,10.628254516851529,10.976046720208542,11.167232851014942,2.6688294877355956,4.143134726391533,0.0,0.6931471805599453,119.6730703,Unknown,Unknown,Available
21116,2008-03-04,,Male,5,guangzhou,guangdong,CN,43,2014-03-31,59,58145,31380,30265,106818,2014-03-19,13,12,55,0,0.65477251,59984,3,11.001849809949029,10.970712367962605,10.353957893210753,10.317780249246972,11.57889109230716,11.001849809949029,2.5689202430495497,4.02535169073515,0.0,1.3862943611198906,65.47725100000001,Available,Unknown,Available
21362,,2010-11-28,Male,4,SHIMONOSEKI,YAMAGUCHI,JP,58,2014-03-31,40,75887,53981,30980,84144,2013-08-25,220,13,45,0,0.831087778,77887,1,11.2630271763472,11.237013848117362,10.896405936645174,10.341129392339514,11.340296780147174,11.2630271763472,2.646356631915052,3.828641396489095,0.0,0.6931471805599453,83.1087778,Unknown,Available,Available
13991,,,Female,6,guangzhou,guangdong,CN,27,2014-03-31,92,56891,25595,40986,90054,2014-03-27,5,7,60,2,0.776382171,66770,5,11.109024133525745,10.948910012690119,10.150191368259351,10.621010222237388,11.408175873771158,11.109024133525745,2.1874085475886984,4.110873864173311,1.0986122886681096,1.791759469228055,77.63821709999999,Unknown,Unknown,Available
3518,,2009-01-22,Male,4,ESCONDIDO,CA,US,46,2014-03-31,23,47147,20212,12587,97363,,85,24,134,0,0.718099175,47147,0,10.76104686934646,10.76104686934646,9.914081240746999,9.440499258184298,11.486211811451804,10.76104686934646,3.244011798281587,4.90527477843843,0.0,0.0,71.8099175,Unknown,Available,Unknown
61726,2011-02-04,,Female,4,.,beijing,CN,47,2014-03-31,74,64357,43560,24599,75406,2014-03-14,18,9,80,2,0.925861603,68649,7,11.136776411196116,11.072216525421487,10.681917533624532,10.110501721920453,11.230655387883136,11.136776411196116,2.3739495791650267,4.394449154672439,1.0986122886681096,2.0794415416798357,92.5861603,Available,Unknown,Available
59386,,2011-07-29,Male,6,guangzhou,guangdong,CN,64,2014-03-31,31,66760,29050,32572,48504,,117,19,132,2,1.439048326,103847,7,11.550683570572831,11.108874356692946,10.276808185095502,10.391239003331517,10.789422164395384,11.550683570572831,3.036554267914246,4.890349128221754,1.0986122886681096,2.0794415416798357,143.9048326,Unknown,Available,Unknown
47698,2007-08-09,,Male,5,fanyu,guangdong,CN,37,2014-03-31,66,55483,24171,37570,104974,2014-03-27,5,10,73,4,0.663684722,59652,4,10.996299719639431,10.92384996988318,10.09295021748145,10.533987755195422,11.561477505552395,10.996299719639431,2.475891778497736,4.304065093204169,1.6094379124341003,1.6094379124341003,66.3684722,Available,Unknown,Available
3406,,2008-02-17,Male,5,guangzhou,guangdong,CN,35,2014-03-31,114,60565,42345,34022,106887,2014-03-31,1,6,51,6,0.651210811,103207,106,11.544501648404973,11.011488958500923,10.653629244615882,10.43479204548344,11.57953683626873,11.544501648404973,2.0048228877465224,3.9512437185814275,1.9459101490553132,4.672828834461906,65.1210811,Unknown,Available,Available
28602,,,Male,4,guangzhou,guangdong,CN,36,2014-03-31,8,44196,12800,10800,97856,2014-02-17,44,94,179,0,0.71,44196,0,10.696412192459125,10.696412192459125,9.45727857185611,9.287394001418473,11.49126250833397,10.696412192459125,3.861673167219153,5.19295685089021,0.0,0.0,71.0,Unknown,Unknown,Available
20651,2007-07-01,,Male,5,xianggang,xianggang,HK,62,2014-03-31,74,66465,29282,35639,87556,2014-03-25,7,9,45,0,0.793000365,73501,2,11.205067895715072,11.104445817701192,10.284762421843075,10.481223881584746,11.380045288829644,11.205067895715072,2.390395237625513,3.828641396489095,0.0,1.0986122886681096,79.3000365,Available,Unknown,Available
40682,,,Male,5,handan,hebei,CN,40,2014-03-31,74,56700,27992,37048,95970,2014-03-20,12,9,53,0,0.723339585,61875,0,11.032887661356556,10.945547126244623,10.239709757902132,10.519996639806674,11.47180134148028,11.032887661356556,2.3803068796898783,3.9889840465642745,0.0,0.0,72.3339585,Unknown,Unknown,Available
48252,,2008-10-27,Male,4,OSAKA,OSAKA,JP,57,2014-03-31,45,64799,39155,32386,93363,2014-02-13,48,15,57,0,0.74342941,74759,5,11.2220382615695,11.079060882340366,10.575308946381321,10.385512386696393,11.444261110944078,11.2220382615695,2.783888277381355,4.060443010546419,0.0,1.791759469228055,74.342941,Unknown,Available,Available
29499,2007-09-12,,Male,4,SYDNEY,NSW,AU,59,2014-03-31,19,78112,65486,11508,67361,2014-02-23,38,38,133,0,1.029754457,78112,0,11.265911775241015,11.265911775241015,11.089606928642473,9.350884616968491,11.117836339686834,11.265911775241015,3.6748932120265203,4.897839799950911,0.0,0.0,102.9754457,Available,Unknown,Available
7496,2009-12-01,,Male,5,dalian,liaoning,CN,43,2014-03-31,51,62960,48224,15772,49694,,22,14,119,3,1.395562442,65806,6,11.094481494633865,11.05027076606553,10.78363283777393,9.666054896487474,10.813659603402106,11.094481494633865,2.71336936257981,4.787491742782046,1.3862943611198906,1.9459101490553132,139.55624419999998,Available,Unknown,Unknown
11209,,2005-10-15,Female,6,guangzhou,guangdong,CN,40,2014-03-31,9,80349,38949,24110,64966,,87,79,361,0,1.066327925,85695,3,11.358561429050845,11.294147371165659,10.570034051298894,10.090423446880829,11.081634727650705,11.358561429050845,3.861673167219153,5.675121665433755,0.0,1.3862943611198906,106.6327925,Unknown,Available,Unknown
12408,2011-10-05,2011-10-13,Male,4,YOTSUKAIDO-SHI,CHIBA-KEN,JP,54,2014-03-31,53,62695,12480,27024,70959,2014-03-21,11,13,68,0,0.976189208,65516,0,11.090064929932883,11.046052928732701,9.431962766918454,10.204517642507408,11.16987161698346,11.090064929932883,2.686014312493331,4.23410650459726,0.0,0.0,97.6189208,Available,Available,Available
46565,2011-03-08,2011-03-13,Male,5,guangzhou,guangdong,CN,33,2014-03-31,63,60935,27007,37188,89864,2014-03-22,10,11,60,4,0.770572087,74829,34,11.222974153074404,11.017579412052624,10.203888397395684,10.52376829760896,11.406063823186136,11.222974153074404,2.524437488725514,4.110873864173311,1.6094379124341003,3.5553480614894135,77.0572087,Available,Available,Available
62884,,2007-04-21,Male,5,wuhan,hubei,CN,50,2014-03-31,27,65918,23892,35680,49859,,32,19,72,4,1.388584408,69047,4,11.142557193899494,11.096181994565377,10.08134080799053,10.482373613207029,10.816974357077548,11.142557193899494,3.0014849262728864,4.290459441148391,1.6094379124341003,1.6094379124341003,138.8584408,Unknown,Available,Unknown
17394,,2009-07-20,Male,4,wulumuqi,xinjiang,CN,55,2014-03-31,39,62392,17207,33555,101074,2014-03-23,9,18,99,0,0.684744247,62392,0,11.04120836857775,11.04120836857775,9.753129670947565,10.420970963966186,11.523618094508972,11.04120836857775,2.965001732354403,4.605170185988092,0.0,0.0,68.4744247,Unknown,Available,Available
20122,,2005-02-23,Male,6,guangzhou,guangdong,CN,44,2014-03-31,82,56135,36213,31818,98222,2014-03-30,2,8,44,4,0.704230722,83593,25,11.33372702616225,10.935532596932125,10.497201063380588,10.367818874622333,11.494995682804246,11.33372702616225,2.2976345878391524,3.8066624897703196,1.6094379124341003,3.258096538021482,70.42307220000001,Unknown,Available,Available
53718,,2007-09-18,Male,4,dalian,liaoning,CN,37,2014-03-31,52,48893,26175,32974,99663,2014-02-21,40,13,57,4,0.693893019,53605,6,10.889416281092553,10.797409968548275,10.172598239402474,10.403504977585515,11.509559807493927,10.889416281092553,2.6775236105913027,4.060443010546419,1.6094379124341003,1.9459101490553132,69.3893019,Unknown,Available,Available
21976,,2009-01-15,Male,5,guangzhou,guangdong,CN,45,2014-03-31,60,59106,34371,28118,95528,2014-03-28,4,11,80,1,0.72390922,61368,3,11.0246601006439,10.987104639696746,10.444997558433114,10.244200783414595,11.467185145293428,11.0246601006439,2.538527741294032,4.394449154672439,0.6931471805599453,1.3862943611198906,72.390922,Unknown,Available,Available
33392,,2012-03-31,Male,4,LIMA,LIMA,PE,39,2014-03-31,15,54158,13943,12751,102029,,21,50,202,0,0.677207167,55658,1,10.926999068694988,10.899679443604768,9.542804587199857,9.453443401029997,11.533022166669351,10.926999068694988,3.861673167219153,5.313205979041787,0.0,0.6931471805599453,67.72071670000001,Unknown,Available,Unknown
28209,,2010-06-25,Female,4,shenzhen,guangdong,CN,35,2014-03-31,64,58318,42170,16503,86680,,119,9,51,2,0.796799954,85446,26,11.355651579676989,10.973683219759126,10.649488059999875,9.711358054751088,11.369989992270412,11.355651579676989,2.3715779644543304,3.9512437185814275,1.0986122886681096,3.295836866004329,79.67999540000001,Unknown,Available,Unknown
38332,2005-11-10,2006-01-20,Male,6,guangzhou,guangdong,CN,48,2014-03-31,128,53805,31916,38083,122933,2014-03-28,4,5,27,0,0.561786827,66610,6,11.106625008055381,10.893140264095088,10.370894062184476,10.547549525405582,11.719402904975254,11.106625008055381,1.8998720998409775,3.332204510175204,0.0,1.9459101490553132,56.1786827,Available,Available,Available
31866,,2012-01-14,Male,6,wulumuqi,xinqiang,CN,52,2014-03-31,21,62436,5465,52360,58554,2014-03-15,17,21,115,0,1.179136865,72042,2,11.185018441954195,11.041913327350837,8.856572917341328,10.865917318389972,10.977721762476238,11.185018441954195,3.100092288878234,4.7535901911063645,0.0,1.0986122886681096,117.9136865,Unknown,Available,Available
703,,2006-05-21,Male,5,guangzhou,guangdong,CN,46,2014-03-31,49,66149,42870,19719,74209,,81,13,63,1,0.929462599,74820,10,11.222853873223139,11.099680169543102,10.6659508856554,9.889388628156626,11.214654190964179,11.222853873223139,2.671270949368366,4.1588830833596715,0.6931471805599453,2.3978952727983707,92.9462599,Unknown,Available,Unknown
6004,,2012-07-13,Male,5,zhongshan,guangdong,CN,43,2014-03-31,68,61831,9284,58226,95591,2014-03-26,6,9,83,0,0.721502024,73560,3,11.205870272970607,11.032176308786706,9.136155473786806,10.972104443668837,11.46784441352959,11.205870272970607,2.3305486516662337,4.430816798843313,0.0,1.3862943611198906,72.1502024,Unknown,Available,Available
45659,,,Male,5,guangzhou,guangdong,CN,43,2014-03-31,52,64710,32631,28305,89362,2014-03-18,14,13,59,7,0.771647904,67070,7,11.11350703877837,11.077686481493952,10.393048680997394,10.250829075293785,11.400462005247592,11.11350703877837,2.6828999674526255,4.0943445622221,2.0794415416798357,2.0794415416798357,77.1647904,Unknown,Unknown,Available
29159,2005-04-12,2007-09-21,Male,6,guangzhoushi,guangdong,CN,57,2014-03-31,66,60514,28734,34847,91139,2014-03-30,2,10,63,5,0.756303449,71391,8,11.17594109723226,11.010646547172705,10.265871170941843,10.458751025732687,11.420152064817874,11.17594109723226,2.4213932439290624,4.1588830833596715,1.791759469228055,2.1972245773362196,75.6303449,Available,Available,Available
44782,2008-03-05,,Male,6,changchun,jilin,CN,55,2014-03-31,43,62006,21514,25350,56979,,25,16,90,1,1.208202145,65674,5,11.092473614553741,11.035002560879946,9.9765056452727,10.140573455973044,10.950455608051898,11.092473614553741,2.855374915804274,4.51085950651685,0.6931471805599453,1.791759469228055,120.8202145,Available,Unknown,Unknown
5228,,2011-03-17,Male,6,dalian,liaoning,CN,55,2014-03-31,79,54080,23971,42422,102497,2014-03-14,18,9,68,0,0.671539069,59429,1,10.992554428360707,10.898238201670146,10.084641761578077,10.655445946975886,11.537598565175113,10.992554428360707,2.302585092994046,4.23410650459726,0.0,0.6931471805599453,67.15390690000001,Unknown,Available,Available
54893,2006-09-01,,Male,6,zhanjiang,guangdong,CN,46,2014-03-31,88,68001,25264,48670,95204,2014-03-25,7,8,88,2,0.722804609,79823,5,11.287579490100818,11.127292395490432,10.137175317726008,10.792838649154332,11.46378774040868,11.287579490100818,2.2174528271141942,4.48863636973214,1.0986122886681096,1.791759469228055,72.2804609,Available,Unknown,Available
17727,2006-06-09,,Male,5,changchun,jilin,CN,40,2014-03-31,62,58688,25299,32573,84141,2014-03-25,7,11,60,0,0.817781462,65013,2,11.082357910301223,10.980007594729422,10.138559674715612,10.391269703133506,11.34026112676931,11.082357910301223,2.5548098536855304,4.110873864173311,0.0,1.0986122886681096,81.7781462,Available,Unknown,Available
54705,2006-04-05,,Male,5,shamen,fujian,CN,44,2014-03-31,76,53319,27046,34624,106316,2014-03-28,4,9,34,5,0.646832085,58799,8,10.981897133886719,10.884066774292645,10.205331372394003,10.45233124348964,11.57418047628474,10.981897133886719,2.349468678892896,3.5553480614894135,1.791759469228055,2.1972245773362196,64.6832085,Available,Unknown,Available
57649,,2009-06-18,Male,5,guangzhou,guangdong,CN,37,2014-03-31,61,61895,24765,37864,93582,2014-03-23,9,11,51,1,0.734644483,66307,1,11.102065832544756,11.03321083622929,10.117227023775044,10.541782481547923,11.446604022038436,11.102065832544756,2.5494451709255714,3.9512437185814275,0.6931471805599453,0.6931471805599453,73.4644483,Unknown,Available,Available
56375,2005-09-07,,Male,5,guangzhou,guangdong,CN,48,2014-03-31,63,47249,36155,24149,108742,2014-01-23,69,10,58,5,0.63222306,49313,9,10.805963295376555,10.763207932921889,10.4955981889183,10.092039659080719,11.596742579063141,10.805963295376555,2.45765700692626,4.07753744390572,1.791759469228055,2.302585092994046,63.222305999999996,Available,Unknown,Available
9972,,2008-01-30,Male,6,guangzhoushi,guangdong,CN,36,2014-03-31,99,62194,27589,42667,89194,2014-03-19,13,7,33,6,0.770776846,105100,23,11.562677071567636,11.038029889644065,10.225208667211332,10.661204503745374,11.398580263185368,11.562677071567636,2.1157636308354184,3.5263605246161616,1.9459101490553132,3.1780538303479458,77.0776846,Unknown,Available,Available
21336,,2007-03-23,Male,6,shenyang,liaoning,CN,50,2014-03-31,59,54806,15696,23065,96721,2014-03-26,6,12,92,18,0.710553034,77519,49,11.258291246564648,10.91157320200468,9.661224890275207,10.046114950785885,11.479596163321368,11.258291246564648,2.578124778384499,4.532599493153256,2.9444389791664403,3.912023005428146,71.0553034,Unknown,Available,Available
26946,,,Male,5,wulumuqishi,xinjiang,CN,42,2014-03-31,35,61946,17759,39445,84602,2014-03-29,3,21,166,4,0.812313302,73312,8,11.202493225491926,11.034034459734583,9.784704016546161,10.582687926963448,11.345725005958496,11.202493225491926,3.1056412527004174,5.117993812416755,1.6094379124341003,2.1972245773362196,81.2313302,Unknown,Unknown,Available
56734,2007-11-01,2008-02-20,Male,4,guangzhou,guangdong,CN,37,2014-03-31,93,59886,36774,31849,93800,,25,7,74,3,0.73240629,78245,39,11.267612988884956,11.000214732168839,10.512573545469639,10.36879266100031,11.448930795918299,11.267612988884956,2.1502443684424066,4.31748811353631,1.3862943611198906,3.6888794541139363,73.240629,Available,Available,Unknown
28516,,,Male,6,guangzhou,guangdong,CN,31,2014-03-31,55,69250,27428,34560,86833,2014-03-26,6,13,74,2,0.790868449,74335,4,11.216350635570135,11.145492864378536,10.219356126832537,10.450481157684562,11.371753529021163,11.216350635570135,2.6625878267928944,4.31748811353631,1.0986122886681096,1.6094379124341003,79.0868449,Unknown,Unknown,Available
15317,,2012-02-28,Male,4,jilin,jilin,CN,42,2014-03-31,50,61592,23743,38172,86748,,24,14,83,0,0.791493983,67139,1,11.114535270534025,11.028303506700874,10.075085145967106,10.54988373840662,11.370774170365143,11.114535270534025,2.714829888330832,4.430816798843313,0.0,0.6931471805599453,79.1493983,Unknown,Available,Unknown
62016,,2012-04-26,Male,6,wuhanshi,hubeisheng,CN,48,2014-03-31,83,54199,24999,32577,119272,2014-03-16,16,8,57,4,0.575621269,64238,5,11.070365781874326,10.900436187427738,10.126631103850338,10.39139249291755,11.689170262270553,11.070365781874326,2.2422653027242534,4.060443010546419,1.6094379124341003,1.791759469228055,57.562126899999996,Unknown,Available,Available
31106,2010-10-01,,Male,5,guangzhou,guangdong,CN,36,2014-03-31,54,70008,24968,35578,87334,2014-03-28,4,13,91,5,0.785793276,76497,16,11.245019875682022,11.15637908419547,10.125390334414204,10.479510855147508,11.377506577862492,11.245019875682022,2.679987135009427,4.5217885770490405,1.791759469228055,2.833213344056216,78.5793276,Available,Unknown,Available
56635,,2011-05-24,Male,5,guangzhou,guangdong,CN,40,2014-03-31,67,59283,25036,38154,99876,,28,10,70,1,0.686488346,62758,1,11.047057273004283,10.990094734076806,10.128110009729737,10.549412089723734,11.511694707899366,11.047057273004283,2.4541349914337465,4.2626798770413155,0.6931471805599453,0.6931471805599453,68.6488346,Unknown,Available,Unknown
44424,,2011-08-20,Male,4,nanyangshi,henan,CN,56,2014-03-31,44,59941,35009,21284,78334,2013-12-31,92,14,80,2,0.872087599,62501,4,11.042953835212504,11.001132707014031,10.463389013948712,9.965757878262252,11.268749780827587,11.042953835212504,2.763829542384504,4.394449154672439,1.0986122886681096,1.6094379124341003,87.2087599,Unknown,Available,Available
5845,2012-01-09,,Male,6,dalian,liaoning,CN,40,2014-03-31,71,63401,24196,37299,83498,2014-03-31,1,10,54,1,0.817774438,70965,2,11.169956168087609,11.057250685669086,10.093983937518093,10.526748605631907,11.33258993471933,11.169956168087609,2.4197330061139146,4.007333185232471,0.6931471805599453,1.0986122886681096,81.7774438,Available,Unknown,Available
4256,,,Female,4,kaiping,guangdong,CN,42,2014-03-31,8,44196,11400,11300,97856,2014-01-15,77,69,157,0,0.6975,44196,0,10.696412192459125,10.696412192459125,9.34145634983372,9.332646496360152,11.49126250833397,10.696412192459125,3.861673167219153,5.062595033026967,0.0,0.0,69.75,Unknown,Unknown,Available
47210,2005-04-05,,Male,5,shenzhen,guangdong,CN,48,2014-03-31,67,53383,22833,35629,107343,2014-03-24,8,10,52,6,0.635725944,57440,10,10.958513613041315,10.885266354583443,10.036005932236272,10.480943258599881,11.583793909802669,10.958513613041315,2.477302050479117,3.970291913552122,1.9459101490553132,2.3978952727983707,63.57259440000001,Available,Unknown,Available
29969,2008-01-08,,Male,4,beijing,beijing,CN,44,2014-03-31,66,61611,24575,30655,95500,2014-03-18,14,10,57,0,0.714466492,67664,5,11.122324338510605,11.028611935744348,10.1095256359474,10.330583680770587,11.466891997618188,11.122324338510605,2.4536541062177584,4.060443010546419,0.0,1.791759469228055,71.4466492,Available,Unknown,Available
24284,,2012-01-28,Male,6,shanghaishi,shanghai,CN,41,2014-03-31,37,64647,31360,34958,49165,2014-03-27,5,20,112,0,1.386588223,67090,1,11.11380518579687,11.076712447913284,10.353320361711043,10.461931225241374,10.80295760667994,11.11380518579687,3.0458443150870194,4.727387818712341,0.0,0.6931471805599453,138.6588223,Unknown,Available,Available
29509,,2007-08-28,Male,6,guangzhou,guangdong,CN,56,2014-03-31,45,63626,12163,49686,64879,2014-03-30,2,14,88,0,1.050657223,68138,1,11.129305015439526,11.060793187543457,9.406236048797256,10.813498608452974,11.080294688789294,11.129305015439526,2.7668907011822865,4.48863636973214,0.0,0.6931471805599453,105.0657223,Unknown,Available,Available
53680,2008-04-10,,Male,5,shenyang,liaoning,CN,34,2014-03-31,88,62920,27995,25310,82559,2014-03-30,2,7,46,2,0.825079034,90378,15,11.411767218509283,11.04963525024363,10.23981692180943,10.138994362833737,11.32128058071539,11.411767218509283,2.193385800986746,3.8501476017100584,1.0986122886681096,2.772588722239781,82.5079034,Available,Unknown,Available
12206,,2008-06-16,Male,5,shanghai,shanghai,CN,35,2014-03-31,74,65218,31522,34016,87838,2014-03-25,7,9,62,5,0.77524067,74311,23,11.216027725067356,11.085506116505739,10.358472717107684,10.434615678639949,11.383260872343401,11.216027725067356,2.3841019506205803,4.143134726391533,1.791759469228055,3.1780538303479458,77.524067,Unknown,Available,Available
9963,,2007-10-16,Male,5,haerbin,heilongjiang,CN,76,2014-03-31,55,60106,40567,17690,83607,2013-12-26,97,11,121,0,0.814324997,61290,0,11.023388292222021,11.003881586286656,10.610734857474855,9.780811314668615,11.333894488274339,11.023388292222021,2.524246064229338,4.804021044733257,0.0,0.0,81.43249970000001,Unknown,Available,Available
9846,,2007-10-30,Male,5,guangzhou,guangdong,CN,38,2014-03-31,63,64795,15872,48812,90250,2014-03-30,2,11,89,1,0.7542841,77706,7,11.26070062238796,11.078999152040028,9.672374831572242,10.795751949807428,11.41034995646615,11.26070062238796,2.4889308003554635,4.499809670330265,0.6931471805599453,2.0794415416798357,75.42841,Unknown,Available,Available
57698,,,Male,6,haerbinshi,heilongjiangsheng,CN,62,2014-03-31,96,55217,28033,44978,106628,2014-03-31,1,7,84,3,0.638373879,65767,5,11.09388867683197,10.919044266066912,10.241173338223003,10.713950993163014,11.577110798744485,11.09388867683197,2.157863503461722,4.442651256490317,1.3862943611198906,1.791759469228055,63.837387899999996,Unknown,Unknown,Available
24517,,2012-05-16,Male,5,guangzhou,guangdong,CN,61,2014-03-31,63,56003,32166,27534,82060,2014-03-23,9,10,80,1,0.82876639,60726,2,11.014143688692364,10.933178395737816,10.378696361299577,10.223213201696582,11.31521815212714,11.014143688692364,2.4781635360113645,4.394449154672439,0.6931471805599453,1.0986122886681096,82.876639,Unknown,Available,Available
44748,2007-09-03,,Male,5,shenyangshi,liaoningsheng,CN,40,2014-03-31,66,58886,24582,21962,86473,2014-03-28,4,10,43,0,0.786464214,62858,1,11.048649401857217,10.983375632205957,10.109810426119994,9.997114498314753,11.367599069702656,11.048649401857217,2.4720032452767677,3.784189633918261,0.0,0.6931471805599453,78.6464214,Available,Unknown,Available
37140,,2007-04-30,Male,5,foshan,guangdong,CN,52,2014-03-31,65,57686,27416,33515,92968,,25,10,61,5,0.731493094,61843,6,11.032370364222485,10.962787123818696,10.218918537940311,10.419778215733176,11.440021383234155,11.032370364222485,2.473118694035958,4.127134385045092,1.791759469228055,1.9459101490553132,73.14930939999999,Unknown,Available,Unknown
16533,2013-02-01,,Female,4,guangzhou,guangdong,CN,38,2014-03-31,9,47758,9600,15450,89386,,175,30,80,4,0.760529166,49502,4,10.809788552780915,10.77392280982383,9.169622538697624,9.645429005150419,11.400730536717738,10.809788552780915,3.4380113547848716,4.394449154672439,1.6094379124341003,1.6094379124341003,76.0529166,Available,Unknown,Unknown
62918,,2007-02-26,Male,4,guangzhou,guangdong,CN,63,2014-03-31,24,70172,32523,21838,58285,,28,29,101,0,1.166275543,72130,1,11.186239189258542,11.15871890064582,10.389733557327729,9.991452641264772,10.973117206279754,11.186239189258542,3.415586119157112,4.624972813284271,0.0,0.6931471805599453,116.6275543,Unknown,Available,Unknown
35486,,2005-11-14,Female,6,changchun,jilin,CN,67,2014-03-31,38,61630,30945,17769,47103,2014-03-14,18,18,78,7,1.443096193,64703,11,11.077578302380143,11.028920269688678,10.339999029049618,9.785266921148697,10.760113202088547,11.077578302380143,2.9875911160792827,4.3694478524670215,2.0794415416798357,2.4849066497880004,144.30961929999998,Unknown,Available,Available
60183,2012-04-05,,Male,6,guangzhou,guangdong,CN,35,2014-03-31,75,54343,17889,45855,104980,2014-03-21,11,9,102,3,0.647266622,65776,4,11.09402551213569,10.903089490871137,9.791997176502765,10.733261330627899,11.56153466038485,11.09402551213569,2.367967852287277,4.634728988229636,1.3862943611198906,1.6094379124341003,64.72666219999999,Available,Unknown,Available
21743,,2008-11-23,Female,6,guangzhou,guangdong,CN,55,2014-03-31,42,64080,35785,22393,82833,2014-03-29,3,15,69,0,0.819982012,66788,1,11.109293675306352,11.06790318711361,10.485312034451807,10.016548344820142,11.324593884108062,11.109293675306352,2.786214974252298,4.248495242049359,0.0,0.6931471805599453,81.9982012,Unknown,Available,Available
38338,,,Male,5,guangzhou,guangdong,CN,38,2014-03-31,48,64486,28650,32894,76188,2014-03-14,18,15,60,6,0.890162362,66725,6,11.108349961046898,11.074218932082259,10.262943625547717,10.401075949520099,11.240972374298888,11.108349961046898,2.780535783655268,4.110873864173311,1.9459101490553132,1.9459101490553132,89.0162362,Unknown,Unknown,Available
71,2010-08-08,2011-11-16,Male,5,dalian,liaoning,CN,59,2014-03-31,84,60940,33665,31454,79768,2014-03-29,3,8,71,5,0.848358239,78873,41,11.275606921474713,11.017661461988261,10.424243704979027,10.35631323200413,11.28689023678548,11.275606921474713,2.2481161846249753,4.276666119016055,1.791759469228055,3.7376696182833684,84.8358239,Available,Available,Available
54690,,,Male,5,nanhai,guangdong,CN,39,2014-03-31,48,54008,18229,34498,103296,2014-03-23,9,14,50,0,0.655015683,60431,5,11.009274044952239,10.896905978325732,9.810823867672708,10.448685617092117,11.545363613059683,11.009274044952239,2.7304915354500636,3.9318256327243257,0.0,1.791759469228055,65.5015683,Unknown,Unknown,Available
9633,2006-04-10,,Male,5,TAKAOKA,TOYAMA,JP,63,2014-03-31,38,50043,13600,63892,90002,2014-03-31,1,19,122,2,0.751680518,66098,12,11.098908897132299,10.820657897437291,9.517898598432753,11.064965088199122,11.407598282090191,11.098908897132299,3.0315688887360697,4.812184355372417,1.0986122886681096,2.5649493574615367,75.1680518,Available,Unknown,Available
21955,,2009-06-25,Male,5,changshaxian,hunan,CN,51,2014-03-31,41,59118,24108,27939,77675,2014-03-18,14,17,59,6,0.870894754,61253,6,11.02278443239707,10.987307640729366,10.0903404937493,10.237814632810952,11.26030160833351,11.02278443239707,2.9096295745005794,4.0943445622221,1.9459101490553132,1.9459101490553132,87.0894754,Unknown,Available,Available
19540,,2010-03-24,Male,5,xiangtanshi,hunan,CN,43,2014-03-31,59,63171,24025,33433,80922,,20,12,50,1,0.835233064,71027,3,11.170829444478725,11.053616443989945,10.086891856281321,10.417328625262575,11.301253364247462,11.170829444478725,2.5807391590636235,3.9318256327243257,0.6931471805599453,1.3862943611198906,83.5233064,Unknown,Available,Unknown
60584,,,Male,5,Unknown,Unknown,AE,58,2014-03-31,15,76358,16595,40825,73334,2014-01-28,64,40,325,1,0.920963128,76358,1,11.243201181892225,11.243201181892225,9.716916981452759,10.61707441233353,11.202793263680856,11.243201181892225,3.7342624600300134,5.675121665433755,0.6931471805599453,0.6931471805599453,92.0963128,Unknown,Unknown,Available
27411,2005-09-10,,Male,4,guangzhou,guangdong,CN,42,2014-03-31,50,60446,37051,22610,89808,2014-03-17,15,14,82,4,0.751963299,74309,34,11.216000811151515,11.009522227019875,10.520077610373917,10.026191792511579,11.405440471985479,11.216000811151515,2.7480555358466283,4.418840607796598,1.6094379124341003,3.5553480614894135,75.19632990000001,Available,Unknown,Available
37051,,2007-04-22,Male,5,wuhan,hubei,CN,47,2014-03-31,98,54739,38360,23003,93582,2014-03-25,7,7,32,5,0.720662841,79312,10,11.28115732861339,10.91034998259467,10.554796597479278,10.043423392833645,11.446604022038436,11.28115732861339,2.134593361704916,3.4965075614664802,1.791759469228055,2.3978952727983707,72.0662841,Unknown,Available,Available
40327,,2009-09-24,Male,6,guangzhou,guangdong,CN,40,2014-03-31,70,66984,13340,51320,72324,2014-03-23,9,10,82,7,0.932417455,75818,9,11.236104199851193,11.112223992711087,9.498597279178806,10.845855304120402,11.188925129844336,11.236104199851193,2.4315772128157223,4.418840607796598,2.0794415416798357,2.302585092994046,93.2417455,Unknown,Available,Available
12217,2008-04-10,,Male,6,guangzhou,guangdong,CN,46,2014-03-31,53,64630,39164,21293,75761,2014-03-17,15,13,92,2,0.890019799,67815,5,11.124553434288242,11.07644945082794,10.575538769801339,9.966180621874551,11.235352126666735,11.124553434288242,2.6621405000128973,4.532599493153256,1.0986122886681096,1.791759469228055,89.0019799,Available,Unknown,Available
62967,2008-07-09,,Male,6,wulumuqi,xinjiang,CN,65,2014-03-31,23,64179,13560,36041,47595,,112,28,172,0,1.416268936,72917,2,11.197090801098856,11.069446914663848,9.514953305087944,10.492440204078216,10.770504003075043,11.197090801098856,3.3704257229641517,5.153291594497779,0.0,1.0986122886681096,141.62689360000002,Available,Unknown,Unknown
23453,,,Female,5,shenyangshi,liaoning,CN,33,2014-03-31,60,56345,25790,20982,88340,2014-03-28,4,11,75,0,0.762685873,71369,13,11.175632891965114,10.939266532032669,10.157780872842554,9.951467865054695,11.388959604986832,11.175632891965114,2.5505039321150833,4.330733340286331,0.0,2.639057329615259,76.26858730000001,Unknown,Unknown,Available
40146,2009-09-05,,Male,5,guangzhou,guangdong,CN,51,2014-03-31,34,68676,25526,52089,84475,2014-02-25,36,20,132,2,0.797343238,87695,8,11.381631567285897,11.137169633218704,10.147491994517667,10.860728270739237,11.344222749334264,11.381631567285897,3.068757408794233,4.890349128221754,1.0986122886681096,2.1972245773362196,79.7343238,Available,Unknown,Available
40535,2011-11-06,,Male,5,haidian,beijing,CN,56,2014-03-31,46,60808,21186,36861,97431,2014-03-16,16,15,67,0,0.690650512,66188,1,11.10026956497648,11.015493083315233,9.96114306502429,10.514936489111568,11.486909977766947,11.10026956497648,2.8094026953624973,4.219507705176107,0.0,0.6931471805599453,69.0650512,Available,Unknown,Available
55224,,2007-05-24,Male,5,guangzhou,guangdong,CN,45,2014-03-31,66,56824,28859,32183,96751,2014-03-29,3,11,55,1,0.695424233,66856,23,11.11031128909005,10.947731648720744,10.270211832327862,10.379224713629624,11.479906282512994,11.11031128909005,2.501435951739211,4.02535169073515,0.6931471805599453,3.1780538303479458,69.5424233,Unknown,Available,Available
56340,2005-08-05,,Male,5,guangzhou,guangdong,CN,37,2014-03-31,64,59957,15239,44707,89491,,22,11,120,2,0.751745539,69755,6,11.15275871748935,11.001399596089845,9.631678829240638,10.707907735505502,11.401904514792967,11.15275871748935,2.503255788274379,4.795790545596741,1.0986122886681096,1.9459101490553132,75.17455389999999,Available,Unknown,Unknown
9967,,2007-03-19,Male,6,zhengzhou,henan,CN,47,2014-03-31,58,63583,30870,30679,49869,2014-03-26,6,12,54,0,1.349008201,74373,9,11.21686169737939,11.060117145351544,10.337572510881479,10.331366255481193,10.817174898540168,11.21686169737939,2.5981309018146574,4.007333185232471,0.0,2.302585092994046,134.9008201,Unknown,Available,Available
3757,2008-12-11,2009-07-23,Male,5,dalian,liaoning,CN,33,2014-03-31,97,56890,39599,26312,115517,2014-03-20,12,7,50,9,0.582283647,84839,40,11.348522408678619,10.94889243537189,10.586584397242571,10.177818392619491,11.65718164095739,11.348522408678619,2.1339198626870344,3.9318256327243257,2.302585092994046,3.713572066704308,58.2283647,Available,Available,Available
10528,,,Male,4,xian,shanxi,CN,52,2014-03-31,50,58428,8918,26273,83383,2014-01-31,61,12,52,0,0.806665507,70110,5,11.157834979399821,10.97556762090605,9.095939111666207,10.176335136029452,11.331211723419159,11.157834979399821,2.633209359952777,3.970291913552122,0.0,1.791759469228055,80.66655069999999,Unknown,Unknown,Available
50802,2011-12-09,2011-12-13,Male,4,guangzhou,guangdong,CN,38,2014-03-31,73,49860,31646,29305,107221,2014-03-28,4,10,45,0,0.62728915,54054,2,10.897757325726872,10.816994413033667,10.36239863634992,10.28554755219797,11.582656730443896,10.897757325726872,2.3978952727983707,3.828641396489095,0.0,1.0986122886681096,62.72891499999999,Available,Available,Available
18848,2006-06-05,,Male,5,guangzhou,guangzhou,CN,53,2014-03-31,63,52669,29631,29435,101041,2014-03-30,2,11,46,5,0.665195416,65046,7,11.082865364506683,10.871801312477436,10.296610137445906,10.28997369404649,11.523291550969406,11.082865364506683,2.5218501647206173,3.8501476017100584,1.791759469228055,2.0794415416798357,66.5195416,Available,Unknown,Available
26778,,2008-08-31,Male,5,shenyang,liaoning,CN,41,2014-03-31,55,48698,19666,39185,101325,2014-03-30,2,12,80,0,0.663082359,54235,2,10.9011001735822,10.793413774978955,9.886697383228654,10.576074819130712,11.526098320680475,10.9011001735822,2.5677943098210405,4.394449154672439,0.0,1.0986122886681096,66.3082359,Unknown,Available,Available
13682,,2012-03-31,Male,4,foshan,guangdong,CN,33,2014-03-31,83,61523,27617,35872,101114,2014-03-19,13,8,40,3,0.664267955,66719,5,11.108260037032629,11.0271826215717,10.226223013045296,10.487740202378962,11.524013761955649,11.108260037032629,2.274135431513415,3.713572066704308,1.3862943611198906,1.791759469228055,66.4267955,Unknown,Available,Available
59489,,2011-06-20,Male,4,FUKUOKA-SHI,FUKUOKA-KEN,JP,56,2014-03-31,37,75586,40476,46536,80277,2014-03-27,5,19,70,0,0.836672397,91976,10,11.429293824775968,11.233039589709252,10.608489190543079,10.748002974099618,11.293250889794763,11.429293824775968,3.0231312479583217,4.2626798770413155,0.0,2.3978952727983707,83.6672397,Unknown,Available,Available
44049,,2012-07-14,Male,6,shenyangshi,liaoning,CN,41,2014-03-31,54,62490,23784,35140,59159,2014-03-21,11,11,144,0,1.134827161,65725,1,11.093249864392948,11.042777825355497,10.076810408866383,10.467123818934358,10.988000916824737,11.093249864392948,2.5354921466209497,4.976733742420574,0.0,0.6931471805599453,113.4827161,Unknown,Available,Available
40632,,2010-05-27,Female,4,guangzhou,guangdong,CN,57,2014-03-31,56,63494,37120,28562,73248,2013-12-29,94,11,38,1,0.91625,66661,5,11.10739035441195,11.058716441623133,10.521938126192444,10.2598674529538,11.201619874908992,11.10739035441195,2.5103380877536594,3.6635616461296463,0.6931471805599453,1.791759469228055,91.625,Unknown,Available,Available
62623,,2007-10-15,Male,4,changchun,jilin,CN,56,2014-03-31,54,57395,25423,28071,80811,2014-03-27,5,13,74,2,0.830013488,62606,3,11.04463237192294,10.957729893468297,10.143448888776497,10.24252791726305,11.299880748333432,11.04463237192294,2.687719132485507,4.31748811353631,1.0986122886681096,1.3862943611198906,83.0013488,Unknown,Available,Available
30553,,2009-11-21,Male,6,wuhanshi,hubeisheng,CN,32,2014-03-31,77,56043,29274,24487,94466,2014-03-27,5,9,50,5,0.709930769,60816,8,11.01562463413515,10.933892375491123,10.284489188465917,10.105938480625248,11.456005846145892,11.01562463413515,2.348865845603278,3.9318256327243257,1.791759469228055,2.1972245773362196,70.99307689999999,Unknown,Available,Available
20286,,2005-05-17,Male,4,guangzhou,guangdong,CN,52,2014-03-31,17,58559,18198,10616,90438,2013-07-13,263,25,122,0,0.741289723,60559,1,11.01138988811133,10.977807148635193,9.809121926500406,9.270211769013573,11.412430869276376,11.01138988811133,3.2911964864478267,4.812184355372417,0.0,0.6931471805599453,74.1289723,Unknown,Available,Available
13182,,2009-06-23,Female,4,guangzhou,guangdong,CN,31,2014-03-31,61,60804,30574,29384,99005,2014-03-29,3,11,80,7,0.676810666,71214,13,11.173458749368686,11.0154273014151,10.327937960555372,10.28823961904675,11.502935733340859,11.173458749368686,2.5507464075436213,4.394449154672439,2.0794415416798357,2.639057329615259,67.6810666,Unknown,Available,Available
26098,,2012-04-21,Female,5,guangzhou,guangdong,CN,38,2014-03-31,24,69665,34709,38236,75020,,27,29,113,2,0.892363636,76412,21,11.243908117747603,11.15146767285506,10.454783108855832,10.551558912204982,11.225523353325764,11.243908117747603,3.425536449811836,4.736198448394496,1.0986122886681096,3.091042453358316,89.2363636,Unknown,Available,Unknown
36795,,2006-07-30,Male,4,kunming,yunnan,CN,47,2014-03-31,25,58590,12145,40471,77593,2014-01-24,68,22,129,0,0.862744191,58590,0,10.978336380152186,10.978336380152186,9.40475517645752,10.608365655971772,11.259245383594369,10.978336380152186,3.171085160891992,4.867534450455582,0.0,0.0,86.2744191,Unknown,Available,Available
47109,2005-01-01,,Male,5,guangzhoushi,guangdongsheng,CN,36,2014-03-31,75,56579,23059,40283,91756,2014-03-30,2,9,66,2,0.729174768,80884,43,11.300783671763794,10.943410844855558,10.04585479382305,10.603709646768035,11.426899057284485,11.300783671763794,2.3039355321405,4.204692619390966,1.0986122886681096,3.784189633918261,72.9174768,Available,Unknown,Available
22937,,2010-10-25,Male,5,chengdushi,sichuan,CN,32,2014-03-31,62,59359,30169,32106,87570,2014-03-29,3,11,52,1,0.763990179,63749,3,11.062724463020672,10.991375877841262,10.314603332153107,10.376829353880446,11.38020517188695,11.062724463020672,2.5497012857816115,3.970291913552122,0.6931471805599453,1.3862943611198906,76.3990179,Unknown,Available,Available
19207,,,Male,4,zhongshan,guangdong,CN,35,2014-03-31,8,75928,13700,17520,81088,2014-03-26,6,97,137,0,0.825,75928,0,11.237553972095531,11.237553972095531,9.525224101853109,9.771155440487087,11.303302595885748,11.237553972095531,3.861673167219153,4.927253685157205,0.0,0.0,82.5,Unknown,Unknown,Available
27609,,2011-12-22,Male,4,shenzhen,guangdong,CN,42,2014-03-31,47,46387,22100,28740,108535,,27,14,103,1,0.61626093,61664,11,11.02947178800009,10.744796084076594,10.003378135350923,10.266079953738897,11.594837194165144,11.02947178800009,2.7685043054794116,4.6443908991413725,0.6931471805599453,2.4849066497880004,61.626093000000004,Unknown,Available,Unknown
42203,,2011-12-16,Male,6,liaoyang,liaoning,CN,58,2014-03-31,77,65443,21805,49815,51017,2014-03-27,5,9,64,4,1.310647431,72757,6,11.194894144623701,11.088950094102968,9.989940440266327,10.816091496552287,10.839933790613847,11.194894144623701,2.334950377455313,4.174387269895637,1.6094379124341003,1.9459101490553132,131.06474310000002,Unknown,Available,Available
53697,2007-02-07,,Male,6,changchun,jilin,CN,49,2014-03-31,93,75076,28290,42794,78812,2014-03-16,16,7,24,2,0.847757067,89845,5,11.40585237257854,11.226269532523332,10.25029901185045,10.66417655231571,11.274833236858443,11.40585237257854,2.1206982243495065,3.2188758248682006,1.0986122886681096,1.791759469228055,84.7757067,Available,Unknown,Available
23336,2011-03-11,,Male,5,guangzhou,guangdong,CN,48,2014-03-31,45,65654,27449,47778,53533,2014-03-30,2,16,83,3,1.247749239,76837,7,11.249454588433396,11.092169038293106,10.220121446937677,10.774341491401676,10.88807224504927,11.249454588433396,2.849128799204221,4.430816798843313,1.3862943611198906,2.0794415416798357,124.7749239,Available,Unknown,Available
49054,2009-01-02,,Male,6,dalianshi,liaoning,CN,53,2014-03-31,84,57094,31237,35079,92563,2014-03-16,16,8,56,2,0.721065869,65898,13,11.095878545868636,10.95247182613575,10.349390581417667,10.46538644648612,11.435655576145562,11.095878545868636,2.2531923376480134,4.04305126783455,1.0986122886681096,2.639057329615259,72.1065869,Available,Unknown,Available
38421,,2007-06-30,Male,5,shenzhen,guangdong,CN,47,2014-03-31,42,63885,29692,25527,74786,2014-03-26,6,17,101,6,0.892427995,65140,8,11.084309430262897,11.064855524029626,10.298666606775793,10.14753116795808,11.222399352066713,11.084309430262897,2.927610103075448,4.624972813284271,1.9459101490553132,2.1972245773362196,89.2427995,Unknown,Available,Available
45743,2006-06-09,2006-08-20,Male,6,guangzhou,guangdong,CN,44,2014-03-31,31,64919,21825,34435,53936,2014-03-28,4,23,131,2,1.236860909,71277,3,11.174343003389657,11.080911021628527,9.990857198673035,10.446857807777846,10.895571977794404,11.174343003389657,3.216205596178632,4.882801922586371,1.0986122886681096,1.3862943611198906,123.6860909,Available,Available,Available
29125,,2005-05-17,Male,6,guangzhou,guangdong,CN,46,2014-03-31,62,60263,26566,34912,87482,2014-03-31,1,11,77,0,0.762305046,67117,3,11.114207543319306,11.00649018950553,10.187425123082926,10.460614531668961,11.379199767755505,11.114207543319306,2.5198095216141794,4.356708826689592,0.0,1.3862943611198906,76.2305046,Unknown,Available,Available
56764,,2007-08-20,Male,5,shenzhen,guangdong,CN,47,2014-03-31,27,65806,30269,27979,46587,2014-03-29,3,27,126,0,1.431428295,67024,0,11.11282096310416,11.094481494633865,10.317912402015764,10.239245248219472,10.749098276222542,11.11282096310416,3.3566290621018497,4.844187086458591,0.0,0.0,143.1428295,Unknown,Available,Available
4821,2010-08-11,,Male,6,Unknown,beijing,CN,52,2014-03-31,95,56170,45240,22766,81511,2014-03-31,1,7,36,0,0.818104182,63886,5,11.064871176788817,10.936155888465745,10.719759034318209,10.033067398072022,11.308505527654122,11.064871176788817,2.1708757476613125,3.6109179126442243,0.0,1.791759469228055,81.8104182,Available,Unknown,Available
11060,2005-02-01,,Male,5,shenzhen,guangdong,CN,60,2014-03-31,65,56078,13999,25016,88117,2014-03-30,2,11,65,3,0.756427364,59030,3,10.985818008629956,10.934516689880441,9.546812608597396,10.127310872755094,11.386432104335519,10.985818008629956,2.5068006344227367,4.189654742026425,1.3862943611198906,1.3862943611198906,75.6427364,Available,Unknown,Available
49963,,2010-11-23,Male,5,shaoguan,guangdong,CN,42,2014-03-31,60,60981,22528,39159,90460,2014-03-29,3,12,71,1,0.736783661,64957,1,11.081496186184253,11.018334017642985,10.022558647177142,10.575411096644446,11.412674097580505,11.081496186184253,2.5649493574615367,4.276666119016055,0.6931471805599453,0.6931471805599453,73.6783661,Unknown,Available,Available
62174,,2011-08-14,Male,4,kelamayi,xinjiang,CN,50,2014-03-31,33,58230,59191,19725,83267,,21,22,126,1,0.800237669,62665,3,11.045574314789517,10.972173137962086,10.988541676605386,9.88969284151394,11.32981960068755,11.045574314789517,3.140914283398489,4.844187086458591,0.6931471805599453,1.3862943611198906,80.0237669,Unknown,Available,Unknown
44370,2010-09-09,,Male,4,wulumuqi,xinjiang,CN,38,2014-03-31,31,50423,51496,0,110216,2013-01-20,437,7,31,0,0.60440544,50423,0,10.828222531192946,10.828222531192946,10.849278832527904,9.077809308899132,11.610206428776111,10.828222531192946,2.170956650553632,3.4657359027997265,0.0,0.0,60.440543999999996,Available,Unknown,Available
11538,,,Female,5,shenzhen,guangdong,CN,32,2014-03-31,54,57393,21901,29766,88445,2014-03-14,18,13,60,3,0.752916615,75126,18,11.226935293779315,10.957695047227332,9.994333235835704,10.301155676342068,11.390147475275333,11.226935293779315,2.6471110646228904,4.110873864173311,1.3862943611198906,2.9444389791664403,75.29166149999999,Unknown,Unknown,Available
35887,,2006-04-18,Female,4,wulumuqi,xinjiang,CN,44,2014-03-31,42,52017,17912,32014,95736,2014-03-27,5,17,85,4,0.695375825,57567,6,10.96072213675026,10.859345091512298,9.793281985215103,10.373959821952903,11.469360127590292,10.96072213675026,2.926303767370594,4.454347296253507,1.6094379124341003,1.9459101490553132,69.5375825,Unknown,Available,Available
19107,,,Male,5,guangzhou,guangdong,CN,36,2014-03-31,69,62571,48909,16745,74659,2014-03-26,6,10,108,8,0.891297365,78999,27,11.27720313144916,11.04407317268166,10.797737153533403,9.725914702764378,11.220699752468574,11.27720313144916,2.452525240386226,4.6913478822291435,2.1972245773362196,3.332204510175204,89.1297365,Unknown,Unknown,Available
55424,2009-08-10,,Male,5,guangzhou,guangdong,CN,38,2014-03-31,62,57716,24570,35097,87599,2014-03-25,7,11,71,3,0.759543488,73278,16,11.20202935296669,10.963307036485082,10.1093221647277,10.465899427773552,11.380536276924483,11.20202935296669,2.5497012857816115,4.276666119016055,1.3862943611198906,2.833213344056216,75.9543488,Available,Unknown,Available
29649,,,Female,4,guangzhou,guangdong,CN,41,2014-03-31,57,55387,32509,23623,96789,2014-03-16,16,12,89,3,0.687300726,58749,7,10.981046432006405,10.922118242774605,10.389303013297951,10.07001842342376,11.480298962143134,10.981046432006405,2.618438042100023,4.499809670330265,1.3862943611198906,2.0794415416798357,68.7300726,Unknown,Unknown,Available
7063,,2012-10-25,Female,5,zengcheng,guangdong,CN,39,2014-03-31,68,62884,22608,39690,89790,2014-03-27,5,7,28,4,0.74069863,71697,6,11.180218132195877,11.049062940481257,10.026103336076316,10.588879740723007,11.40524002655051,11.180218132195877,2.16862717021847,3.367295829986474,1.6094379124341003,1.9459101490553132,74.069863,Unknown,Available,Available
28852,,2012-10-31,Female,6,shenzhen,guangdong,CN,46,2014-03-31,128,53095,25715,40901,98649,2014-03-31,1,4,26,0,0.674043427,66351,3,11.102729182486163,10.87985687482576,10.154868645261578,10.618934240590841,11.49933351145076,11.102729182486163,1.6235116396985574,3.295836866004329,0.0,1.3862943611198906,67.4043427,Unknown,Available,Available
13041,,2009-04-15,Male,5,shanghai,shanghai,CN,46,2014-03-31,76,60619,22876,41177,86218,2014-03-25,7,9,45,6,0.771128999,67694,12,11.122767600929212,11.012380150611794,10.037887318015784,10.62565941213669,11.364645849996798,11.122767600929212,2.3507401348493264,3.828641396489095,1.9459101490553132,2.5649493574615367,77.1128999,Unknown,Available,Available
43617,2012-05-02,,Male,5,guangzhou,guangdong,CN,49,2014-03-31,67,58792,26640,51038,103410,2014-03-26,6,10,49,2,0.642522193,67836,5,11.124863047789864,10.981778079180941,10.190206661487347,10.840345325350247,11.546466618376922,11.124863047789864,2.4344104858531495,3.912023005428146,1.0986122886681096,1.791759469228055,64.25221930000001,Available,Unknown,Available
26642,,2006-04-26,Male,5,shenyang,liaoning,CN,34,2014-03-31,56,54626,33773,25151,87501,2014-03-18,14,12,70,1,0.759053039,57846,2,10.965556873023031,10.908283544999954,10.427446554692082,10.132692695228933,11.379416929227343,10.965556873023031,2.637757784143134,4.2626798770413155,0.6931471805599453,1.0986122886681096,75.90530389999999,Unknown,Available,Available
13254,2009-09-10,,Female,4,guangzhou,guangdong,CN,35,2014-03-31,63,60606,34059,26392,86986,,52,10,44,8,0.763462741,85162,40,11.352322346193413,11.012165676937615,10.43587895421668,10.180854102460378,11.373513961184294,11.352322346193413,2.453504752406293,3.8066624897703196,2.1972245773362196,3.713572066704308,76.3462741,Available,Unknown,Unknown
62936,,2007-08-14,Male,5,wulumuqishi,xinjiang,CN,37,2014-03-31,56,61443,17980,27485,97831,2014-03-23,9,13,57,5,0.678767262,66014,6,11.097637267913301,11.025881469869036,9.797070923831638,10.221432063114797,11.491007000869207,11.097637267913301,2.64552984405636,4.060443010546419,1.791759469228055,1.9459101490553132,67.87672620000001,Unknown,Available,Available
47165,,2005-03-17,Male,6,guangzhou,guangdong,CN,37,2014-03-31,76,50577,23166,39400,94455,2014-03-31,1,9,94,8,0.702813509,63226,18,11.054486704094396,10.831271978121498,10.05048413127047,10.5815464756746,11.455889396586945,11.054486704094396,2.323694056171644,4.553876891600541,2.1972245773362196,2.9444389791664403,70.28135089999999,Unknown,Available,Available
49168,2009-06-01,2009-08-29,Male,4,fanyu,guangdong,CN,51,2014-03-31,31,71684,43271,32769,82520,,22,23,64,0,0.804163718,81644,5,11.31013585953641,11.180036799680368,10.675261053551264,10.39726874169286,11.32080808538612,11.31013585953641,3.189103666671893,4.174387269895637,0.0,1.791759469228055,80.4163718,Available,Available,Unknown
37208,2007-06-01,2008-01-25,Male,5,guangzhou,guangdong,CN,36,2014-03-31,70,53842,29717,32540,88915,2014-03-26,6,10,39,4,0.746303211,63388,29,11.05704562379489,10.89382768342006,10.299508201816293,10.390256111708327,11.3954473828108,11.05704562379489,2.401840051010647,3.6888794541139363,1.6094379124341003,3.4011973816621555,74.6303211,Available,Available,Available
14359,2011-05-06,,Female,4,Jung-gu,Seoul,KR,54,2014-03-31,40,45246,40225,20527,89451,2014-01-26,66,16,73,1,0.741461247,46070,3,10.737938963793802,10.719891648587698,10.602268831713166,9.929545086855418,11.401457447546608,10.737938963793802,2.8846574567759924,4.304065093204169,0.6931471805599453,1.3862943611198906,74.1461247,Available,Unknown,Available
52856,2010-09-07,,Male,6,wugangshi,henan,CN,41,2014-03-31,86,61472,33106,27779,81293,2014-03-25,7,8,64,0,0.815594824,78172,5,11.266679598372296,11.026353333004943,10.407500019368872,10.232071616308335,11.305827492074487,11.266679598372296,2.251910802036967,4.174387269895637,0.0,1.791759469228055,81.55948240000001,Available,Unknown,Available
43158,,2012-09-27,Female,4,guangzhou,guangdong,CN,52,2014-03-31,8,65136,14040,8400,97856,,30,74,345,0,0.6775,77078,13,11.252586148910154,11.084248023118157,9.549736900114642,9.077809308899132,11.49126250833397,11.252586148910154,3.861673167219153,5.675121665433755,0.0,2.639057329615259,67.75,Unknown,Available,Unknown
62246,,2009-10-18,Female,5,wulumuqi,xinjiang,CN,44,2014-03-31,38,59873,13349,33702,74979,2014-03-30,2,19,122,1,0.884175169,63803,2,11.06357116329234,10.999997633112368,9.499271663828395,10.425342133149853,11.224976690289903,11.06357116329234,3.0302642569658187,4.812184355372417,0.6931471805599453,1.0986122886681096,88.41751690000001,Unknown,Available,Available
18926,,2006-08-20,Male,6,zhuhai,guangdong,CN,41,2014-03-31,75,58401,34866,31702,82533,2014-03-22,10,9,57,0,0.803243551,68261,4,11.131108521767771,10.97510541480526,10.459296102128597,10.364166592611527,11.320965608636271,11.131108521767771,2.373018368068155,4.060443010546419,0.0,1.6094379124341003,80.3243551,Unknown,Available,Available
14966,,2011-08-29,Female,5,beijing,beijing,CN,42,2014-03-31,28,60080,35308,25973,58744,,32,25,108,3,1.128214286,100080,5,11.513735137097267,11.003448930773533,10.471893167932329,10.164851316670035,10.980961322001672,11.513735137097267,3.265193800076119,4.6913478822291435,1.3862943611198906,1.791759469228055,112.82142859999999,Unknown,Available,Unknown
32229,2011-11-11,,Male,5,dongguan,guangdong,CN,45,2014-03-31,58,60270,20556,45909,92630,2014-03-29,3,12,163,0,0.715125553,68922,1,11.14074521842348,11.006606338342099,9.930956794525674,10.734438237243268,11.436379137828363,11.14074521842348,2.5981309018146574,5.099866427824199,0.0,0.6931471805599453,71.5125553,Available,Unknown,Available
4546,2010-05-01,2012-05-24,Male,5,beijingshi,beijing,CN,32,2014-03-31,56,61437,19035,39696,94125,2014-03-26,6,12,67,1,0.703703373,68512,8,11.134778787266075,11.02578381520839,9.854087202241,10.58903089706934,11.452389589215745,11.134778787266075,2.5815932924386003,4.219507705176107,0.6931471805599453,2.1972245773362196,70.3703373,Available,Available,Available
15109,,2012-01-24,Male,4,KARIYA,AICHI,JP,50,2014-03-31,66,51010,30667,26850,104688,2014-03-25,7,10,67,1,0.632428741,78666,3,11.272979032618796,10.839796574724032,10.330975044678786,10.198058343191331,11.55874932925708,11.272979032618796,2.470703699544987,4.219507705176107,0.6931471805599453,1.3862943611198906,63.2428741,Unknown,Available,Available
26397,,2009-07-13,Male,5,wulumuqishi,xinjiang,CN,43,2014-03-31,60,63093,17659,26661,85396,2014-03-29,3,12,47,3,0.774692023,72790,10,11.19534760016878,11.052380956845,9.779057474157952,10.190994609673622,11.35506625035401,11.19534760016878,2.585595252033998,3.8712010109078907,1.3862943611198906,2.3978952727983707,77.46920229999999,Unknown,Available,Available
3882,,2007-03-31,Male,6,dalian,liaoning,CN,40,2014-03-31,108,54911,41293,28929,76956,2014-03-29,3,6,32,3,0.859564426,66288,9,11.101779249890095,10.913487182847634,10.628472489944825,10.272634397970181,11.251002103290817,11.101779249890095,2.047391320621519,3.4965075614664802,1.3862943611198906,2.302585092994046,85.9564426,Unknown,Available,Available
56116,2004-11-06,2005-03-17,Male,4,lax,lax,US,44,2014-03-31,10,42290,13385,9200,111243,,28,67,150,1,0.594440819,42290,1,10.652329576439035,10.652329576439035,9.501964663660587,9.127067452782361,11.619481265989803,10.652329576439035,3.861673167219153,5.017279836814924,0.6931471805599453,0.6931471805599453,59.4440819,Available,Available,Unknown
60434,,2012-07-15,Female,4,guangzhoushi,guangdong,CN,30,2014-03-31,21,62115,25914,13133,85913,,50,28,80,3,0.769594706,72365,19,11.189491854811298,11.03675888368908,10.162577230623807,9.482959566750917,11.36110207490206,11.189491854811298,3.3945083935113587,4.394449154672439,1.3862943611198906,2.995732273553991,76.9594706,Unknown,Available,Unknown
40158,2010-05-04,2010-05-22,Male,6,dongguan,guangdong,CN,54,2014-03-31,17,72541,28727,31533,67111,,31,35,151,0,0.985147442,82449,5,11.319947327987745,11.191920983452134,10.265627535905919,10.358821607797427,11.114118144526131,11.319947327987745,3.588713755333214,5.0238805208462765,0.0,1.791759469228055,98.51474420000001,Available,Available,Unknown
16961,2011-01-04,,Female,6,.,beijing,CN,32,2014-03-31,71,62972,15973,48629,78274,2014-03-28,4,9,133,3,0.844210977,72835,6,11.195965617451733,11.050461342082116,9.678717679477334,10.791995903397831,11.267983546194607,11.195965617451733,2.3097025607203565,4.897839799950911,1.3862943611198906,1.9459101490553132,84.4210977,Available,Unknown,Available
4363,,2009-12-28,Male,6,dalian,liaoning,CN,51,2014-03-31,83,51421,17438,41258,98330,2014-03-31,1,8,56,5,0.671945286,61750,11,11.030865448691081,10.847821375434926,9.766464356369461,10.627624549782817,11.496094617558756,11.030865448691081,2.282880021937101,4.04305126783455,1.791759469228055,2.4849066497880004,67.1945286,Unknown,Available,Available
27026,,,Male,4,wulumuqi,xinjiang,CN,47,2014-03-31,42,53020,21380,24764,96446,,60,16,58,0,0.684900773,55183,3,10.918428335176623,10.878443340472396,9.97025795616998,10.117186645022338,11.476748913651063,10.918428335176623,2.8531003628317038,4.07753744390572,0.0,1.3862943611198906,68.4900773,Unknown,Unknown,Unknown
7585,,2010-05-24,Male,5,anshan,liaoning,CN,52,2014-03-31,62,54297,24103,33378,88828,,25,11,52,6,0.743601004,61308,7,11.023681930070788,10.902242672831173,10.090133080810137,10.415682238708357,11.394468452242315,11.023681930070788,2.5118624595770607,3.970291913552122,1.9459101490553132,2.0794415416798357,74.3601004,Unknown,Available,Unknown
7448,,2012-09-17,Male,4,yunfu,guangdong,CN,25,2014-03-31,32,55097,11894,35038,118596,,23,17,114,0,0.556829741,59957,0,11.001399596089845,10.916868696841577,9.383873422737057,10.464217005830303,11.683486470116224,11.001399596089845,2.9116491561153794,4.74493212836325,0.0,0.0,55.6829741,Unknown,Available,Unknown
17863,2008-02-04,,Male,5,changchun,jilinsheng,CN,36,2014-03-31,59,56992,28611,15484,82148,2014-03-30,2,12,105,3,0.803856089,66584,12,11.106234605936246,10.950683732257744,10.261581489228275,9.647627092407303,11.31628995053679,11.106234605936246,2.6026896854443837,4.663439094112067,1.3862943611198906,2.5649493574615367,80.38560890000001,Available,Unknown,Available
9518,,,Female,5,.,beijing,CN,39,2014-03-31,45,68176,16446,42979,75513,2014-03-26,6,15,159,6,0.874336472,78668,15,11.273004455916707,11.12986254355045,9.707898368741269,10.6684901701965,11.232073348510589,11.273004455916707,2.8115908802616296,5.075173815233827,1.9459101490553132,2.772588722239781,87.4336472,Unknown,Unknown,Available
20411,,2005-09-21,Male,6,shenzhen,guangdong,CN,56,2014-03-31,62,61630,29407,32153,65751,2014-03-30,2,11,49,2,1.00370367,67595,7,11.121304088682715,11.028920269688678,10.289022025155413,10.378292138722905,11.093645367828335,11.121304088682715,2.561159081123199,3.912023005428146,1.0986122886681096,2.0794415416798357,100.37036699999999,Unknown,Available,Available
40106,,2009-04-13,Male,4,zengcheng,guangdong,CN,33,2014-03-31,61,59326,41536,23964,96606,,51,10,50,3,0.68244726,65677,16,11.092519292992764,10.990819793335792,10.634339875274723,10.084349711593731,11.478406481343352,11.092519292992764,2.451005098112319,3.9318256327243257,1.3862943611198906,2.833213344056216,68.244726,Unknown,Available,Unknown
2395,,2006-08-25,Male,6,.,beijing,CN,51,2014-03-31,60,49465,14863,42388,94677,2014-03-30,2,12,64,2,0.69633966,67000,7,11.112462823634855,10.809040843867542,9.606697461053619,10.654644173598973,11.458236939619427,11.112462823634855,2.5894193486507135,4.174387269895637,1.0986122886681096,2.0794415416798357,69.633966,Unknown,Available,Available
20722,,2008-01-27,Male,4,guangzhou,guangdong,CN,55,2014-03-31,25,38173,12465,17639,99217,2013-12-16,107,25,140,2,0.664036304,38173,2,10.549909934589838,10.549909934589838,9.430760217368796,9.777924329560783,11.505074728425514,10.549909934589838,3.2676659890376327,4.948759890378168,1.0986122886681096,1.0986122886681096,66.4036304,Unknown,Available,Available
31967,,2010-11-29,Male,6,guangzhou,guangdong,CN,39,2014-03-31,103,56777,33627,35921,94561,2014-03-31,1,7,35,3,0.696435211,75751,17,11.235220125663336,10.946904205736288,10.423114332255187,10.489105200153407,11.457010983008471,11.235220125663336,2.089197716681026,3.58351893845611,1.3862943611198906,2.8903717578961645,69.6435211,Unknown,Available,Available
27738,2006-05-12,2006-06-22,Female,6,guangzhou,guangdong,CN,38,2014-03-31,64,63373,33208,29470,80426,2014-02-27,34,10,52,4,0.818625942,66333,4,11.102457865239273,11.05680896167629,10.41057620250521,10.291162007969065,11.295105219687365,11.102457865239273,2.4729304589822485,3.970291913552122,1.6094379124341003,1.6094379124341003,81.8625942,Available,Available,Available
15192,,2011-12-25,Male,5,wuhan,hubei,CN,47,2014-03-31,66,60754,25837,32926,79955,2014-03-24,8,11,50,0,0.822299043,66734,2,11.108484831908251,11.014604662342713,10.159601555520247,10.402048268882046,11.289231762350537,11.108484831908251,2.4849066497880004,3.9318256327243257,0.0,1.0986122886681096,82.2299043,Unknown,Available,Available
21682,,2009-07-23,Male,5,haerbin,haerbin,CN,45,2014-03-31,53,68972,24258,38074,55075,2014-03-15,17,13,57,3,1.193531729,76788,5,11.24881667971082,11.141470402652047,10.096542961533052,10.547313177763362,10.916469328564263,11.24881667971082,2.660797316412955,4.060443010546419,1.3862943611198906,1.791759469228055,119.3531729,Unknown,Available,Available
13553,,,Male,4,guangzhou,guangdong,CN,36,2014-03-31,71,67877,29482,36284,81869,,144,6,21,0,0.802114353,75957,3,11.237935834932408,11.125467255154522,10.291569105033412,10.499159711712238,11.312887902370495,11.237935834932408,2.0758637202781887,3.091042453358316,0.0,1.3862943611198906,80.2114353,Unknown,Unknown,Unknown
1191,,2012-08-13,Male,6,changsha,hunan,CN,50,2014-03-31,43,64493,22750,35069,53080,2014-03-26,6,14,66,0,1.237156745,66604,0,11.106534928785564,11.074327475201118,10.032364379457015,10.465101343134224,10.879574327756249,11.106534928785564,2.712800803766021,4.204692619390966,0.0,0.0,123.7156745,Unknown,Available,Available
49196,,,Female,5,guangzhou,guangdong,CN,34,2014-03-31,71,56361,31211,33556,84420,2014-03-22,10,10,41,0,0.77772471,73318,30,11.202575063017205,10.939550451543395,10.348557915236652,10.421000764451936,11.343571464800565,11.202575063017205,2.4043677871749556,3.7376696182833684,0.0,3.4339872044851463,77.772471,Unknown,Unknown,Available
6737,,2012-09-21,Male,6,changchun,jilin,CN,46,2014-03-31,48,56949,8090,14199,78464,2014-03-23,9,11,39,0,0.836235471,61677,1,11.029682582289965,10.949928968875328,8.99850761180784,9.560997243589352,11.27040794447282,11.029682582289965,2.5400930650532776,3.6888794541139363,0.0,0.6931471805599453,83.6235471,Unknown,Available,Available
41729,2011-08-12,2011-10-20,Male,5,guangzhoushi,guangdongsheng,CN,37,2014-03-31,60,55635,33156,28179,82184,2014-03-23,9,12,51,0,0.798367322,57812,0,10.96496894286603,10.926585752727021,10.409009134710212,10.246367785452671,11.316728082640626,10.96496894286603,2.5688530711238284,3.9512437185814275,0.0,0.0,79.8367322,Available,Available,Available
5284,,2012-02-15,Male,5,KOBE-SHI,HYOGO-KEN,JP,45,2014-03-31,34,72491,26218,48319,84604,2014-03-30,2,19,79,1,0.775308023,87432,9,11.378628064751071,11.191231489926741,10.174239617765064,10.785600832608697,11.345748645502727,11.378628064751071,3.04307839416564,4.382026634673881,0.6931471805599453,2.302585092994046,77.5308023,Unknown,Available,Available
24786,2012-06-02,,Male,6,guangzhou,guangdong,CN,43,2014-03-31,49,59276,25413,34618,78459,2014-03-29,3,13,70,0,0.835948457,62528,0,11.043385728109781,10.989976651401927,10.14305548226448,10.452157943275468,11.270344219763544,11.043385728109781,2.6996819514316934,4.2626798770413155,0.0,0.0,83.5948457,Available,Unknown,Available
59048,2011-01-06,,Female,5,guangzhou,guangdong,CN,45,2014-03-31,43,57628,15585,34739,93727,2014-03-30,2,16,73,0,0.699716944,75763,29,11.235378524776632,10.96178119220659,9.654128354403506,10.455647039795096,11.44815224962746,11.235378524776632,2.879733359717847,4.304065093204169,0.0,3.4011973816621555,69.97169439999999,Available,Unknown,Available
36863,2006-10-07,,Male,5,guangzhou,guangdong,CN,40,2014-03-31,57,56186,32886,31319,90166,2014-02-26,35,12,59,0,0.726836612,61056,1,11.019563133080542,10.936440692397964,10.400832721888241,10.35201215010474,11.4094187854514,11.019563133080542,2.5973846333210737,4.0943445622221,0.0,0.6931471805599453,72.6836612,Available,Unknown,Available
20187,2005-02-02,2005-03-24,Male,5,guangzhou,guangdong,CN,45,2014-03-31,81,58731,23842,39309,91228,2014-03-28,4,9,56,6,0.718119985,94322,40,11.45448034132121,10.980740002082829,10.079245952188407,10.579234218415905,11.421128107972857,11.45448034132121,2.3112970335960674,4.04305126783455,1.9459101490553132,3.713572066704308,71.8119985,Available,Available,Available
47133,2005-02-02,,Male,5,guangzhoushi,guangdongsheng,CN,44,2014-03-31,66,57208,37732,23150,87963,2014-03-15,17,10,51,0,0.744702659,71024,17,11.17078720672239,10.954466507648174,10.53829032212183,10.049793255125714,11.38468291885074,11.17078720672239,2.461559285528542,3.9512437185814275,0.0,2.8903717578961645,74.4702659,Available,Unknown,Available
8355,,2007-08-13,Male,4,wulumuqi,xinjiang,CN,47,2014-03-31,33,58746,21897,28716,84484,2014-03-23,9,21,126,3,0.774850031,62688,5,11.04594127263337,10.980995366872817,9.99415058743337,10.265244560881653,11.34432928279475,11.04594127263337,3.1023420086122493,4.844187086458591,1.3862943611198906,1.791759469228055,77.4850031,Unknown,Available,Available
1125,2007-05-01,2011-06-23,Male,5,guangzhou,guangdong,CN,40,2014-03-31,55,47647,28964,22462,103053,,20,13,62,2,0.635123674,51181,6,10.843143186715016,10.771595935483736,10.273843483530724,10.019624790165171,11.543008401673964,10.843143186715016,2.6403792069788548,4.143134726391533,1.0986122886681096,1.9459101490553132,63.5123674,Available,Available,Unknown
9562,,2006-07-31,Female,4,guangzhou,guangdong,CN,49,2014-03-31,10,39966,13645,9493,89033,2013-12-16,107,66,146,0,0.734781486,40466,1,10.608242106137789,10.595809392596285,9.52120171737537,9.158415299111264,11.396773598234182,10.608242106137789,3.861673167219153,4.990432586778736,0.0,0.6931471805599453,73.4781486,Unknown,Available,Available
37274,2007-12-12,2008-06-28,Male,4,guangzhou,guangdong,CN,57,2014-03-31,10,39033,8350,14506,100784,2014-01-25,67,68,182,1,0.648963923,39033,1,10.572188340191147,10.572188340191147,9.03013657115323,9.582386570538903,11.52074481402236,10.572188340191147,3.861673167219153,5.209486152841421,0.6931471805599453,0.6931471805599453,64.8963923,Available,Available,Available
62435,2011-12-12,,Male,6,wulumuqi,xinjiang,CN,46,2014-03-31,34,54327,28371,22630,87913,,30,20,93,0,0.743807514,55194,0,10.918627648452452,10.902795026793628,10.253158022321978,10.027075926780746,11.384114342890733,10.918627648452452,3.086901660733778,4.543294782270004,0.0,0.0,74.3807514,Available,Unknown,Unknown
20299,,2005-06-30,Male,4,guangzhou,guangdong,CN,41,2014-03-31,39,59722,23119,26063,81039,2014-03-25,7,18,77,0,0.804813608,90522,2,11.4133592410454,10.997472484818747,10.048453322786314,10.168310330841827,11.302698138922565,11.4133592410454,2.985150164010688,4.356708826689592,0.0,1.0986122886681096,80.4813608,Unknown,Available,Available
35910,,2006-09-16,Male,5,wulumuqi,xinjiang,CN,46,2014-03-31,50,53413,16069,26699,96270,2014-03-22,10,14,50,0,0.677380804,62339,2,11.040358553321328,10.885828162871782,9.684709458731557,10.19241884438834,11.474922410170022,11.040358553321328,2.751969435180275,3.9318256327243257,0.0,1.0986122886681096,67.7380804,Unknown,Available,Available
59586,,2011-06-27,Male,5,guangzhou,guangdong,CN,46,2014-03-31,60,53535,21624,36492,96998,2014-03-29,3,12,76,4,0.671249716,65247,16,11.085950673374182,10.88810960378655,9.98160533180008,10.504875740356372,11.482455948154028,11.085950673374182,2.590690804448151,4.343805421853684,1.6094379124341003,2.833213344056216,67.12497160000001,Unknown,Available,Available
2627,,2007-07-31,Male,6,shantou,guangdong,CN,42,2014-03-31,116,67410,39223,40897,83165,2014-03-30,2,6,36,3,0.782612517,119057,41,11.687366048313308,11.118563488331727,10.577044083331069,10.61883644107976,11.328593889441407,11.687366048313308,1.9740810260220096,3.6109179126442243,1.3862943611198906,3.7376696182833684,78.2612517,Unknown,Available,Available
4188,,2010-09-28,Male,4,shenzhen,guangdong,CN,48,2014-03-31,32,58237,52535,6773,46488,2013-08-28,217,16,100,1,1.400029255,60637,6,11.012677038242007,10.972293341621572,10.869253927870808,9.077809308899132,10.746971004451137,11.012677038242007,2.8667985901047035,4.61512051684126,0.6931471805599453,1.9459101490553132,140.0029255,Unknown,Available,Available
28439,2010-06-11,2010-07-17,Male,6,guangzhou,guangdong,CN,38,2014-03-31,74,55751,25571,35926,99702,2014-03-31,1,9,62,8,0.652215703,82404,84,11.319401393668281,10.928668563118356,10.149253281886617,10.48924438093555,11.50995104576804,11.319401393668281,2.392901504576582,4.143134726391533,2.1972245773362196,4.442651256490317,65.2215703,Available,Available,Available
31964,,2011-03-14,Male,5,BONDY,GALLIENI,FR,27,2014-03-31,13,59544,12948,29165,77042,2014-03-26,6,60,259,0,0.844045975,59544,0,10.994487608202096,10.994487608202096,9.46877384406884,10.28075892627351,11.252118986523802,10.994487608202096,3.861673167219153,5.560681631015528,0.0,0.0,84.4045975,Unknown,Available,Available
57805,2008-11-12,2008-12-22,Male,5,Unknown,Unknown,SG,51,2014-03-31,28,65868,5565,50950,47951,,60,23,187,0,1.355540448,68735,0,11.138028358428482,11.095423200101555,8.856572917341328,10.83861966554364,10.777955789556444,11.138028358428482,3.181135496716123,5.236441962829949,0.0,0.0,135.55404479999999,Available,Available,Unknown
41341,,,Male,5,zhanjiang,guangdong,CN,47,2014-03-31,50,45930,19354,20310,95085,2014-03-18,14,14,48,0,0.683459957,47658,0,10.77182676847709,10.734895549344966,9.870706063011749,9.918917890191485,11.462537024237001,10.77182676847709,2.7282529084863962,3.8918202981106265,0.0,0.0,68.34599569999999,Unknown,Unknown,Available
20839,2007-10-12,2007-10-22,Male,5,guangzhou,guangdong,CN,35,2014-03-31,71,52149,35593,27354,91365,2014-03-16,16,10,58,1,0.711231544,55317,3,10.920853631835199,10.861879460428918,10.479932363309931,10.216654606497926,11.422628696989069,10.920853631835199,2.414637454324586,4.07753744390572,0.6931471805599453,1.3862943611198906,71.1231544,Available,Available,Available
48517,2010-11-10,2010-11-28,Male,4,sanya,hainan,CN,45,2014-03-31,51,54810,36884,15853,86803,,49,13,64,0,0.748592215,55941,0,10.932070718708905,10.911646182719558,10.515560243318403,9.671177113397102,11.371407982535963,10.932070718708905,2.6504210882655737,4.174387269895637,0.0,0.0,74.85922149999999,Available,Available,Unknown
11033,,,Male,5,guangzhou,guangdong,CN,42,2014-03-31,63,58566,20049,40578,91024,2014-03-20,12,11,92,4,0.713542692,62846,6,11.048458480182255,10.977926677010519,9.905984432734716,10.611005970395047,11.418889473043635,11.048458480182255,2.5295921393903695,4.532599493153256,1.6094379124341003,1.9459101490553132,71.3542692,Unknown,Unknown,Available
10270,2008-10-11,2012-04-25,Male,5,guangzhou,guangdong,CN,33,2014-03-31,40,55147,22271,40717,52906,2014-01-29,63,16,100,0,1.227439421,59917,1,11.000732239796932,10.91777575929152,10.011085563134147,10.614425534104623,10.876290934233968,11.000732239796932,2.8629332132800895,4.61512051684126,0.0,0.6931471805599453,122.7439421,Available,Available,Available
54672,2006-03-07,,Male,4,shanghai,Unknown,CN,38,2014-03-31,64,63065,37172,22550,89078,2014-03-30,2,11,85,6,0.728870877,87991,48,11.385001180236953,11.05193707605141,10.523337970284603,10.02353468984558,11.397278895443902,11.385001180236953,2.5187200139363872,4.454347296253507,1.9459101490553132,3.8918202981106265,72.8870877,Available,Unknown,Available
20440,,2005-11-24,Male,5,shenzhen,guangdong,CN,60,2014-03-31,34,59726,41518,17017,47751,2014-03-30,2,21,74,0,1.35951645,61201,2,11.021935147705008,10.997539458447907,10.633906432771306,9.742026886409503,10.773776229848487,11.021935147705008,3.108790359305808,4.31748811353631,0.0,1.0986122886681096,135.951645,Unknown,Available,Available
56517,,2007-06-21,Male,5,shenzhen,guangdong,CN,40,2014-03-31,45,60398,17480,38422,80817,2014-03-21,11,15,63,5,0.803222961,63747,7,11.062693089979524,11.008727827494459,9.768869855811184,10.556411517605202,11.299954991976355,11.062693089979524,2.7880929087757464,4.1588830833596715,1.791759469228055,2.0794415416798357,80.3222961,Unknown,Available,Available
48310,,2008-11-29,Male,4,xinhui,guangdong,CN,54,2014-03-31,11,41692,13125,8600,89648,2014-02-22,39,55,166,0,0.724004216,46837,27,10.754450118251796,10.638088527988433,9.482350275033667,9.077809308899132,11.403657324481385,10.754450118251796,3.861673167219153,5.117993812416755,0.0,3.332204510175204,72.4004216,Unknown,Available,Available
27046,2008-03-07,,Male,6,wulumuqi,xinjiang,CN,56,2014-03-31,39,58817,25370,22868,83889,2014-03-30,2,18,83,7,0.772683546,67654,11,11.122176540697744,10.98220320948978,10.141362068450333,10.037537560656384,11.33726169584034,11.122176540697744,2.981152824004452,4.430816798843313,2.0794415416798357,2.4849066497880004,77.2683546,Available,Unknown,Available
38024,,,Male,6,guangzhou,guangdong,CN,41,2014-03-31,101,51103,28834,37137,82033,2014-03-31,1,7,38,7,0.789771921,74055,37,11.212576842747048,10.84161805101474,10.269345206049513,10.522395983160541,11.314889074455747,11.212576842747048,2.1126345090356,3.6635616461296463,2.0794415416798357,3.6375861597263857,78.97719210000001,Unknown,Unknown,Available
19047,2006-11-02,2010-04-17,Female,4,LAS VEGAS,NEVADA,US,40,2014-03-31,10,45196,9900,13710,98764,2014-01-21,71,60,218,4,0.655965331,45196,4,10.718785991936208,10.718785991936208,9.200391041122515,9.525953709356655,11.500498569962101,10.718785991936208,3.861673167219153,5.389071729816501,1.6094379124341003,1.6094379124341003,65.5965331,Available,Available,Available
62890,2006-06-02,2006-08-16,Male,4,wulumuqishi,xinjiang,CN,42,2014-03-31,45,53513,24018,24778,90950,2014-03-30,2,16,149,0,0.712001649,58998,3,10.985275773591676,10.887698580894263,10.086600462793985,10.117751799243743,11.41807617893805,10.985275773591676,2.8569925358745496,5.0106352940962555,0.0,1.3862943611198906,71.20016489999999,Available,Available,Available
30747,,2008-10-30,Male,5,guangzhou,guangdong,CN,36,2014-03-31,46,56407,31409,23717,88065,2014-02-26,35,15,108,1,0.735062056,60137,4,11.004397200252921,10.940366271398876,10.354881592532692,10.07398953252474,11.38584181235089,11.004397200252921,2.7781289026844576,4.6913478822291435,0.6931471805599453,1.6094379124341003,73.5062056,Unknown,Available,Available
8431,2006-01-11,,Male,5,dalian,liaoning,CN,54,2014-03-31,82,52689,31947,32348,87360,2014-03-29,3,8,88,4,0.740988782,61284,8,11.023290393775266,10.87218096320333,10.37186486003728,10.384338387550182,11.377804237799664,11.023290393775266,2.2988745136012274,4.48863636973214,1.6094379124341003,2.1972245773362196,74.0988782,Available,Unknown,Available
12298,2008-10-01,2009-01-17,Male,4,SAN DIEGO，CA92129,Unknown,US,57,2014-03-31,11,43426,16717,8556,90291,,265,34,129,0,0.716932695,43426,0,10.678836646467854,10.678836646467854,9.7242412622591,9.077809308899132,11.41080414190347,10.678836646467854,3.5610460826040513,4.867534450455582,0.0,0.0,71.6932695,Available,Available,Unknown
38194,2005-06-01,,Female,4,guangzhou,guangdong,CN,42,2014-03-31,61,57905,24478,31257,98900,2014-03-17,15,11,45,4,0.654428514,74975,42,11.224923341307521,10.966576285135192,10.10557088611869,10.350030622402139,11.501874628783144,11.224923341307521,2.553343811341229,3.828641396489095,1.6094379124341003,3.7612001156935624,65.4428514,Available,Unknown,Available
38410,2007-07-04,,Male,4,BUTTERWORTH,PENANG,MY,68,2014-03-31,30,45890,25112,28130,83790,2014-03-26,6,24,88,0,0.772333333,46982,0,10.757541113134543,10.734024298391375,10.131140919328166,10.244627450087735,11.336080882134516,10.757541113134543,3.227117629694905,4.48863636973214,0.0,0.0,77.2333333,Available,Unknown,Available
3835,,,Male,6,guangzhou,guangdong,CN,31,2014-03-31,97,54478,27931,35655,93299,2014-03-31,1,7,43,1,0.693535086,88220,60,11.387600308892806,10.905570585295168,10.237528263965926,10.481672714626391,11.443575386835436,11.387600308892806,2.1388399217337626,3.784189633918261,0.6931471805599453,4.110873864173311,69.3535086,Unknown,Unknown,Available
29296,,2005-08-25,Female,5,changsha,hunan,CN,48,2014-03-31,88,55168,32138,30539,87325,2014-03-28,4,8,36,5,0.740870083,64396,8,11.072822327156452,10.918156480309198,10.377825524930667,10.326792578772624,11.377403521083842,11.072822327156452,2.2311261290563453,3.6109179126442243,1.791759469228055,2.1972245773362196,74.08700830000001,Unknown,Available,Available
32390,,2012-01-15,Male,5,SYDENY,NSW,AU,57,2014-03-31,18,55154,16610,19879,94550,2014-03-13,19,34,120,0,0.683885246,55154,0,10.917902682403483,10.917902682403483,9.717820405491077,9.897469480210566,11.45689465044527,10.917902682403483,3.57860492360442,4.795790545596741,0.0,0.0,68.3885246,Unknown,Available,Available
27021,,,Female,5,wu,xinjiang,CN,36,2014-03-31,43,49431,19014,27596,99065,2014-01-27,65,15,71,5,0.652629385,53831,7,10.893623364868153,10.808353266740815,9.85298342036236,10.225462350145268,11.503541573659888,10.893623364868153,2.803360380906535,4.276666119016055,1.791759469228055,2.0794415416798357,65.2629385,Unknown,Unknown,Available
44029,2011-03-03,,Male,6,zhengzhou,henan,CN,26,2014-03-31,81,57123,24636,36556,84659,2014-03-31,1,8,104,0,0.763417239,64106,12,11.068308841314574,10.952979622572824,10.112004656988175,10.506627965308457,11.346398514074915,11.068308841314574,2.2988280441163336,4.653960350157523,0.0,2.5649493574615367,76.3417239,Available,Unknown,Available
14166,2011-03-02,,Male,4,guangzhou,guangdong,CN,60,2014-03-31,25,53904,16614,23793,84429,,28,28,220,0,0.765015931,58170,13,10.971142227748963,10.894978516973218,9.718061180788695,10.077188727036472,11.343678067663546,10.971142227748963,3.3900240811763895,5.3981627015177525,0.0,2.639057329615259,76.5015931,Available,Unknown,Unknown
29247,,,Female,4,guangzhou,guangdong,CN,70,2014-03-31,13,32564,9908,12708,98379,2014-03-26,6,54,190,1,0.65643674,32564,1,10.390993370980501,10.390993370980501,9.201198714058899,9.450065682882071,11.49659281034933,10.390993370980501,3.861673167219153,5.25227342804663,0.6931471805599453,0.6931471805599453,65.64367399999999,Unknown,Unknown,Available
35479,,2007-11-14,Male,5,dalianshi,liaoningsheng,CN,42,2014-03-31,71,56368,22363,10504,76605,2014-02-19,42,9,62,4,0.842243326,58405,7,10.97517390326498,10.939674640985677,10.015207802146536,9.2596066132791,11.24643068164285,10.97517390326498,2.3715779644543304,4.143134726391533,1.6094379124341003,2.0794415416798357,84.2243326,Unknown,Available,Available
8513,,2006-10-25,Male,6,dalian,liaoning,CN,37,2014-03-31,91,58011,26186,34879,83244,2014-03-23,9,7,47,4,0.774857888,79760,17,11.286789942169964,10.96840516468014,10.173018383403459,10.459668878022915,11.329543345978953,11.286789942169964,2.1935139979768583,3.8712010109078907,1.6094379124341003,2.8903717578961645,77.4857888,Unknown,Available,Available
39324,2008-08-02,,Male,6,guangzhoushi,guangdongsheng,CN,38,2014-03-31,76,58641,12178,49798,74101,2014-03-31,1,8,135,3,0.870106206,85229,34,11.353108763516344,10.979206442390929,9.407468436087111,10.815750182489847,11.213197801473246,11.353108763516344,2.2519933069130484,4.912654885736052,1.3862943611198906,3.5553480614894135,87.0106206,Available,Unknown,Available
49304,,,Male,5,zhuhai,guangdong,CN,39,2014-03-31,48,59285,13021,46475,93831,2014-03-21,11,14,78,2,0.68701783,67984,7,11.127042371589786,10.990128469423018,9.474395513796807,10.746691329302752,11.44926122820134,11.127042371589786,2.710883064087504,4.3694478524670215,1.0986122886681096,2.0794415416798357,68.701783,Unknown,Unknown,Available
28531,2011-01-09,,Male,4,HACIENDA HFS,CA,US,47,2014-03-31,9,41868,10600,10800,110088,2014-03-26,6,90,193,0,0.585555556,41868,0,10.642300975279205,10.642300975279205,9.268703615273097,9.287394001418473,11.609044408546039,10.642300975279205,3.861673167219153,5.267858159063328,0.0,0.0,58.5555556,Available,Unknown,Available
54441,2012-07-03,,Male,5,zhuhai,guangdong,CN,39,2014-03-31,59,48614,20098,33401,98344,2014-03-29,3,10,53,3,0.655315017,63977,33,11.066294553246234,10.791687404243758,9.908425341565751,10.416371057411563,11.496236983683993,11.066294553246234,2.480586988470324,3.9889840465642745,1.3862943611198906,3.5263605246161616,65.5315017,Available,Unknown,Available
53956,,2006-04-20,Male,4,wulumuqi,xinjiang,CN,51,2014-03-31,28,56209,31453,22725,80963,,57,23,82,2,0.795878735,58673,3,10.97975197754033,10.93684995599612,10.35628144005067,10.031264922477954,11.301759890415426,10.97975197754033,3.2159084638038458,4.418840607796598,1.0986122886681096,1.3862943611198906,79.5878735,Unknown,Available,Unknown
27500,,,Male,5,beijing,beijing,CN,36,2014-03-31,26,63498,0,55999,50024,,23,11,31,3,1.28795738,72816,14,11.195704723407564,11.058779436725285,8.856572917341328,10.933106969717286,10.820278159451934,11.195704723407564,2.5079719227189963,3.4657359027997265,1.3862943611198906,2.70805020110221,128.795738,Unknown,Unknown,Unknown
18975,2006-09-05,2007-02-14,Male,4,changsha,hunan,CN,51,2014-03-31,18,45086,17463,8420,94161,2013-06-17,289,22,105,0,0.684170092,45086,0,10.716349235602204,10.716349235602204,9.76789689822978,9.077809308899132,11.452771982150384,10.716349235602204,3.140596267863936,4.663439094112067,0.0,0.0,68.4170092,Available,Available,Available
3670,2008-11-09,,Male,4,xining,qinghai,CN,40,2014-03-31,23,54433,33613,16274,47238,,57,29,221,0,1.363048817,54433,0,10.904744237612876,10.904744237612876,10.422697925836513,9.69738546707677,10.762975101585972,10.904744237612876,3.4011973816621555,5.402677381872279,0.0,0.0,136.30488169999998,Available,Unknown,Unknown
28678,,2012-02-14,Male,5,guangzhou,guangdong,CN,63,2014-03-31,89,55662,31199,39194,96608,2014-03-17,15,8,42,0,0.666431351,67220,6,11.115740977693285,10.9270709322979,10.348173373797573,10.576304466622823,11.478427183562632,11.115740977693285,2.20852413256019,3.7612001156935624,0.0,1.9459101490553132,66.6431351,Unknown,Available,Available
15526,,2012-05-14,Male,5,Yeoju-gun,Gyeonggi-do,KR,48,2014-03-31,43,48404,30030,29704,93049,2014-03-31,1,16,59,1,0.69179658,54687,9,10.909399585915317,10.787358393154172,10.309985460456241,10.299070660789841,11.440892262070397,10.909399585915317,2.854004113889899,4.0943445622221,0.6931471805599453,2.302585092994046,69.179658,Unknown,Available,Available
58031,,2012-11-17,Male,4,CEMITOS,CA,US,18,2014-03-31,7,76987,25947,7047,62686,2013-08-21,224,46,172,0,1.026835338,77090,0,11.252741821220257,11.251404844535015,10.163849814332947,9.077809308899132,11.045909368600698,11.252741821220257,3.8536874284858538,5.153291594497779,0.0,0.0,102.68353379999999,Unknown,Available,Available
37508,2010-12-01,2011-01-24,Female,5,xining,qinghai,CN,55,2014-03-31,25,50482,25645,26585,44870,2014-01-24,68,26,156,0,1.433750836,51688,0,10.853000271901186,10.829391924926254,10.152142893019061,10.188140040427545,10.711546985327436,10.853000271901186,3.329223882156469,5.056245805348308,0.0,0.0,143.3750836,Available,Available,Available
37762,2012-07-11,2012-08-23,Male,5,guangzhou,guangdong,CN,30,2014-03-31,59,57022,21891,36776,86620,2014-03-18,14,9,60,0,0.742177442,64230,1,11.070241239179373,10.951209974200845,9.993876552263808,10.512627928763104,11.369297559379882,11.070241239179373,2.386862852010642,4.110873864173311,0.0,0.6931471805599453,74.2177442,Available,Available,Available
708,2006-06-07,2011-10-20,Male,6,shenzhen,guangdong,CN,37,2014-03-31,53,55646,34827,15069,86686,2014-03-27,5,13,79,0,0.741590338,55646,2,10.926783446894788,10.926783446894788,10.458176939948507,9.620461291620542,11.370059209196285,10.926783446894788,2.680758059077707,4.382026634673881,0.0,1.0986122886681096,74.1590338,Available,Available,Available
1022,2007-02-04,2007-04-22,Female,5,guangzhou,guangdong,CN,45,2014-03-31,56,56571,32771,27917,80865,2014-03-20,12,13,110,7,0.794874297,59029,12,10.985801068234736,10.94326944214039,10.397329771261706,10.237026921072703,11.300548742766912,10.985801068234736,2.6403551884605605,4.709530201312334,2.0794415416798357,2.5649493574615367,79.4874297,Available,Available,Available
38047,,2005-06-18,Male,4,beijing,beijing,CN,54,2014-03-31,35,60474,34572,21446,55938,,90,18,114,0,1.149063249,63305,1,11.055735390370147,11.009985335478229,10.450828309595938,9.973340054434962,10.932017090300137,11.055735390370147,2.9628444068915267,4.74493212836325,0.0,0.6931471805599453,114.90632489999999,Unknown,Available,Unknown
54961,2006-10-12,,Male,5,haikou,hainan,CN,60,2014-03-31,51,58634,34871,27820,53198,2014-03-20,12,14,73,5,1.207902929,61166,6,11.021363107385085,10.979087066895165,10.459439493918229,10.233546410194464,10.881794878160589,11.021363107385085,2.72785282839839,4.304065093204169,1.791759469228055,1.9459101490553132,120.79029290000001,Available,Unknown,Available
9858,2006-10-11,2008-07-24,Female,4,guangzhou,guangdong,CN,40,2014-03-31,51,54520,42313,16798,84896,2014-03-27,5,14,127,5,0.75665261,69437,57,11.148189547076132,10.906341227535142,10.652873279543263,9.729074639810214,11.349194035986073,11.148189547076132,2.7421295147550726,4.852030263919617,1.791759469228055,4.060443010546419,75.665261,Available,Available,Available
29255,,2005-10-13,Female,4,MONTEREY PARK,CA,US,53,2014-03-31,5,75605,37500,23500,61160,2013-07-21,255,102,153,1,1.05,75605,1,11.233290924097748,11.233290924097748,10.53212287826962,10.064798252418377,11.021265010465248,11.233290924097748,3.861673167219153,5.0369526024136295,0.6931471805599453,0.6931471805599453,105.0,Unknown,Available,Available
18976,,2006-11-15,Male,6,shanghai,shanghai,CN,46,2014-03-31,39,61435,7095,32984,49396,2014-03-19,13,18,84,0,1.299550976,74926,3,11.22426958518863,11.025751261535518,8.867286523989415,10.403808191656971,10.80764497258701,11.22426958518863,2.975798058760556,4.442651256490317,0.0,1.3862943611198906,129.9550976,Unknown,Available,Available
676,,2006-08-13,Female,4,shenzhen,guangdong,CN,49,2014-03-31,15,71824,17437,20084,65979,2014-01-27,65,39,150,0,0.972289971,71824,0,11.18198788384749,11.18198788384749,9.766407011987761,9.907728546793383,11.097106944782572,11.18198788384749,3.7048231044407736,5.017279836814924,0.0,0.0,97.2289971,Unknown,Available,Available
44531,,2006-08-16,Male,6,changchun,jilin,CN,46,2014-03-31,63,52557,23976,33161,85096,2014-03-21,11,10,63,21,0.753827794,57530,23,10.960079211941625,10.869672600684126,10.08485031650177,10.409159921061319,11.351547061296127,10.960079211941625,2.4645393472927846,4.1588830833596715,3.091042453358316,3.1780538303479458,75.3827794,Unknown,Available,Available
29215,,2005-06-19,Male,6,guangzhoushi,guangdong,CN,47,2014-03-31,52,59491,29476,34449,56462,2014-03-27,5,13,65,3,1.135377599,64892,7,11.08049503863161,10.993597128712489,10.291365577217242,10.447264276441805,10.941340835358673,11.08049503863161,2.697537620382872,4.189654742026425,1.3862943611198906,2.0794415416798357,113.5377599,Unknown,Available,Available
38741,2007-10-11,,Male,5,beijing,beijing,CN,61,2014-03-31,73,59476,29305,29314,78754,2014-03-28,4,10,43,0,0.81388666,62983,0,11.050636004864304,10.993344962180375,10.28554755219797,10.285854609398315,11.274097046735836,11.050636004864304,2.404188559372654,3.784189633918261,0.0,0.0,81.388666,Available,Unknown,Available
26133,2011-09-03,,Male,6,benxi,liaoning,CN,41,2014-03-31,26,58016,10342,38841,47873,2014-03-28,4,25,155,0,1.337733378,61360,1,11.024529733170398,10.968491350030408,9.244065241377804,10.567257414385397,10.776327838536336,11.024529733170398,3.280911215787653,5.049856007249537,0.0,0.6931471805599453,133.7733378,Available,Unknown,Available
44647,,2006-07-31,Male,5,changchun,jilin,CN,64,2014-03-31,57,58485,17908,29356,80646,2014-03-21,11,12,136,27,0.794045086,60296,27,11.007037630233862,10.976542688339931,9.79305865876674,10.287286297671224,11.297836885093368,11.007037630233862,2.601366058725796,4.919980925828125,3.332204510175204,3.332204510175204,79.4045086,Unknown,Available,Available
38132,,2005-05-24,Male,5,guangzhou,guangdong,CN,39,2014-03-31,77,60150,30869,33752,90123,2014-03-30,2,9,60,10,0.710465253,66105,16,11.099014793278535,11.004613346368536,10.337540117496205,10.426824581239181,11.408941778825277,11.099014793278535,2.3117534610652797,4.110873864173311,2.3978952727983707,2.833213344056216,71.0465253,Unknown,Available,Available
20775,2007-09-07,2007-11-29,Male,5,wuhan,hubei,CN,49,2014-03-31,71,53887,23006,33128,83712,2014-03-26,6,10,42,2,0.764650707,60586,6,11.011835627592243,10.894663097601999,10.043553796432969,10.408164310715241,11.33514956102412,11.011835627592243,2.4222710786697723,3.7612001156935624,1.0986122886681096,1.9459101490553132,76.4650707,Available,Available,Available
35452,2005-10-07,,Male,6,yingkou,liaoning,CN,54,2014-03-31,95,54488,26384,36939,74066,2014-03-30,2,7,46,0,0.862945346,118910,52,11.686130593117902,10.905754125417554,10.180550945839768,10.517050253753231,11.212725367959475,11.686130593117902,2.1586655837227084,3.8501476017100584,0.0,3.970291913552122,86.29453459999999,Available,Unknown,Available
6779,,2012-07-25,Male,5,guangzhou,guangdong,CN,52,2014-03-31,40,64891,27680,29252,69761,2014-03-27,5,15,63,1,0.916007655,66521,1,11.105287999000407,11.08047962853029,10.228501536246666,10.283737411503228,11.152844727896664,11.105287999000407,2.8134107169600364,4.1588830833596715,0.6931471805599453,0.6931471805599453,91.60076550000001,Unknown,Available,Available
2168,2005-05-04,2009-10-16,Male,5,Unknown,beijing,CN,48,2014-03-31,28,51429,20256,22713,91701,2014-03-30,2,26,133,0,0.69680407,51429,0,10.847976938768962,10.847976938768962,9.916255691813806,10.030736753451592,11.426299468257534,10.847976938768962,3.301308835950535,4.897839799950911,0.0,0.0,69.680407,Available,Available,Available
9575,,,Male,6,guangzhou,guangdong,CN,43,2014-03-31,73,45628,24097,37042,95647,2014-03-27,5,10,42,3,0.668030362,59485,28,10.99349626973007,10.728298758274772,10.089884128483222,10.519834679000835,11.468430065083664,10.99349626973007,2.404188559372654,3.7612001156935624,1.3862943611198906,3.367295829986474,66.8030362,Unknown,Unknown,Available
56468,2005-12-03,2006-01-27,Female,4,guangzhou,guangdong,CN,42,2014-03-31,43,66049,28742,21738,85974,2013-11-22,131,14,64,6,0.743074883,71854,18,11.182405478508347,11.09816730995047,10.266149538318983,9.98686316145718,11.361811835300466,11.182405478508347,2.7222348358124764,4.174387269895637,1.9459101490553132,2.9444389791664403,74.3074883,Available,Available,Available
27085,,,Male,4,beijing,beijing,CN,60,2014-03-31,25,58479,51507,7548,52450,2014-03-24,8,29,195,0,1.2176,58479,0,10.97644009442366,10.97644009442366,10.849492414393675,9.077809308899132,10.867634679419623,10.97644009442366,3.4163596292923937,5.278114659230518,0.0,0.0,121.76,Unknown,Unknown,Available
17635,,2006-01-28,Male,5,shenyangshi,liaoning,CN,38,2014-03-31,63,56277,29403,21796,80675,2014-02-14,47,10,45,0,0.791293957,59398,2,10.992032670192192,10.938058973994185,10.288885998493978,9.989527624628513,11.298196412257036,10.992032670192192,2.470011317250837,3.828641396489095,0.0,1.0986122886681096,79.1293957,Unknown,Available,Available
26019,,2011-05-21,Male,5,jilinshengjilinshi,jilin,CN,53,2014-03-31,49,56864,8730,16142,75477,2014-03-28,4,15,70,5,0.845687295,59510,5,10.993916448396218,10.948435316618545,9.074635189810808,9.689241798157529,11.231596502046113,10.993916448396218,2.780370862681836,4.2626798770413155,1.791759469228055,1.791759469228055,84.56872949999999,Unknown,Available,Available
62905,,,Female,4,wulumuqishi,xinjiang,CN,47,2014-03-31,46,53428,15572,31962,89271,,22,13,96,3,0.714593877,58203,4,10.971709359880169,10.886108948699558,9.653293924495339,10.372334262809115,11.399443167865536,10.971709359880169,2.7035958505296156,4.574710978503383,1.3862943611198906,1.6094379124341003,71.4593877,Unknown,Unknown,Unknown
58032,2012-09-12,,Male,4,VALINDA,CA,US,45,2014-03-31,10,38174,16918,5400,100472,2013-05-23,314,28,91,0,0.634799745,38174,0,10.549936130086833,10.549936130086833,9.736192529758796,9.077809308899132,11.51764431367017,10.549936130086833,3.3711199263867093,4.5217885770490405,0.0,0.0,63.479974500000004,Available,Unknown,Available
10525,,2011-07-21,Male,6,guangzhou,guangdong,CN,31,2014-03-31,59,68908,32051,26427,80541,2014-03-30,2,12,118,4,0.791726947,79474,14,11.283197785779004,11.140542072564054,10.375114862897961,10.182179333149776,11.296534066478552,11.283197785779004,2.6026896854443837,4.77912349311153,1.6094379124341003,2.70805020110221,79.17269470000001,Unknown,Available,Available
54589,,,Male,4,guangzhou,guangdong,CN,65,2014-03-31,9,45554,13250,16150,91224,2014-02-23,38,59,126,0,0.698888889,45554,0,10.726675666147958,10.726675666147958,9.491828300264636,9.689737246238513,11.421084261304648,10.726675666147958,3.861673167219153,4.844187086458591,0.0,0.0,69.8888889,Unknown,Unknown,Available
2981,,,Male,6,shenyang,liaoning,CN,43,2014-03-31,81,60860,21879,38740,75182,2014-03-30,2,9,47,9,0.847747732,119218,53,11.688717416884353,11.016347854469439,9.993328256535918,10.564653749740895,11.227680420551865,11.688717416884353,2.3112970335960674,3.8712010109078907,2.302585092994046,3.9889840465642745,84.7747732,Unknown,Unknown,Available
30987,,2012-11-18,Female,4,taishan,guangdong,CN,60,2014-03-31,7,53504,3520,18450,85624,,87,68,164,0,0.744285714,53504,0,10.887530386461101,10.887530386461101,8.856572917341328,9.822873848541882,11.357732575564526,10.887530386461101,3.861673167219153,5.10594547390058,0.0,0.0,74.4285714,Unknown,Available,Unknown
5489,2011-06-11,2011-06-21,Male,6,shenzhen,guangdong,CN,50,2014-03-31,75,63112,17815,46345,60283,2014-03-30,2,9,59,5,1.056982731,73019,10,11.198488655209628,11.052682049496653,9.787852208937204,10.743890267377827,11.006822007539567,11.198488655209628,2.3805466344812576,4.0943445622221,1.791759469228055,2.3978952727983707,105.6982731,Available,Available,Available
1502,,2011-05-29,Male,6,guangzhou,guangdong,CN,30,2014-03-31,107,62968,34797,29279,79501,2014-03-28,4,6,24,8,0.801270927,106698,90,11.5777670651747,11.050397820778638,10.45731519284666,10.284659968075248,11.28353745755869,11.5777670651747,2.0615945480499738,3.2188758248682006,2.1972245773362196,4.51085950651685,80.1270927,Unknown,Available,Available
35194,,2012-04-22,Male,6,.,beijing,CN,55,2014-03-31,73,59773,29480,30550,80241,2014-03-31,1,9,49,0,0.793687766,67548,2,11.120608539429766,10.998326062784663,10.291501267030537,10.327152697288243,11.292802347549516,11.120608539429766,2.383909030803144,3.912023005428146,0.0,1.0986122886681096,79.3687766,Unknown,Available,Available
62839,,2008-05-16,Male,5,hulin,heilongjiang,CN,55,2014-03-31,65,54695,26935,25844,96693,2014-03-28,4,11,50,4,0.658601864,57010,4,10.950999510654109,10.90954585959363,10.20121896084091,10.15987243763014,11.479306631946551,10.950999510654109,2.4901014666651045,3.9318256327243257,1.6094379124341003,1.6094379124341003,65.8601864,Unknown,Available,Available
8638,,2007-03-22,Male,6,shenyang,liaoning,CN,39,2014-03-31,76,59867,13720,41004,71746,2014-03-29,3,9,83,0,0.886963733,73583,32,11.206182889779704,10.999897417649038,9.526682784921174,10.621449289470512,11.180901320901038,11.206182889779704,2.3507401348493264,4.430816798843313,0.0,3.4965075614664802,88.6963733,Unknown,Available,Available
40763,,2010-11-23,Male,5,dalian,liaoning,CN,57,2014-03-31,64,48430,14254,42771,93264,,32,10,58,2,0.682162356,60468,6,11.00988611600467,10.787895383542557,9.564863001346772,10.663638961876547,11.443200182478662,11.00988611600467,2.4416566658146257,4.07753744390572,1.0986122886681096,1.9459101490553132,68.21623559999999,Unknown,Available,Unknown
28236,,,Male,4,foshan,guangdong,CN,44,2014-03-31,34,46307,18699,17281,95000,,24,19,206,4,0.669690526,46307,4,10.743070011325619,10.743070011325619,9.836278802842678,9.757420776401345,11.461642696843066,10.743070011325619,3.0152377679850826,5.332718793265369,1.6094379124341003,1.6094379124341003,66.9690526,Unknown,Unknown,Unknown
46967,,,Male,4,beijing,beijing,CN,59,2014-03-31,67,53252,14317,42595,89045,,32,6,25,1,0.714236622,67347,3,11.11762848577769,10.882809420012913,9.56927276595613,10.659515631135275,11.396908369123873,11.11762848577769,1.996553881923451,3.258096538021482,0.6931471805599453,1.3862943611198906,71.42366220000001,Unknown,Unknown,Unknown
56142,2005-02-07,,Male,6,.,beijing,CN,46,2014-03-31,39,59992,30676,27312,56993,,57,17,89,10,1.115859141,61790,13,11.031513001772588,11.001983167731487,10.331268467127707,10.215118058306537,10.950701278118238,11.031513001772588,2.9091992508619717,4.499809670330265,2.3978952727983707,2.639057329615259,111.58591410000001,Available,Unknown,Unknown
29173,2005-05-06,,Male,6,shenzhen,guangdong,CN,62,2014-03-31,28,59481,18575,28413,43915,2014-02-17,44,25,121,0,1.447174086,63387,2,11.0570298480627,10.993429024756606,9.829625703937673,10.254637260432023,10.690033997354623,11.0570298480627,3.2694281041718773,4.804021044733257,0.0,1.0986122886681096,144.7174086,Available,Unknown,Available
20860,,2007-12-16,Male,5,wuhan,hubei,CN,47,2014-03-31,71,59564,23727,31945,88022,,24,10,57,2,0.721764104,66242,4,11.101085077888659,10.994823432233462,10.074411064377713,10.371802256349902,11.385353422947182,11.101085077888659,2.4069451083182885,4.060443010546419,1.0986122886681096,1.6094379124341003,72.17641040000001,Unknown,Available,Unknown
54166,,2012-07-15,Male,4,foshan,guangdong,CN,33,2014-03-31,12,43739,11447,10900,85695,,28,54,257,0,0.741325632,46039,2,10.73726586283582,10.68601829423076,9.345570321236288,9.296609807128359,11.358561429050845,10.73726586283582,3.861673167219153,5.552959584921617,0.0,1.0986122886681096,74.1325632,Unknown,Available,Unknown
44823,,2008-10-13,Male,6,changchun,jilin,CN,30,2014-03-31,54,54168,4848,40599,80475,2014-03-26,6,11,149,0,0.789281267,62730,1,11.046611022299611,10.899864068079113,8.856572917341328,10.611523345589823,11.295714282309127,11.046611022299611,2.4896125405280736,5.0106352940962555,0.0,0.6931471805599453,78.9281267,Unknown,Available,Available
31270,2009-11-06,,Male,6,changchun,jilin,CN,58,2014-03-31,50,59282,25872,29838,47419,2014-03-19,13,14,100,6,1.339272022,64267,8,11.070817119163225,10.990077865976913,10.160955232894292,10.303571541691813,10.766799359619396,11.070817119163225,2.7441262576941297,4.61512051684126,1.9459101490553132,2.1972245773362196,133.9272022,Available,Unknown,Available
26814,,2008-03-19,Male,5,dalian,liaoning,CN,36,2014-03-31,63,50577,23622,20133,90508,2014-03-14,18,11,46,4,0.701515115,53305,6,10.883804174174841,10.831271978121498,10.069976092693759,9.910165207289369,11.413204572257253,10.883804174174841,2.498257982750663,3.8501476017100584,1.6094379124341003,1.9459101490553132,70.1515115,Unknown,Available,Available
62338,,2011-03-18,Male,4,wulumuqi,xinjiang,CN,36,2014-03-31,47,50199,17307,22607,95635,2014-03-16,16,13,40,1,0.663811052,56613,3,10.944011583428672,10.82377030567982,9.758924101344775,10.02605910492431,11.468304597192825,10.944011583428672,2.6590426222999297,3.713572066704308,0.6931471805599453,1.3862943611198906,66.38110520000001,Unknown,Available,Available
45752,2006-06-07,2006-11-18,Female,6,guangzhou,guangdong,CN,55,2014-03-31,52,60280,21846,32362,88665,2014-03-25,7,13,90,0,0.715828568,70462,3,11.16284302833769,11.006772241852998,9.991818891326092,10.384771073921131,11.392631780270468,11.16284302833769,2.6828999674526255,4.51085950651685,0.0,1.3862943611198906,71.5828568,Available,Available,Available
60391,,2012-05-30,Male,6,chengdu,sichuan,CN,46,2014-03-31,30,62151,3525,49620,43997,2014-03-28,4,23,290,0,1.442555629,71358,3,11.175478753702787,11.037338276630257,8.856572917341328,10.812169410206767,10.691899457321854,11.175478753702787,3.1794895808314387,5.673323267171493,0.0,1.3862943611198906,144.2555629,Unknown,Available,Available
44675,2007-08-02,,Male,5,wenzhou,zhejiang,CN,60,2014-03-31,50,57257,11572,26850,79538,,26,14,58,0,0.796849682,58412,0,10.97529374678373,10.955322649645309,9.356430077848078,10.198058343191331,11.284002746391979,10.97529374678373,2.7242448870757383,4.07753744390572,0.0,0.0,79.6849682,Available,Unknown,Unknown
12801,2009-12-01,,Male,5,tangshan,hebei,CN,46,2014-03-31,67,50362,36962,27752,115950,2014-03-25,7,10,47,2,0.546489866,56010,3,10.933303378999149,10.827012057472162,10.517672691292779,10.231099221439429,11.66092296705356,10.933303378999149,2.4785735060351963,3.8712010109078907,1.0986122886681096,1.3862943611198906,54.64898660000001,Available,Unknown,Available
23221,,2011-02-25,Female,4,guangzhou,guangdong,CN,28,2014-03-31,51,58168,37659,20449,79381,2014-02-28,33,13,66,3,0.798170595,59438,3,10.992705855562368,10.97110784576512,10.536353802211144,9.925738161470948,11.282026921282952,10.992705855562368,2.7013612129514133,4.204692619390966,1.3862943611198906,1.3862943611198906,79.8170595,Unknown,Available,Available
53730,,,Male,6,shenyang,liaoning,CN,67,2014-03-31,75,61442,29797,30861,77582,2014-01-22,70,8,48,6,0.816596247,72084,11,11.185601257246004,11.0258651947545,10.302196556147285,10.33728093263115,11.25910361000655,11.185601257246004,2.2821065616201603,3.8918202981106265,1.9459101490553132,2.4849066497880004,81.6596247,Unknown,Unknown,Available
19085,2006-12-11,2006-12-22,Male,5,zhuhai,guangdong,CN,52,2014-03-31,61,46153,22668,32826,98657,2014-03-22,10,11,40,3,0.641866669,50182,4,10.823431602908185,10.739738910064524,10.028753631368525,10.39900662648473,11.49941460294228,10.823431602908185,2.554639988061743,3.713572066704308,1.3862943611198906,1.6094379124341003,64.1866669,Available,Available,Available
4181,2009-12-10,2010-10-19,Male,4,S.P.S,CORTES,HN,45,2014-03-31,6,76027,0,33615,62259,2013-11-30,123,42,136,0,1.017113992,79515,0,11.283713538254412,11.238856972470728,8.856572917341328,10.422757423084782,11.039074443995599,11.283713538254412,3.770459441106359,4.919980925828125,0.0,0.0,101.7113992,Available,Available,Available
45807,2006-07-02,,Male,5,guangzhou,guangdong,CN,38,2014-03-31,72,50670,28107,32792,90317,2014-03-27,5,10,59,3,0.701083628,92536,41,11.435363843521843,10.833109033818927,10.243809512312088,10.397970356961945,11.41109205508856,11.435363843521843,2.40808644413409,4.0943445622221,1.3862943611198906,3.7376696182833684,70.1083628,Available,Unknown,Available
19475,,2009-01-29,Male,5,guangzhou,guangdong,CN,33,2014-03-31,77,56408,27775,33797,86916,2014-03-18,14,9,49,7,0.72837993,88991,47,11.396301757033692,10.940383999223585,10.231927617460077,10.42815690812277,11.372708919278638,11.396301757033692,2.334950377455313,3.912023005428146,2.0794415416798357,3.8712010109078907,72.837993,Unknown,Available,Available
13752,2010-06-09,,Male,4,guangzhou,guangdong,CN,60,2014-03-31,19,66977,14823,43289,50352,2014-01-18,74,33,126,0,1.256990983,70751,0,11.166936083657173,11.112119486242786,9.604002767965195,10.675676940436027,10.82681347929128,11.166936083657173,3.5457786105694167,4.844187086458591,0.0,0.0,125.69909829999999,Available,Unknown,Available
573,,2006-01-17,Male,5,shenzhen,guangdong,CN,48,2014-03-31,46,51531,19798,21368,81221,2014-03-28,4,16,71,1,0.779039657,65025,14,11.082542468899101,10.849958252911415,9.8933867103567,9.969696552646463,11.30494142541384,11.082542468899101,2.839728025012475,4.276666119016055,0.6931471805599453,2.70805020110221,77.9039657,Unknown,Available,Available
11572,,,Male,4,guangzhou,guangdong,CN,39,2014-03-31,49,61953,23628,33221,76772,2014-03-31,1,14,111,1,0.823695227,66074,2,11.09854573947249,11.034147453173013,10.070230050199568,10.410967586051022,11.24860829482318,11.09854573947249,2.7475379728229465,4.718498871295094,0.6931471805599453,1.0986122886681096,82.3695227,Unknown,Unknown,Available
32845,,2011-09-26,Male,5,beijing,beijing,CN,30,2014-03-31,93,57418,37925,23905,78991,2014-03-27,5,7,38,7,0.800058361,75332,44,11.229673564797762,10.958130537988746,10.543392171700354,10.081884752437926,11.277101860498645,11.229673564797762,2.183850517855026,3.6635616461296463,2.0794415416798357,3.8066624897703196,80.00583610000001,Unknown,Available,Available
46317,2007-10-01,2011-10-20,Male,4,wuhan,hubei,CN,46,2014-03-31,29,51043,17296,20621,93643,2014-02-16,45,22,78,3,0.67474611,51043,3,10.840443284853867,10.840443284853867,9.758288355043923,9.93411374607789,11.44725563748021,10.840443284853867,3.147840051935498,4.3694478524670215,1.3862943611198906,1.3862943611198906,67.474611,Available,Available,Available
12158,,2008-09-13,Male,6,guangzhoushi,guangdong,CN,50,2014-03-31,49,45050,22772,25782,93195,2014-03-17,15,14,123,4,0.677956972,62681,49,11.045829604065563,10.71555046034839,10.033330902684877,10.157470639001309,11.442460081297723,11.045829604065563,2.7394950340252113,4.820281565605037,1.6094379124341003,3.912023005428146,67.7956972,Unknown,Available,Available
46898,,,Male,5,zengcheng,guangdong,CN,51,2014-03-31,62,55709,24122,34873,83902,2014-03-21,11,8,30,0,0.75303485,60456,1,11.009687647519161,10.92791494301486,10.090921021216259,10.459496844877439,11.337416648669434,11.009687647519161,2.2692486727739114,3.4339872044851463,0.0,0.6931471805599453,75.30348500000001,Unknown,Unknown,Available
53994,2007-02-12,2007-02-13,Male,4,wulumuqishi,xinjiang,CN,50,2014-03-31,36,54184,21339,31636,77225,2014-03-24,8,19,67,1,0.817882551,61576,4,11.028043703175827,10.900159396357095,9.968338524855744,10.362082600698466,11.254491466877433,11.028043703175827,3.0417976402608122,4.219507705176107,0.6931471805599453,1.6094379124341003,81.7882551,Available,Available,Available
34787,2010-09-07,,Male,5,dalianshi,liaoning,CN,36,2014-03-31,78,51427,23944,19590,80399,2014-03-19,13,9,62,0,0.785563626,64384,17,11.072635965707883,10.847938050204139,10.08351481277671,9.882825556088033,11.294769455167058,11.072635965707883,2.332017799810168,4.143134726391533,0.0,2.8903717578961645,78.5563626,Available,Unknown,Available
13704,2010-10-09,,Male,4,PANTIN,PANTIN,FR,33,2014-03-31,20,45589,11365,21113,89005,,90,32,139,0,0.709340599,45589,0,10.727443673207487,10.727443673207487,9.338381721857067,9.95769160654964,11.396459062172276,10.727443673207487,3.499692277597593,4.941642422609304,0.0,0.0,70.93405990000001,Available,Unknown,Unknown
10596,,,Male,5,beijing,beijing,CN,55,2014-03-31,36,64229,43717,28597,53142,2014-02-28,33,19,108,1,1.187838997,67405,3,11.118489313709798,11.070225670251839,10.685515195589948,10.261092064292793,10.8807416723684,11.118489313709798,3.0322019531976414,4.6913478822291435,0.6931471805599453,1.3862943611198906,118.7838997,Unknown,Unknown,Available
9710,2006-07-01,,Male,4,haikou,hainan,CN,56,2014-03-31,11,38705,9600,15751,84655,2014-02-20,41,64,175,1,0.745532928,40093,3,10.59898197616442,10.563749905760297,9.169622538697624,9.664722620318962,11.346351265143912,10.59898197616442,3.861673167219153,5.170483995038151,0.6931471805599453,1.3862943611198906,74.55329280000001,Available,Unknown,Available
44599,,2006-03-13,Male,5,changchun,jilin,CN,56,2014-03-31,54,58613,5073,22332,77036,2014-03-24,8,13,121,10,0.819158575,64226,12,11.070178962014833,10.978728854880998,8.856572917341328,10.013820684220475,11.252041104903824,11.070178962014833,2.682571115839935,4.804021044733257,2.3978952727983707,2.5649493574615367,81.9158575,Unknown,Available,Available
37160,,2007-07-18,Female,5,shanghai,shanghai,CN,25,2014-03-31,33,59301,36480,25270,43164,,28,21,111,0,1.461818182,64113,4,11.068418027797396,10.990398311229896,10.50454685609326,10.137412772215015,10.672785260669624,11.068418027797396,3.1259378292089317,4.718498871295094,0.0,1.6094379124341003,146.1818182,Unknown,Available,Unknown
26673,2006-08-05,,Male,6,changchun,jilin,CN,44,2014-03-31,35,58712,27636,31344,45965,,31,19,110,1,1.372635266,64053,5,11.067481756584877,10.980416446373079,10.226910733640675,10.352810043708068,10.735657271744875,11.067481756584877,3.0132254311749187,4.709530201312334,0.6931471805599453,1.791759469228055,137.2635266,Available,Unknown,Unknown
62577,2006-09-03,,Male,4,shenyang,liaoning,CN,37,2014-03-31,44,58213,56320,0,68873,2013-12-19,104,14,276,1,0.915871241,71666,30,11.179785669593665,10.971881154620236,10.938822746356111,9.077809308899132,11.140034027293552,11.179785669593665,2.721907236054156,5.6240175061873385,0.6931471805599453,3.4339872044851463,91.5871241,Available,Unknown,Available
62825,2008-01-08,,Female,5,ningbo,zhejiang,CN,39,2014-03-31,48,54103,21815,32934,80586,2014-03-27,5,14,74,2,0.782426848,56652,2,10.944700221805979,10.898663399254776,9.990398924525424,10.402291201074794,11.297092625163456,10.944700221805979,2.768591381633596,4.31748811353631,1.0986122886681096,1.0986122886681096,78.24268479999999,Available,Unknown,Available
23628,,2011-05-31,Male,4,compton,ca,US,39,2014-03-31,9,73194,30491,3400,67245,2013-04-22,345,46,168,0,0.937580192,73194,0,11.200882391605512,11.200882391605512,10.325219633108164,9.077809308899132,11.116112816141204,11.200882391605512,3.8501476017100584,5.1298987149230735,0.0,0.0,93.75801919999999,Unknown,Available,Available
30848,,2009-07-19,Male,5,guangzhou,guangdong,CN,32,2014-03-31,49,58236,14414,29596,75716,2014-03-31,1,14,126,3,0.832198082,61637,3,11.029033842444319,10.97227617055482,9.576024610072503,10.295428283824405,11.234757984887032,11.029033842444319,2.7673667784680536,4.844187086458591,1.3862943611198906,1.3862943611198906,83.2198082,Unknown,Available,Available
57358,,2008-12-27,Male,5,beijingshi,beijing,CN,53,2014-03-31,55,54342,32727,21548,88604,2014-03-23,9,13,61,5,0.711070945,57005,8,10.950911804434805,10.903071089406382,10.395986259609234,9.97808469074291,11.391943568409445,10.950911804434805,2.6482739847463947,4.127134385045092,1.791759469228055,2.1972245773362196,71.1070945,Unknown,Available,Available
61361,2013-01-12,,Male,5,wulumuqi,xinjiang,CN,44,2014-03-31,19,59657,15048,33514,48560,2014-03-27,5,24,84,0,1.297306219,66032,2,11.097909896050213,10.996383534208128,9.619066822786719,10.419748378792058,10.79057601860207,11.097909896050213,3.2364974260433477,4.442651256490317,0.0,1.0986122886681096,129.7306219,Available,Unknown,Available
14570,2011-06-11,,Female,4,shenzhen,guangdong,CN,49,2014-03-31,5,73279,12600,20700,61160,,86,138,249,0,1.03,73279,0,11.202042999348011,11.202042999348011,9.441531454869693,9.937937287265354,11.021265010465248,11.202042999348011,3.861673167219153,5.521460917862246,0.0,0.0,103.0,Available,Unknown,Unknown
5132,,,Male,6,zhengzhou,henan,CN,30,2014-03-31,82,55593,23195,37369,86882,2014-03-31,1,8,109,2,0.724723993,76744,32,11.24824351674751,10.92583056074651,10.05173512899633,10.52862352247953,11.372317664958343,11.24824351674751,2.2914117924071564,4.700480365792417,1.0986122886681096,3.4965075614664802,72.4723993,Unknown,Unknown,Available
44869,,2007-07-31,Male,4,haerbin,heilongjiang,CN,45,2014-03-31,40,45489,21517,23287,99177,,22,18,45,0,0.634788005,47854,1,10.775930884630007,10.72524780056405,9.976645073153854,10.05569348542546,11.504671494483883,10.775930884630007,2.948479388864736,3.828641396489095,0.0,0.6931471805599453,63.4788005,Unknown,Available,Unknown
9700,,2006-06-20,Male,6,wuhanshi,hubei,CN,44,2014-03-31,81,55318,22436,38290,85753,2014-03-28,4,9,59,5,0.734077525,71282,9,11.174413148801122,10.920871708970335,10.018466660859778,10.55297016060981,11.359238011170559,11.174413148801122,2.3100571078327468,4.0943445622221,1.791759469228055,2.302585092994046,73.4077525,Unknown,Available,Available
47297,,,Male,5,guangzhou,guangdong,CN,70,2014-03-31,61,48923,33440,23287,99202,2014-03-29,3,11,96,0,0.634378944,49507,12,10.809889551659912,10.798023352607254,10.417537971057733,10.05569348542546,11.50492353475117,10.809889551659912,2.546837607779587,4.574710978503383,0.0,2.5649493574615367,63.4378944,Unknown,Unknown,Available
17725,,2006-05-16,Male,5,changchun,jilin,CN,57,2014-03-31,54,51703,24678,31587,88586,2014-03-27,5,13,47,1,0.710252297,56662,3,10.94487671938842,10.853290426942731,10.113707958559848,10.360532580617472,11.39174039896543,10.94487671938842,2.6524444107301646,3.8712010109078907,0.6931471805599453,1.3862943611198906,71.0252297,Unknown,Available,Available
37290,2008-03-10,2008-10-25,Male,4,MONTEREY PARK,CA,US,65,2014-03-31,7,32564,9300,11800,85624,2013-12-23,100,93,189,0,0.734285714,33064,1,10.406230600108763,10.390993370980501,9.137877200242468,9.375939552625749,11.357732575564526,10.406230600108763,3.861673167219153,5.247024072160486,0.0,0.6931471805599453,73.4285714,Available,Available,Available
39391,,,Male,4,guangzhou,guangdong,CN,40,2014-03-31,40,54562,29326,29019,70631,,31,17,169,1,0.889793009,55362,4,10.92166677957473,10.907111276342949,10.286263872389602,10.27574052643818,11.165238578581418,10.92166677957473,2.915689565797121,5.135798437050262,0.6931471805599453,1.6094379124341003,88.9793009,Unknown,Unknown,Unknown
28410,2009-11-10,2010-03-16,Male,5,dalianshi,liaoningsheng,CN,38,2014-03-31,62,51934,21995,33442,81546,2014-03-20,12,11,41,0,0.770479116,55707,0,10.927879042172982,10.857748215661912,9.998615897627705,10.417597776093334,11.308934820125405,10.927879042172982,2.531612937050529,3.7376696182833684,0.0,0.0,77.04791159999999,Available,Available,Available
37204,2007-07-02,2007-11-27,Male,5,guangzhou,guangdong,CN,45,2014-03-31,48,54657,44900,18102,48815,2014-03-15,17,15,138,2,1.286855884,56781,4,10.94697465307693,10.908850868984608,10.712215345197256,9.803832949375943,10.795813406956452,10.94697465307693,2.77921565180665,4.9344739331306915,1.0986122886681096,1.6094379124341003,128.6855884,Available,Available,Available
36235,,,Female,5,guangzhou,guangdong,CN,37,2014-03-31,52,63039,31464,25845,73187,2014-03-14,18,13,97,0,0.858296282,75030,27,11.22565664045309,11.051524724531761,10.356631095961035,10.159911129085136,11.200786752084456,11.22565664045309,2.641854534501683,4.584967478670572,0.0,3.332204510175204,85.8296282,Unknown,Unknown,Available
56242,2005-04-09,2005-06-13,Male,5,guangzhou,guangdong,CN,65,2014-03-31,42,57847,40305,17965,56487,2014-03-30,2,17,99,9,1.110958274,63618,13,11.060667446852031,10.965574159854787,10.604255620227434,9.796236361789152,10.941783505196183,11.060667446852031,2.9210612911705187,4.605170185988092,2.302585092994046,2.639057329615259,111.09582739999999,Available,Available,Available
22097,2009-04-10,,Male,5,shenzhen,guangdong,CN,34,2014-03-31,42,56890,26977,22026,80686,,20,16,108,1,0.776964157,65483,24,11.089561116974233,10.94889243537189,10.202776998029625,10.000024252584158,11.298332750823091,11.089561116974233,2.8601081000189077,4.6913478822291435,0.6931471805599453,3.2188758248682006,77.6964157,Available,Unknown,Unknown
744,2006-07-03,,Male,5,guangzhou,guangdong,CN,35,2014-03-31,69,52844,31294,28809,89629,2014-03-21,11,10,59,0,0.699150052,57703,2,10.96308177418351,10.875118379443448,10.351213619358802,10.268477828078574,11.403445364351407,10.96308177418351,2.438503340437902,4.0943445622221,0.0,1.0986122886681096,69.9150052,Available,Unknown,Available
4853,,2010-12-14,Male,5,foshan,guangdong,CN,60,2014-03-31,26,57093,47272,7094,43810,2013-11-23,130,23,256,0,1.428440995,58679,3,10.979854232256917,10.95245431131383,10.763694586973367,9.077809308899132,10.687640206386288,10.979854232256917,3.1912990570979662,5.54907608489522,0.0,1.3862943611198906,142.8440995,Unknown,Available,Available
18181,,,Male,6,dalian,liaoning,CN,39,2014-03-31,71,54683,10002,47551,76572,2014-03-30,2,7,52,0,0.816414747,89264,30,11.399364752747061,10.909326441051883,9.21064032698518,10.769579128077432,11.245999813175104,11.399364752747061,2.190855129066714,3.970291913552122,0.0,3.4339872044851463,81.6414747,Unknown,Unknown,Available
47090,,,Male,5,guangzhoushi,guangdongsheng,CN,49,2014-03-31,58,50528,26146,31693,94925,2014-03-17,15,12,77,0,0.658075323,54417,1,10.904450260467481,10.830302707866496,10.171489740158565,10.363882667502754,11.46085291967712,10.904450260467481,2.571674332503259,4.356708826689592,0.0,0.6931471805599453,65.8075323,Unknown,Unknown,Available
2972,,,Male,4,SYDNEY,NSW,AU,52,2014-03-31,13,60020,25630,9900,79971,2013-08-15,230,41,76,1,0.779887959,60020,1,11.002449779968526,11.002449779968526,10.151557835374197,9.200391041122515,11.289431852391724,11.002449779968526,3.7495040759303713,4.343805421853684,0.6931471805599453,0.6931471805599453,77.9887959,Unknown,Unknown,Available
8425,2005-09-09,,Male,5,shanghai,shanghai,CN,37,2014-03-31,42,57552,20532,21854,61051,2014-03-27,5,17,56,6,1.021400632,58662,9,10.979564483398972,10.96046154137522,9.9297886269555,9.992185007297415,11.019481239035013,10.979564483398972,2.9118203011710224,4.04305126783455,1.9459101490553132,2.302585092994046,102.1400632,Available,Unknown,Available
26507,,,Male,6,wulumuqi,xinjiang,CN,36,2014-03-31,37,58009,8194,41767,75552,,23,16,73,0,0.824821977,69694,3,11.151883858163988,10.96837068846011,9.01127949117793,10.639885775090388,11.23258967571463,11.151883858163988,2.881069365046935,4.304065093204169,0.0,1.3862943611198906,82.4821977,Unknown,Unknown,Unknown
3802,,2010-12-13,Male,4,nanning,guangxi,CN,62,2014-03-31,82,49879,32591,25849,90889,2014-03-22,10,8,64,2,0.685324627,55359,3,10.92161259029155,10.817375399793972,10.391822138466587,10.160065879936575,11.417405263112816,10.92161259029155,2.288911791107603,4.174387269895637,1.0986122886681096,1.3862943611198906,68.5324627,Unknown,Available,Available
8563,,2008-07-23,Male,5,beijing,beijing,CN,40,2014-03-31,75,47980,35870,21714,100319,2014-03-23,9,9,65,7,0.620769346,52174,10,10.8623587319454,10.778560378194001,10.48768444858769,9.985758544968922,11.516120355866748,10.8623587319454,2.370496298638034,4.189654742026425,2.0794415416798357,2.3978952727983707,62.0769346,Unknown,Available,Available
13977,,2011-01-16,Female,4,shenzhen,guangdong,CN,54,2014-03-31,31,56015,3685,21840,42750,,144,19,114,0,1.455932164,60894,5,11.01690634852121,10.933392643194447,8.856572917341328,9.991544216356411,10.663147865904188,11.01690634852121,3.008977500468485,4.74493212836325,0.0,1.791759469228055,145.59321640000002,Unknown,Available,Unknown
20222,,,Male,5,guangzhou,guangzhou,CN,56,2014-03-31,49,48549,35553,14865,95380,2014-03-26,6,14,82,1,0.652557664,69260,34,11.145637256200434,10.790349473719472,10.47880794648263,9.60683200528524,11.465634676175531,11.145637256200434,2.7568403652716422,4.418840607796598,0.6931471805599453,3.5553480614894135,65.2557664,Unknown,Unknown,Available
53796,2007-06-06,,Male,5,shenyangshi,Unknown,CN,38,2014-03-31,76,53624,32081,25764,82886,2014-03-21,11,9,85,0,0.750763458,78801,36,11.274693656234545,10.889770656230318,10.376050404176787,10.156772260762324,11.32523351338627,11.274693656234545,2.3507401348493264,4.454347296253507,0.0,3.6109179126442243,75.0763458,Available,Unknown,Available
62965,2008-06-07,,Male,5,wulumuqi,xinjiang,CN,46,2014-03-31,41,50895,24522,22744,82668,2014-02-22,39,14,83,2,0.752550806,56525,7,10.942455988276723,10.837539613988925,10.107366731668879,10.032100620004105,11.322599961887121,10.942455988276723,2.767890201458227,4.430816798843313,1.0986122886681096,2.0794415416798357,75.2550806,Available,Unknown,Available
51486,,2012-08-27,Male,5,shanghai,shanghai,CN,53,2014-03-31,70,52608,9330,11150,80023,2014-03-21,11,8,46,0,0.776725316,58795,1,10.981829104361879,10.870642486751008,9.141097469234023,9.319284458965361,11.290081868665016,10.981829104361879,2.228922952273489,3.8501476017100584,0.0,0.6931471805599453,77.6725316,Unknown,Available,Available
40063,,2010-03-19,Male,5,changsha,hunan,CN,43,2014-03-31,70,57896,30992,28463,83798,,21,10,69,3,0.74161054,61818,6,11.031966039560452,10.96642084874722,10.341516651517555,10.256395409905616,11.336176353224749,11.031966039560452,2.413581868654786,4.248495242049359,1.3862943611198906,1.9459101490553132,74.16105400000001,Unknown,Available,Unknown
19349,,2007-05-23,Male,4,Unknown,Unknown,HK,49,2014-03-31,50,55187,37364,19438,73964,2014-02-25,36,14,72,1,0.839648207,57780,2,10.964415280897114,10.918500817327924,10.52848971636439,9.875036636362113,11.211347287326337,10.964415280897114,2.7188757468628526,4.290459441148391,0.6931471805599453,1.0986122886681096,83.9648207,Unknown,Available,Available
1340,,,Male,5,guangzhou,guangdong,CN,39,2014-03-31,59,53679,40351,21162,70841,2014-03-22,10,12,117,7,0.876578253,66859,40,11.11035615997409,10.890795771645564,10.605396238764646,9.960009652860453,11.168207324135166,11.11035615997409,2.5911288633275453,4.770684624465665,2.0794415416798357,3.713572066704308,87.6578253,Unknown,Unknown,Available
38551,,2012-03-16,Male,6,wuhan,hubei,CN,62,2014-03-31,41,61134,19905,34933,43296,2014-03-30,2,17,70,0,1.433718588,67532,2,11.120371646282273,11.02083981257829,9.89877647280601,10.461215845988338,10.675838627525664,11.120371646282273,2.921816590603823,4.2626798770413155,0.0,1.0986122886681096,143.3718588,Unknown,Available,Available
29291,2005-08-11,2005-08-16,Male,5,zhengzhou,henan,CN,42,2014-03-31,80,57933,37517,23259,63090,2014-03-30,2,9,46,0,0.983662863,61527,3,11.02724763473689,10.96705971055897,10.532576096795353,10.054490426072656,11.052333407611723,11.02724763473689,2.321394424978871,3.8501476017100584,0.0,1.3862943611198906,98.3662863,Available,Available,Available
43181,,,Male,5,guangzhoushi,guangdongsheng,CN,37,2014-03-31,44,57736,13600,40171,82596,,26,11,59,0,0.751008887,60981,1,11.018334017642985,10.963653494818272,9.517898598432753,10.60092551451323,11.321728639236905,11.018334017642985,2.561365124072142,4.0943445622221,0.0,0.6931471805599453,75.1008887,Unknown,Unknown,Unknown
40168,,,Male,4,guangzhou,guangdong,CN,60,2014-03-31,34,60537,38260,27378,78078,2014-01-15,77,19,95,0,0.794455801,68505,4,11.134676611655303,11.011026546020759,10.552186379610337,10.217531575165962,11.26547641362791,11.134676611655303,3.0211637116821315,4.564348191467836,0.0,1.6094379124341003,79.4455801,Unknown,Unknown,Available
11009,,,Male,4,guangzhou,guangdong,CN,39,2014-03-31,35,59473,37155,13456,74052,,27,20,123,5,0.837397234,63649,9,11.061154603985553,10.9932945212425,10.522880544507412,9.507254695741542,11.212536332042088,11.061154603985553,3.0721485038076186,4.820281565605037,1.791759469228055,2.302585092994046,83.7397234,Unknown,Unknown,Unknown
11873,,2006-04-29,Male,6,changchun,jilin,CN,46,2014-03-31,60,53942,30537,28966,73500,2014-03-23,9,11,71,2,0.842998503,58535,5,10.977397228563866,10.895683212499748,10.326727088743457,10.273912529999025,11.205054290550551,10.977397228563866,2.497538396456802,4.276666119016055,1.0986122886681096,1.791759469228055,84.2998503,Unknown,Available,Available
40363,,2009-12-20,Male,6,beijing,beijing,CN,47,2014-03-31,54,58148,22019,25899,79706,2014-03-21,11,13,67,3,0.777335081,71000,10,11.170449240431308,10.970763960894384,9.999706410276671,10.16199824768763,11.286112690281634,11.170449240431308,2.6551004541507943,4.219507705176107,1.3862943611198906,2.3978952727983707,77.73350810000001,Unknown,Available,Available
26494,,2011-05-14,Male,6,wulumuqishi,xinjiang,CN,36,2014-03-31,46,56370,10002,30466,87839,2014-03-26,6,16,105,1,0.705171165,63862,7,11.06449544292921,10.939710120850858,9.21064032698518,10.324399409633317,11.383272256743357,11.06449544292921,2.837127243572665,4.663439094112067,0.6931471805599453,2.0794415416798357,70.5171165,Unknown,Available,Available
26704,,2007-09-24,Male,6,shenyangshi,liaoningsheng,CN,57,2014-03-31,51,56933,28262,30871,52044,2014-02-24,37,12,67,0,1.188997963,60432,2,11.00929059233982,10.949647981201814,10.249308807716778,10.337604903217455,10.859864007949568,11.00929059233982,2.614471854142644,4.219507705176107,0.0,1.0986122886681096,118.8997963,Unknown,Available,Available
2267,2005-08-02,,Male,5,guangzhou,guangdong,CN,37,2014-03-31,65,57457,31302,28790,78842,2014-03-22,10,10,81,6,0.784764846,60084,7,11.0035155053454,10.958809525105371,10.351469218580617,10.267818117285737,11.275213812293087,11.0035155053454,2.424526138799093,4.406719247264253,1.9459101490553132,2.0794415416798357,78.47648459999999,Available,Unknown,Available
56086,2004-12-03,2006-05-21,Male,5,guangzhoushi,guangdongsheng,CN,52,2014-03-31,60,44626,29611,24381,104351,2014-02-26,35,11,72,0,0.592701939,49476,2,10.809263194110516,10.706094336004817,10.295934963562988,10.101600434125091,11.555525078589046,10.809263194110516,2.5491803053830404,4.290459441148391,0.0,1.0986122886681096,59.2701939,Available,Available,Available
28509,,2011-01-13,Male,4,guangzhoushi,guangdongsheng,CN,45,2014-03-31,49,61020,35837,25889,56791,2014-01-14,78,12,47,0,1.089030304,67082,4,11.113685937656255,11.018973346205863,10.486764061960361,10.161612072745584,10.947150749719222,11.113685937656255,2.583997552432231,3.8712010109078907,0.0,1.6094379124341003,108.9030304,Unknown,Available,Available
47656,2007-10-09,,Male,5,guangzhoushi,Unknown,CN,45,2014-03-31,65,58304,25512,33536,79460,,20,10,44,2,0.778212056,60845,3,11.016101360840052,10.973443131954433,10.146943405162215,10.420404585938435,11.283021614237802,11.016101360840052,2.467834665889353,3.8066624897703196,1.0986122886681096,1.3862943611198906,77.8212056,Available,Unknown,Unknown
53993,2007-02-06,,Male,5,wulumuqishi,xinjiang,CN,58,2014-03-31,53,47211,19841,16694,83213,,20,13,93,4,0.742994364,48003,4,10.779039619751332,10.76240337654896,9.895556182209848,9.722864552377755,11.32917088188439,10.779039619751332,2.682074715014739,4.543294782270004,1.6094379124341003,1.6094379124341003,74.29943639999999,Available,Unknown,Unknown
48025,2008-04-03,,Male,5,kunshan,jiangsu,CN,48,2014-03-31,62,55045,13007,33892,80734,2014-03-29,3,11,84,1,0.765801273,63084,7,11.052238302361841,10.915924478293796,9.473319831787592,10.430963782371098,11.298927465315721,11.052238302361841,2.559892456710586,4.442651256490317,0.6931471805599453,2.0794415416798357,76.5801273,Available,Unknown,Available
1767,,2012-09-20,Male,4,Unknown,Unknown,SG,45,2014-03-31,50,44055,13191,25579,110765,,24,10,42,0,0.55817343,50351,0,10.826793619304189,10.693216830942317,9.487365864239434,10.149566075132833,11.615175146998624,10.826793619304189,2.47808068497445,3.7612001156935624,0.0,0.0,55.817342999999994,Unknown,Available,Unknown
16571,2012-12-11,,Male,4,jiangmen,guangdong,CN,58,2014-03-31,47,45183,6277,34956,101838,2013-08-31,214,5,59,0,0.607049628,49897,1,10.817736200776059,10.718498320852914,8.856572917341328,10.461874013730402,11.531148413858649,10.817736200776059,1.9046998803568707,4.0943445622221,0.0,0.6931471805599453,60.7049628,Available,Unknown,Available
29031,2004-11-11,2005-01-24,Male,4,.,beijing,CN,39,2014-03-31,37,60873,42030,13577,62604,2014-01-26,66,18,100,2,0.987120791,83305,26,11.330275854372509,11.016561433145242,10.64616272024527,9.516206114861593,11.044600426103049,11.330275854372509,2.9589530221659683,4.61512051684126,1.0986122886681096,3.295836866004329,98.71207910000001,Available,Available,Available
17254,2010-01-07,,Male,4,guangzhou,guangdong,CN,33,2014-03-31,49,54229,36511,15248,86330,2014-02-28,33,13,106,3,0.715697788,54831,17,10.91202924411439,10.900989539835106,10.505396252661802,9.632269206115012,11.365944024621301,10.91202924411439,2.6798793239069423,4.672828834461906,1.3862943611198906,2.8903717578961645,71.5697788,Available,Unknown,Available
53645,,2006-05-17,Male,5,changchun,jilin,CN,42,2014-03-31,40,52693,5165,45931,80889,2014-03-16,16,16,275,2,0.763638443,56716,2,10.945829268410877,10.872256876055413,8.856572917341328,10.73491732089608,11.300845486011998,10.945829268410877,2.888946240662433,5.62040086571715,1.0986122886681096,1.0986122886681096,76.3638443,Unknown,Available,Available
32425,,2011-06-20,Male,5,beijing,beijing,CN,47,2014-03-31,47,52037,28679,25940,80833,2014-03-25,7,15,75,0,0.763938119,52037,3,10.859729499912511,10.859729499912511,10.263955294713556,10.16358000762854,11.300152948080235,10.859729499912511,2.803360380906535,4.330733340286331,0.0,1.3862943611198906,76.3938119,Unknown,Available,Available
24965,2012-09-01,2012-09-15,Male,5,akesu,xinjiang,CN,32,2014-03-31,51,48605,11903,21657,81466,2014-03-31,1,11,37,1,0.757720276,59026,25,10.985750245327145,10.791502259058547,9.384629757072872,9.983130180188326,11.307953309256124,10.985750245327145,2.506341930508065,3.6375861597263857,0.6931471805599453,3.258096538021482,75.7720276,Available,Available,Available
39887,2011-04-01,2011-04-13,Male,5,shanghai,shanghai,CN,38,2014-03-31,63,50230,28696,26132,90863,2014-03-30,2,11,54,2,0.678944235,62143,25,11.037209551650998,10.824387644967183,10.264547866667387,10.170954162487002,11.417119162117213,11.037209551650998,2.5347203558327003,4.007333185232471,1.0986122886681096,3.258096538021482,67.8944235,Available,Available,Available
49687,2010-10-02,,Male,5,guangzhou,guangdong,CN,52,2014-03-31,58,54058,22305,34853,84039,2014-03-27,5,12,59,1,0.734023251,57714,2,10.963272384049013,10.897831321694126,10.012610979554482,10.458923187220588,11.339048154958936,10.963272384049013,2.579685056407843,4.0943445622221,0.6931471805599453,1.0986122886681096,73.4023251,Available,Unknown,Available
3172,,2008-04-24,Male,5,shanghai,shanghai,CN,34,2014-03-31,57,53066,19475,26951,83010,2014-03-29,3,12,71,0,0.742986146,56676,4,10.945123763681188,10.879310545111617,9.876938217302591,10.20181278508639,11.326728408117877,10.945123763681188,2.6079667424399644,4.276666119016055,0.0,1.6094379124341003,74.29861460000001,Unknown,Available,Available
31638,,2010-08-30,Male,5,philippines,philippines,PH,48,2014-03-31,79,46636,28717,32204,90194,,25,9,70,0,0.683735171,55289,1,10.920347339331979,10.750149496485612,10.265279382854322,10.379876998980992,11.409729272141778,10.920347339331979,2.307700193632755,4.2626798770413155,0.0,0.6931471805599453,68.3735171,Unknown,Available,Unknown
54673,,2006-02-23,Male,6,guangzhou,guangdong,CN,44,2014-03-31,64,50494,26584,30985,81662,2014-03-27,5,11,61,3,0.754111215,55752,7,10.928686499533763,10.829629600460658,10.188102425938439,10.341290768556236,11.310356301891627,10.928686499533763,2.5135917978511264,4.127134385045092,1.3862943611198906,2.0794415416798357,75.41112150000001,Unknown,Available,Available
44682,2006-11-01,,Male,5,changchun,jilin,CN,53,2014-03-31,42,57394,22896,31061,45445,,24,15,109,7,1.355081527,62354,8,11.040599140354848,10.957712470499597,10.038761176593697,10.343740486129956,10.724280086931744,11.040599140354848,2.831777593859997,4.700480365792417,2.0794415416798357,2.1972245773362196,135.5081527,Available,Unknown,Unknown
49026,2009-08-01,2009-08-21,Male,6,wuhan,hubei,CN,39,2014-03-31,71,57546,14288,43664,79337,2014-03-25,7,10,68,0,0.776073711,84904,5,11.349288263380402,10.960357284207447,9.56724528946897,10.684302144847834,11.281472485784878,11.349288263380402,2.4159137783010487,4.23410650459726,0.0,1.791759469228055,77.6073711,Available,Available,Available
35923,2006-11-07,2006-11-28,Male,4,wulumuqishi,xinjiang,CN,43,2014-03-31,34,46032,28251,21066,91793,,21,20,97,0,0.670704084,46032,0,10.73711380957344,10.73711380957344,10.248919530528813,9.95546311412647,11.427302214995434,10.73711380957344,3.089664093401988,4.584967478670572,0.0,0.0,67.0704084,Available,Available,Unknown
40837,,2011-06-29,Male,5,beijing,beijing,CN,56,2014-03-31,58,59458,28310,29166,65833,2014-03-26,6,12,90,7,0.935059924,61496,9,11.026743672116998,10.993042278381736,10.251005700689444,10.280793212183719,11.094891701186208,11.026743672116998,2.6149597782801006,4.51085950651685,2.0794415416798357,2.302585092994046,93.50599240000001,Unknown,Available,Available
40008,,,Male,5,dalian,liaoningsheng,CN,47,2014-03-31,75,52866,33918,28091,75269,2014-03-20,12,9,53,2,0.817348709,56625,5,10.944223522673548,10.875534604665138,10.431730608339187,10.24324011727891,11.228836928028578,10.944223522673548,2.3513752571634776,3.9889840465642745,1.0986122886681096,1.791759469228055,81.7348709,Unknown,Unknown,Available
11228,2005-07-06,2011-04-24,Male,6,shenzhen,guangdong,CN,56,2014-03-31,35,58953,19068,36863,54134,2014-03-31,1,21,111,2,1.136308789,61617,2,11.028709314629436,10.984512757777185,9.855819258834627,10.514990744055563,10.899236205744998,11.028709314629436,3.108272833192962,4.718498871295094,1.0986122886681096,1.0986122886681096,113.63087890000001,Available,Available,Available
39043,2012-05-11,,Male,4,KUALA LUMPUR,KUALA LUMPUR,MY,36,2014-03-31,28,56707,30703,24908,79765,2014-03-31,1,25,85,0,0.771087319,56707,0,10.945670573237523,10.945670573237523,10.33214821824748,10.122984462930141,11.28685262748344,10.945670573237523,3.2792389747626554,4.454347296253507,0.0,0.0,77.10873190000001,Available,Unknown,Available
1039,,,Male,4,guangzhou,guangdong,CN,35,2014-03-31,49,49108,19196,32294,89006,2014-03-29,3,14,86,3,0.690976788,50608,4,10.831884705071992,10.801797596374334,9.86250929580757,10.382667698466573,11.396470297306788,10.831884705071992,2.7541913568878638,4.465908118654584,1.3862943611198906,1.6094379124341003,69.0976788,Unknown,Unknown,Available
27666,,2006-02-27,Female,4,guangzhou,guangdong,CN,46,2014-03-31,10,33338,12971,11500,83564,2014-03-30,2,60,185,0,0.73567936,33338,0,10.414483161853756,10.414483161853756,9.470548467427209,9.350189267092581,11.333380051123026,10.414483161853756,3.861673167219153,5.225746673713202,0.0,0.0,73.567936,Unknown,Available,Available
5130,,2011-01-20,Male,5,guangzhou,guangdong,CN,34,2014-03-31,58,48239,30920,24823,90921,,32,11,93,1,0.676096501,54585,16,10.907532718597857,10.783943831401068,10.339190843704902,10.119566206128216,11.417757275084858,10.907532718597857,2.5222137021303883,4.543294782270004,0.6931471805599453,2.833213344056216,67.6096501,Unknown,Available,Unknown
11195,,2006-12-17,Male,4,guangzhou,guangdong,CN,43,2014-03-31,34,41306,16480,24379,102881,2014-03-15,17,20,100,4,0.597434026,41306,4,10.628787256112481,10.628787256112481,9.70996348123418,10.101518403035262,11.541337979406906,10.628787256112481,3.0757749813813735,4.61512051684126,1.6094379124341003,1.6094379124341003,59.743402599999996,Unknown,Available,Available
50899,,2011-10-13,Male,6,shanghai,shanghai,CN,46,2014-03-31,32,55898,15435,18841,42050,2014-03-22,10,22,195,1,1.46025874,57562,1,10.960635279170578,10.931301769895523,9.64445772265751,9.843843699608612,10.646638446331167,10.960635279170578,3.169956619993375,5.278114659230518,0.6931471805599453,0.6931471805599453,146.025874,Unknown,Available,Available
30924,,,Female,4,beijing,beijing,CN,55,2014-03-31,14,34667,12450,20943,86722,,57,38,137,0,0.70785314,34667,0,10.453572350254236,10.453572350254236,9.429556219952413,9.949607488149681,11.370474410171052,10.453572350254236,3.6869545256272804,4.927253685157205,0.0,0.0,70.785314,Unknown,Unknown,Unknown
62600,2007-09-07,,Female,5,shenyangshi,liaoningsheng,CN,57,2014-03-31,87,57597,21648,32230,71979,2014-03-21,11,8,38,0,0.852811931,65886,3,11.095696432441821,10.96124312385893,9.98271454298743,10.38068400132164,11.184143581633021,11.095696432441821,2.2202140956063725,3.6635616461296463,0.0,1.3862943611198906,85.2811931,Available,Unknown,Available
55437,,2009-11-17,Female,5,guangzhou,guangdong,CN,39,2014-03-31,54,59581,32077,23633,71954,2014-03-20,12,13,106,2,0.852759958,65171,27,11.084785207822845,10.995108794015383,10.375925715897324,10.07044163219896,11.183796202604274,11.084785207822845,2.6721948875934918,4.672828834461906,1.0986122886681096,3.332204510175204,85.2759958,Unknown,Available,Available
28281,,,Female,4,guangzhou,guangdong,CN,36,2014-03-31,20,38988,16163,14748,83302,2014-01-25,67,28,151,1,0.73654354,72854,36,11.196226443447955,10.571034834045788,9.690541826198364,9.598930562859502,11.330239841912194,11.196226443447955,3.3870628707806314,5.0238805208462765,0.6931471805599453,3.6109179126442243,73.654354,Unknown,Unknown,Available
56420,2005-10-02,2005-11-17,Male,4,JAKARTA,Unknown,ID,66,2014-03-31,34,58206,19150,19171,84253,2014-03-27,5,21,91,1,0.728149977,58706,2,10.980314249132315,10.97176090140117,9.860110212566559,9.861206160279522,11.341591324832383,10.980314249132315,3.1208954166550558,4.5217885770490405,0.6931471805599453,1.0986122886681096,72.81499769999999,Available,Available,Available
25040,,2012-09-26,Male,4,changchunshi,jilinsheng,CN,37,2014-03-31,30,54602,30681,19615,46508,,120,14,66,0,1.316232906,57752,3,10.963930575086735,10.907844105278517,10.33143144240472,9.884100838735938,10.747401121234471,10.963930575086735,2.768269060922105,4.204692619390966,0.0,1.3862943611198906,131.6232906,Unknown,Available,Unknown
2615,,2007-11-23,Male,5,tianjin,tianjin,CN,51,2014-03-31,36,55951,38901,16774,47888,,26,20,119,1,1.277978826,57897,2,10.966438120650151,10.932249459303158,10.568800942166638,9.727644961839882,10.77664111193259,10.966438120650151,3.044522437723423,4.787491742782046,0.6931471805599453,1.0986122886681096,127.79788260000001,Unknown,Available,Unknown
41149,,2011-03-19,Male,4,guangzhoushi,guangdong,CN,31,2014-03-31,46,56114,31355,22110,85335,2014-03-24,8,15,93,0,0.717079276,61059,5,11.019612266288869,10.935158435450356,10.353160915308612,10.003830501232155,11.35435168430532,11.019612266288869,2.8187298785028885,4.543294782270004,0.0,1.791759469228055,71.7079276,Unknown,Available,Available
3930,2011-09-09,,Male,5,zhengzhou,henan,CN,57,2014-03-31,53,58128,50837,8881,45414,2013-08-25,220,9,34,0,1.346975602,59672,2,10.996634935773171,10.970419957726163,10.83639938542652,9.091782035852047,10.723597725936314,10.996634935773171,2.3802581313407334,3.5553480614894135,0.0,1.0986122886681096,134.6975602,Available,Unknown,Available
60782,,,Male,5,CLICHY SOUS BOIS,FRANCE,FR,38,2014-03-31,15,43022,13300,16448,97250,2014-03-24,8,29,310,0,0.628571517,43022,0,10.669490135397321,10.669490135397321,9.495594499353297,9.708019964072157,11.485050544204174,10.669490135397321,3.413031839403276,5.675121665433755,0.0,0.0,62.8571517,Unknown,Unknown,Available
49806,2010-08-06,2010-08-15,Male,6,hangzhou,zhejiang,CN,49,2014-03-31,95,59063,28461,39272,76026,2014-03-26,6,7,70,0,0.803118801,68952,3,11.141180392064626,10.986376880739002,10.256325143243606,10.578292538848208,11.238843819335349,11.141180392064626,2.1598933309757666,4.2626798770413155,0.0,1.3862943611198906,80.3118801,Available,Available,Available
53946,,,Male,4,wulumuqishi,xinjiang,CN,47,2014-03-31,52,57531,25586,13149,75015,,49,12,129,1,0.813926148,58269,1,10.97284266013712,10.96009659372378,10.14983968898722,9.48417703760591,11.22545670309946,10.97284266013712,2.6120862128116893,4.867534450455582,0.6931471805599453,0.6931471805599453,81.39261479999999,Unknown,Unknown,Unknown
18096,2008-04-05,,Male,4,zhuhai,guangdong,CN,42,2014-03-31,64,45755,28739,20148,94526,2014-03-26,6,10,45,4,0.645575291,52114,9,10.861208094173422,10.731078209645563,10.266045159633016,9.910909938351766,11.456640786958994,10.861208094173422,2.4540109750721992,3.828641396489095,1.6094379124341003,2.302585092994046,64.5575291,Available,Unknown,Available
32801,,,Male,4,zhanjiang,guangdong,CN,37,2014-03-31,38,44656,18907,28312,85034,2014-03-27,5,17,57,0,0.717405391,44656,0,10.706766348932756,10.706766348932756,9.847340391913127,10.251076342113603,11.350818215426514,10.706766348932756,2.938732829489443,4.060443010546419,0.0,0.0,71.7405391,Unknown,Unknown,Available
47076,2004-12-02,,Male,4,foshanshi,guangdongsheng,CN,54,2014-03-31,51,58016,59627,0,67167,2012-12-27,461,5,28,5,0.908231721,58016,9,10.968491350030408,10.968491350030408,10.99588054139032,9.077809308899132,11.11495222262036,10.968491350030408,1.8500283773520307,3.367295829986474,1.791759469228055,2.302585092994046,90.82317210000001,Available,Unknown,Available
59143,,2011-08-21,Male,5,guangzhou,guangdong,CN,38,2014-03-31,48,62629,29218,41556,78489,2014-03-24,8,14,62,1,0.776952312,70963,4,11.16992798518054,11.044999675519458,10.282574461584227,10.634821257814647,11.270726507120859,11.16992798518054,2.7263219670317587,4.143134726391533,0.6931471805599453,1.6094379124341003,77.69523120000001,Unknown,Available,Available
44838,,2009-01-13,Male,5,shenyangshi,liaoning,CN,38,2014-03-31,65,60703,14042,28273,73962,2014-03-16,16,10,35,6,0.824283416,69022,21,11.142195061369517,11.013764872734741,9.54987932996818,10.249697933426978,11.211320247144625,11.142195061369517,2.475750274502014,3.58351893845611,1.9459101490553132,3.091042453358316,82.4283416,Unknown,Available,Available
13750,,2010-03-22,Male,4,Unknown,Unknown,HK,62,2014-03-31,23,58774,31709,21119,41859,2013-12-30,93,28,122,1,1.45569101,60707,2,11.013830764079936,10.981471873408271,10.364387367532393,9.957975737820197,10.642085995999992,11.013830764079936,3.37665627265287,4.812184355372417,0.6931471805599453,1.0986122886681096,145.569101,Unknown,Available,Available
19023,2006-11-05,2006-11-28,Male,4,beijing,beijing,CN,41,2014-03-31,55,56529,32319,24462,72751,2014-03-27,5,13,98,2,0.837370483,58296,6,10.97330591303859,10.942526749669337,10.383441512635033,10.104917050943584,11.194811676064791,10.97330591303859,2.649583742733136,4.59511985013459,1.0986122886681096,1.9459101490553132,83.73704830000001,Available,Available,Available
39672,,2007-10-19,Male,4,beijing,beijing,CN,38,2014-03-31,58,62392,24185,32442,64594,2014-03-25,7,12,75,5,0.943011116,65558,9,11.090705779538261,11.04120836857775,10.09352923234522,10.387239982375185,11.075892287394401,11.090705779538261,2.592895287655246,4.330733340286331,1.791759469228055,2.302585092994046,94.3011116,Unknown,Available,Available
8353,,2011-06-15,Male,6,wulumuqi,xinjiang,CN,55,2014-03-31,31,52698,18477,31325,75610,2014-03-17,15,23,98,0,0.805359344,56394,1,10.940135781074018,10.872351759017352,9.824336114230691,10.352203702638608,11.233357054228645,10.940135781074018,3.1849742733304502,4.59511985013459,0.0,0.6931471805599453,80.5359344,Unknown,Available,Available
42229,2012-02-06,2012-02-28,Male,5,guangzhoushi,guangdongsheng,CN,31,2014-03-31,78,50618,19124,29984,80959,2014-03-22,10,8,52,1,0.751913932,55601,7,10.925974450814746,10.832082278866448,9.858751658694736,10.30845253560261,11.301710484521292,10.925974450814746,2.2842359543073307,3.970291913552122,0.6931471805599453,2.0794415416798357,75.19139320000001,Available,Available,Available
635,,2006-04-13,Male,5,beijing,beijing,CN,61,2014-03-31,54,57789,23937,34081,67130,2014-03-29,3,13,97,2,0.906626843,61087,2,11.020070726525475,10.964571029311823,10.083222433433315,10.436524664667338,11.114401213291382,11.020070726525475,2.681279959701688,4.584967478670572,1.0986122886681096,1.0986122886681096,90.6626843,Unknown,Available,Available
8505,,2006-06-27,Male,5,shenyang,liaoning,CN,48,2014-03-31,58,57488,17790,36909,64240,2014-03-20,12,11,61,0,0.947089664,61520,2,11.027133858923879,10.959348904136604,9.786447990434775,10.516237796024043,11.07039691512464,11.027133858923879,2.5608925566846215,4.127134385045092,0.0,1.0986122886681096,94.70896640000001,Unknown,Available,Available
21205,,2010-05-24,Male,4,zhongqing,zhongqing,CN,54,2014-03-31,37,48450,22932,23403,84950,2014-03-14,18,19,63,0,0.716192584,48450,0,10.788308256940795,10.788308256940795,10.040332200263972,10.060662226908127,11.349829898661163,10.788308256940795,3.0204248861443626,4.1588830833596715,0.0,0.0,71.61925839999999,Unknown,Available,Available
32208,,2011-06-13,Male,5,beijing,beijing,CN,36,2014-03-31,43,57288,26750,26317,79376,2014-03-29,3,17,82,0,0.766335668,58718,0,10.980518633170634,10.955863912197044,10.19432713480299,10.178008394710085,11.281963932727951,10.980518633170634,2.906120115098679,4.418840607796598,0.0,0.0,76.6335668,Unknown,Available,Available
12569,,2009-01-21,Male,5,haerbin,heilongjiang,CN,68,2014-03-31,57,53038,26311,26440,87540,2014-03-29,3,12,60,4,0.694763651,55444,4,10.923146817387316,10.878782770986687,10.177780387868893,10.18267111473301,11.379862534028966,10.923146817387316,2.633942229051052,4.110873864173311,1.6094379124341003,1.6094379124341003,69.47636510000001,Unknown,Available,Available
22276,,2013-04-18,Male,5,shenzhen,guangdong,CN,41,2014-03-31,62,49224,0,55297,91011,2014-03-30,2,5,65,4,0.667879817,59835,5,10.999362765494352,10.804156903507327,8.856572917341328,10.920492020491126,11.418746644937018,10.999362765494352,1.9003933102063406,4.189654742026425,1.6094379124341003,1.791759469228055,66.7879817,Unknown,Available,Available
54611,,2006-03-14,Male,5,beijing,beijing,CN,40,2014-03-31,59,50135,25569,28376,84795,,23,12,61,0,0.716748865,53317,1,10.884029264211806,10.822494591904512,10.149175068285233,10.25333423688128,11.348003650856143,10.884029264211806,2.57943282309711,4.127134385045092,0.0,0.6931471805599453,71.6748865,Unknown,Available,Unknown
10223,,2007-12-21,Male,4,guangzhou,guangdong,CN,52,2014-03-31,10,61421,16820,6900,103500,,88,63,159,3,0.586999807,65695,5,11.09279331981866,11.025523356147826,9.730383384791782,9.077809308899132,11.547336553476635,11.09279331981866,3.861673167219153,5.075173815233827,1.3862943611198906,1.791759469228055,58.6999807,Unknown,Available,Unknown
46087,,2013-04-24,Male,6,.,tianjin,CN,47,2014-03-31,36,55562,0,54060,68760,,22,9,21,0,0.883333333,59642,1,10.996132069424446,10.925272791090912,8.856572917341328,10.897868317624576,11.138392002730184,10.996132069424446,2.3195826693204817,3.091042453358316,0.0,0.6931471805599453,88.3333333,Unknown,Available,Unknown
3722,2009-02-12,2009-02-13,Male,5,shenyang,liaoning,CN,41,2014-03-31,58,57692,1377,5530,74908,,32,11,78,3,0.810649463,62646,7,11.04527107410187,10.962891127978956,8.856572917341328,9.077809308899132,11.224029322500268,11.04527107410187,2.5444987473621468,4.3694478524670215,1.3862943611198906,2.0794415416798357,81.0649463,Available,Available,Unknown
722,,2006-07-31,Male,4,guangzhou,guangdong,CN,42,2014-03-31,45,55225,25337,37880,78758,2014-03-27,5,15,96,5,0.770872165,59035,7,10.985902706301667,10.919189135865434,10.140060524162,10.54220494610679,11.27414783587205,10.985902706301667,2.8318755513751985,4.574710978503383,1.791759469228055,2.0794415416798357,77.0872165,Unknown,Available,Available
60228,,2011-12-19,Male,5,xiangtan,hunan,CN,47,2014-03-31,81,57341,22675,31509,73941,2014-03-24,8,8,51,1,0.820894497,61943,2,11.03398603006656,10.956788618494235,10.029062375444195,10.35806023475132,11.211036281083421,11.03398603006656,2.2900063107871858,3.9512437185814275,0.6931471805599453,1.0986122886681096,82.08944969999999,Unknown,Available,Available
27720,,2010-10-13,Male,6,shenyangshi,liaoning,CN,46,2014-03-31,60,48134,28456,19006,88186,2014-03-21,11,12,48,2,0.688250629,54725,9,10.910094195408213,10.781764842212066,10.2561494549844,9.852562611350837,11.387214838841322,10.910094195408213,2.5766150760584274,3.8918202981106265,1.0986122886681096,2.302585092994046,68.8250629,Unknown,Available,Available
41083,,2011-01-17,Male,5,guangzhou,guangdong,CN,32,2014-03-31,62,57016,36915,22969,72630,2014-03-29,3,11,88,2,0.835425306,58748,5,10.981029410584947,10.95110474796434,10.516400340385466,10.041944295683145,11.193147106920685,10.981029410584947,2.540698009403496,4.48863636973214,1.0986122886681096,1.791759469228055,83.54253059999999,Unknown,Available,Available
38196,2005-06-05,,Male,5,shenzhenshi,shenzhenshi,CN,37,2014-03-31,26,55683,22195,22844,44816,,24,27,76,17,1.353867369,193107,46,12.171004896869674,10.927448131508458,10.007667371445791,10.036487553997372,10.710342810710427,12.171004896869674,3.342154841028372,4.343805421853684,2.8903717578961645,3.8501476017100584,135.38673690000002,Available,Unknown,Unknown
51446,,2012-05-31,Male,6,dongguan,guangdong,CN,48,2014-03-31,28,56691,17315,39448,42440,2014-03-13,19,24,85,0,1.4296336,58290,1,10.973202986493744,10.945388386286796,9.759386208561871,10.582763977410282,10.655870155127044,10.973202986493744,3.2247842616280047,4.454347296253507,0.0,0.6931471805599453,142.96336,Unknown,Available,Available
20424,2005-10-03,,Male,5,shenzhen,guangdong,CN,40,2014-03-31,56,54758,11401,40282,86835,2014-03-25,7,12,101,5,0.698594461,59466,7,10.993176815825393,10.910697017730893,9.341544057591527,10.603684822708555,11.371776561208646,10.993176815825393,2.61140579841826,4.624972813284271,1.791759469228055,2.0794415416798357,69.8594461,Available,Unknown,Available
13196,2006-01-12,,Male,6,zengcheng,guangdong,CN,51,2014-03-31,75,49333,15823,41654,79162,2014-03-21,11,9,48,0,0.765996564,55078,1,10.916523797267468,10.80636877750035,9.669283053862493,10.63717668840901,11.279264296926641,10.916523797267468,2.3628916992606603,3.8918202981106265,0.0,0.6931471805599453,76.5996564,Available,Unknown,Available
15974,,,Male,5,shanghai,shanghai,CN,41,2014-03-31,7,72032,17550,27700,58856,,86,65,196,0,1.03,92188,2,11.431596096570342,11.184879626328886,9.77286620732769,10.229223792606835,10.982866052088939,11.431596096570342,3.861673167219153,5.2832037287379885,0.0,1.0986122886681096,103.0,Unknown,Unknown,Unknown
25999,,2011-01-30,Male,4,xiaoshan,hangzhou,CN,37,2014-03-31,74,52164,28865,27614,76240,2014-01-30,62,9,61,2,0.795091028,64334,7,11.07185908561909,10.86216705090207,10.27041971092751,10.226114382335288,11.241654654716355,11.07185908561909,2.3148384797768067,4.127134385045092,1.0986122886681096,2.0794415416798357,79.5091028,Unknown,Available,Available
62548,,2006-04-28,Male,4,shanghaishi,.,CN,47,2014-03-31,45,53720,7611,9798,72869,2014-03-25,7,16,46,1,0.831767281,53720,1,10.891559265504869,10.891559265504869,8.93748122841604,9.190035618635818,11.196432310664328,10.891559265504869,2.849128799204221,3.8501476017100584,0.6931471805599453,0.6931471805599453,83.17672809999999,Unknown,Available,Available
2656,2007-08-08,,Female,5,guangzhou,guangdong,CN,45,2014-03-31,47,54227,21398,31396,81560,2014-03-21,11,15,92,1,0.742864272,55890,1,10.931158644392102,10.90095265919928,9.971099470946148,10.3544676259307,11.309106485525438,10.931158644392102,2.784742821648854,4.532599493153256,0.6931471805599453,0.6931471805599453,74.2864272,Available,Unknown,Available
32501,,2011-05-23,Male,5,changsha,hunan,CN,53,2014-03-31,53,54417,30632,20697,70743,2014-03-28,4,13,71,3,0.856389749,56476,4,10.941588754609102,10.904450260467481,10.329833138223648,9.937792356228119,11.166823006255571,10.941588754609102,2.655406467562734,4.276666119016055,1.3862943611198906,1.6094379124341003,85.6389749,Unknown,Available,Available
14981,2013-03-09,,Female,4,Unknown,Unknown,US,43,2014-03-31,8,13956,6720,14257,86723,,23,52,208,0,0.698258824,13956,0,9.543736453508645,10.063935035148042,8.856572917341328,9.565073431677574,11.370485941070982,10.025228140736495,3.861673167219153,5.342334251964811,0.0,0.0,69.8258824,Available,Unknown,Unknown
22422,2010-01-03,,Male,6,guangzhou,guangdong,CN,37,2014-03-31,67,54342,24795,35329,73170,2014-03-30,2,10,35,3,0.827588903,77354,20,11.25616049515317,10.903071089406382,10.11843762882181,10.472487740353191,11.20055444658802,11.25616049515317,2.4619171317958597,3.58351893845611,1.3862943611198906,3.044522437723423,82.7588903,Available,Unknown,Available
36857,2006-09-12,2006-11-28,Male,5,guangzhou,guangdong,CN,56,2014-03-31,77,48868,28173,29438,88662,2014-03-27,5,9,55,5,0.682154474,51548,9,10.850288090614855,10.79689852760344,10.246154845820252,10.290075604874604,11.392597944857194,10.850288090614855,2.3501213384787896,4.02535169073515,1.791759469228055,2.302585092994046,68.2154474,Available,Available,Available
11017,,,Male,6,guangzhou,guangdong,CN,49,2014-03-31,68,53072,22864,36260,82504,2014-03-31,1,10,69,4,0.733065548,55549,7,10.925038795067776,10.879423603336724,10.037362636092155,10.498498062527567,11.320614176546906,10.925038795067776,2.4481704100398005,4.248495242049359,1.6094379124341003,2.0794415416798357,73.3065548,Unknown,Unknown,Available
50058,,2011-04-24,Male,5,beijing,beijing,CN,34,2014-03-31,57,57101,33306,21635,66811,2014-03-17,15,12,51,2,0.904841119,59092,5,10.986867753062814,10.952594421300399,10.413522864087675,9.982113872991318,11.109637984109838,10.986867753062814,2.6223366826206576,3.9512437185814275,1.0986122886681096,1.791759469228055,90.4841119,Unknown,Available,Available
21139,,,Male,6,changsha,hunan,CN,44,2014-03-31,40,60391,16974,37879,51323,2014-03-28,4,18,87,0,1.176348031,98920,5,11.50207683076339,11.00861192481946,9.739496952426897,10.542178547300015,10.845913758014909,11.50207683076339,2.9710717115874927,4.477336814478207,0.0,1.791759469228055,117.63480310000001,Unknown,Unknown,Available
8395,2011-08-10,2011-09-30,Male,4,guangzhou,guangdong,CN,42,2014-03-31,45,49151,16880,27236,83981,2014-02-21,40,15,67,1,0.718592062,53552,3,10.888427096715661,10.802672816507345,9.733944008101389,10.212331622039867,11.3383577691487,10.888427096715661,2.783888277381355,4.219507705176107,0.6931471805599453,1.3862943611198906,71.8592062,Available,Available,Available
62543,,2006-06-13,Female,5,shenyang,liaoning,CN,41,2014-03-31,62,53610,9366,20319,79286,2014-03-16,16,11,74,1,0.761092374,57808,6,10.964899751881587,10.88950954988395,9.14494815320913,9.919360901692418,11.280829459757992,10.964899751881587,2.5419891649606807,4.31748811353631,0.6931471805599453,1.9459101490553132,76.1092374,Unknown,Available,Available
13566,2010-06-03,,Male,5,changsha,hunan,CN,49,2014-03-31,57,57633,33599,19122,71068,2014-03-19,13,12,63,0,0.848845753,58018,0,10.968525822090808,10.961867950316359,10.422281345951296,9.858647078062974,11.171406515087362,10.968525822090808,2.6223366826206576,4.1588830833596715,0.0,0.0,84.8845753,Available,Unknown,Available
23032,2010-11-10,,Male,4,guangzhou,guangdong,CN,35,2014-03-31,57,49764,17602,29351,88302,2014-02-27,34,12,94,5,0.682957351,121584,41,11.708368885642159,10.815067204680163,9.775824621045972,10.287115966035119,11.388529361099849,11.708368885642159,2.5745188084776873,4.553876891600541,1.791759469228055,3.7376696182833684,68.2957351,Available,Unknown,Available
19199,,2009-12-15,Male,4,guangzhou,guangdong,CN,33,2014-03-31,77,49666,38960,17909,94463,2014-03-22,10,9,51,4,0.638324741,79732,140,11.286438831779758,10.813096007646362,10.5703164247782,9.793114495054757,11.45597408852009,11.286438831779758,2.346350120955767,3.9512437185814275,1.6094379124341003,4.764454960651678,63.832474100000006,Unknown,Available,Available
43339,,,Male,5,wulumuqi,xinjiang,CN,52,2014-03-31,28,54365,7947,40782,72750,2014-03-30,2,16,67,1,0.828830653,63999,4,11.06663836234181,10.903494237450115,8.980675603671708,10.61602060689591,11.194797930643736,11.06663836234181,2.833213344056216,4.219507705176107,0.6931471805599453,1.6094379124341003,82.8830653,Unknown,Unknown,Available
45734,2006-06-02,2006-06-28,Male,5,shenzhenshi,guangdong,CN,39,2014-03-31,40,53492,28790,22002,83080,2014-03-20,12,18,89,2,0.7255,53492,5,10.887306083202157,10.887306083202157,10.267818117285737,9.99893408668014,11.327571314508846,10.887306083202157,2.960503581789769,4.499809670330265,1.0986122886681096,1.791759469228055,72.55,Available,Available,Available
4759,,2010-10-18,Female,4,ARCIDA,CA,US,19,2014-03-31,7,66692,23309,6300,62499,,356,46,169,0,0.964329669,66692,0,11.107855278870101,11.107855278870101,10.056637732029802,9.077809308899132,11.042921835724492,11.107855278870101,3.8536874284858538,5.135798437050262,0.0,0.0,96.4329669,Unknown,Available,Unknown
47201,2005-04-05,2005-04-28,Male,5,guangzhou,guangdong,CN,58,2014-03-31,61,54386,31047,25310,85126,2014-03-27,5,12,68,4,0.70780913,62807,29,11.047837732878092,10.903880433697777,10.343289673048742,10.138994362833737,11.351899538036314,11.047837732878092,2.5687881337687024,4.23410650459726,1.6094379124341003,3.4011973816621555,70.780913,Available,Available,Available
45744,2006-06-08,,Male,6,guangzhou,guangdong,CN,35,2014-03-31,50,61457,20964,35581,71439,2014-03-25,7,14,132,1,0.843246266,68307,24,11.13178216900713,11.02610929366459,9.950609659604863,10.47959517099472,11.17661321555038,11.13178216900713,2.736221078161499,4.890349128221754,0.6931471805599453,3.2188758248682006,84.3246266,Available,Unknown,Available
10176,2007-06-05,,Female,5,guangzhou,guangdong,CN,40,2014-03-31,41,64640,26420,26928,74057,2014-03-29,3,16,61,4,0.813431276,67343,8,11.117569091010353,11.076604163372343,10.181914427473568,10.200959051807608,11.212603848971984,11.117569091010353,2.8664774376967284,4.127134385045092,1.6094379124341003,2.1972245773362196,81.3431276,Available,Unknown,Available
17213,,,Male,4,shenzhen,guangdong,CN,38,2014-03-31,28,57112,38077,13126,45672,,53,24,140,0,1.318700298,58000,1,10.968215530759236,10.952787040484113,10.547391966517623,9.482426456803408,10.729262592657507,10.968215530759236,3.2203562101569783,4.948759890378168,0.0,0.6931471805599453,131.8700298,Unknown,Unknown,Unknown
23991,2012-12-06,,Male,5,sheshuishi,fushanxian,JP,41,2014-03-31,41,41177,16647,67802,79948,2014-03-31,1,12,51,0,0.752799695,48563,3,10.790637794663866,10.62565941213669,9.720045368073471,11.124361720737193,11.28914421036649,10.790637794663866,2.5668705876394307,3.9512437185814275,0.0,1.3862943611198906,75.27996949999999,Available,Unknown,Available
27322,2011-07-09,2011-07-24,Female,5,guangzhou,guangdong,CN,28,2014-03-31,57,52837,20383,30156,81750,2014-03-31,1,12,72,4,0.735845138,64130,36,11.068683145347391,10.874985907806378,9.92250555837189,10.314172347678452,11.311433321100587,11.068683145347391,2.6171351105278045,4.290459441148391,1.6094379124341003,3.6109179126442243,73.5845138,Available,Available,Available
62478,2005-09-09,,Male,6,shenyang,liaoning,CN,51,2014-03-31,40,54205,26250,29538,43971,2014-03-26,6,18,73,2,1.367751473,56343,3,10.939231036425246,10.900546882407832,10.17545936253226,10.293466703108844,10.691308346698754,10.939231036425246,2.9538413318715686,4.304065093204169,1.0986122886681096,1.3862943611198906,136.7751473,Available,Unknown,Available
20146,,2004-12-19,Female,4,guangzhoushi,guangdong,CN,45,2014-03-31,50,58506,27990,30194,63915,2013-12-21,102,12,48,1,0.940822029,63053,7,11.051746781093652,10.976901684181144,10.239638308916676,10.315431626742,11.065325000259278,11.051746781093652,2.5897568309973513,3.8918202981106265,0.6931471805599453,2.0794415416798357,94.0822029,Unknown,Available,Available
29795,,2008-03-14,Male,4,CABRAMATTA,N.S.W,AU,62,2014-03-31,11,59445,27068,24000,70903,,121,55,181,0,0.847978647,59445,0,10.992823616423841,10.992823616423841,10.20614444066261,10.085850775128717,11.169082128418234,10.992823616423841,3.861673167219153,5.204006687076795,0.0,0.0,84.7978647,Unknown,Available,Unknown
10826,2012-11-08,2012-11-28,Male,4,guangzhou,guangdong,CN,44,2014-03-31,11,61838,7346,22316,74784,2014-02-27,34,45,84,4,0.803704536,63261,4,11.055040111914732,11.032289512367296,8.902047345620277,10.013103998859451,11.222372609093426,11.055040111914732,3.8416005411316,4.442651256490317,1.6094379124341003,1.6094379124341003,80.3704536,Available,Available,Available
16938,,,Male,5,dalian,liaoning,CN,56,2014-03-31,45,48573,40071,29705,75360,2014-03-22,10,15,78,2,0.797246285,50005,2,10.819898277210859,10.790843687312167,10.598433115037453,10.299104324589479,11.23004517880127,10.819898277210859,2.8156808650224665,4.3694478524670215,1.0986122886681096,1.0986122886681096,79.72462850000001,Unknown,Unknown,Available
26962,,,Male,4,wulumuqi,xinjiang,CN,56,2014-03-31,32,46312,25699,22333,92386,,50,21,81,1,0.650243543,47812,2,10.775052848030551,10.743177978201487,10.154246270883311,10.013865460005738,11.433741555090945,10.775052848030551,3.1185206827348932,4.406719247264253,0.6931471805599453,1.0986122886681096,65.0243543,Unknown,Unknown,Unknown
56928,,2007-12-14,Male,4,guangzhou,guangdong,CN,43,2014-03-31,55,47810,23098,30728,91409,2014-03-20,12,13,52,2,0.657085407,50194,4,10.823670699125627,10.775011017527744,10.047544605529554,10.332962113104644,11.423110160647864,10.823670699125627,2.6587043271546973,3.970291913552122,1.0986122886681096,1.6094379124341003,65.7085407,Unknown,Available,Available
38632,,2008-03-14,Male,4,guangzhou,guangdong,CN,33,2014-03-31,62,49512,25329,30729,79377,2014-02-24,37,11,71,3,0.756558701,57175,20,10.953889508899815,10.809990540339168,10.13974474299572,10.33299465512453,11.28197653075636,10.953889508899815,2.5078651189700762,4.276666119016055,1.3862943611198906,3.044522437723423,75.6558701,Unknown,Available,Available
49524,,,Male,5,guiyang,guizhou,CN,57,2014-03-31,38,55494,18998,35164,54418,2014-02-25,36,18,149,0,1.103523099,57769,0,10.96422488877531,10.92404820558608,9.85214162518454,10.467806548742118,10.904468636571197,10.96422488877531,2.982126621511911,5.0106352940962555,0.0,0.0,110.3523099,Unknown,Unknown,Available
10968,2004-11-01,,Male,5,fanyu,guangdong,CN,56,2014-03-31,33,55944,27722,31145,41717,2014-02-27,34,20,68,1,1.439426133,116409,35,11.664873721242287,10.93212434424182,10.23001767255615,10.346441105055284,10.638687969327073,11.664873721242287,3.0896209890109385,4.23410650459726,0.6931471805599453,3.58351893845611,143.9426133,Available,Unknown,Available
29460,,2007-07-26,Male,5,guangzhou,guangdong,CN,46,2014-03-31,44,59509,21771,31000,77388,2014-03-27,5,16,61,1,0.775820541,65192,14,11.085107380187846,10.993899644638898,9.988380019554091,10.34177474101152,11.256599930614927,11.085107380187846,2.87736767344678,4.127134385045092,0.6931471805599453,2.70805020110221,77.5820541,Unknown,Available,Available
5474,2012-04-01,2012-05-13,Male,5,beijingshi,beijing,CN,31,2014-03-31,75,54851,9112,36166,75387,2014-03-20,12,9,67,2,0.796333055,67820,7,11.124627160483929,10.912393928119744,9.117457244496126,10.495902379841931,11.230403390136518,11.124627160483929,2.3173405585945854,4.219507705176107,1.0986122886681096,2.0794415416798357,79.63330549999999,Available,Available,Available
30761,,2011-04-18,Male,6,chenghai,guangdong,CN,53,2014-03-31,80,67943,48261,46786,46786,2014-03-27,5,9,50,0,1.28204356,74366,4,11.216767574037403,11.126439115459846,10.784399780508467,10.753360665540567,10.753360665540567,11.216767574037403,2.321394424978871,3.9318256327243257,0.0,1.6094379124341003,128.204356,Unknown,Available,Available
15490,2012-01-12,,Male,4,zhongqing,zhongqing,CN,29,2014-03-31,31,41635,19323,21746,84213,2014-03-18,14,23,73,3,0.712216641,41635,3,10.63672045663536,10.63672045663536,9.869103125674297,9.987231095968987,11.341116457192811,10.63672045663536,3.193216078224422,4.304065093204169,1.3862943611198906,1.3862943611198906,71.2216641,Available,Unknown,Available
57211,2008-04-05,,Female,6,guangzhou,guangdong,CN,32,2014-03-31,55,42944,21838,23931,95097,,22,13,66,5,0.630205895,125219,58,11.737827469299301,10.667675506200325,9.991452641264772,10.082971754509922,11.462663217818122,11.737827469299301,2.6469625090436315,4.204692619390966,1.791759469228055,4.07753744390572,63.0205895,Available,Unknown,Unknown
50658,,2011-08-26,Male,5,nanyang,henan,CN,47,2014-03-31,54,54833,24827,24248,70492,2014-03-23,9,13,41,2,0.849685071,59215,3,10.988947054625937,10.912065718500257,10.119727327533543,10.096130658401954,11.163268693090563,10.988947054625937,2.6786926367576283,3.7376696182833684,1.0986122886681096,1.3862943611198906,84.9685071,Unknown,Available,Available
47583,,2007-10-14,Male,4,TEMPLE,CA,US,38,2014-03-31,15,55213,9349,15742,78406,2013-09-26,188,36,149,2,0.763890008,55713,3,10.927986740832239,10.918971823296669,9.143131622282732,9.664151101014628,11.269668488067053,10.927986740832239,3.635704691664345,5.0106352940962555,1.0986122886681096,1.3862943611198906,76.38900079999999,Unknown,Available,Available
27688,2006-03-03,2006-06-23,Male,5,guangzhou,guangdong,CN,38,2014-03-31,69,47574,35414,21170,80779,2014-03-26,6,10,57,3,0.741118979,51216,6,10.843826787167423,10.77006269216435,10.474890738187723,9.96038759966894,11.299484689117405,10.843826787167423,2.452525240386226,4.060443010546419,1.3862943611198906,1.9459101490553132,74.1118979,Available,Available,Available
4401,,2011-06-18,Female,4,shishi,fujian,CN,37,2014-03-31,18,50855,14968,18665,76005,2014-02-20,41,38,302,0,0.786949543,50855,0,10.836753388616245,10.836753388616245,9.613736674915236,9.834458966125691,11.238567563520709,10.836753388616245,3.677044996347886,5.675121665433755,0.0,0.0,78.69495429999999,Unknown,Available,Available
59670,,2012-01-15,Male,4,CHANDLER,AZ,US,56,2014-03-31,10,41221,11350,10816,88788,,53,64,157,0,0.67362121,41221,0,10.626727373403243,10.626727373403243,9.337061124755339,9.28887424963029,11.394018047433386,10.626727373403243,3.861673167219153,5.062595033026967,0.0,0.0,67.362121,Unknown,Available,Unknown
23899,2011-09-04,,Male,4,guangzhou,guangdong,CN,30,2014-03-31,62,42915,34585,19163,96120,2014-03-26,6,11,59,1,0.62216469,44534,2,10.70403067586597,10.666999995756637,10.451204254885868,9.860788798003012,11.473363093458376,10.70403067586597,2.53940518460816,4.0943445622221,0.6931471805599453,1.0986122886681096,62.216469,Available,Unknown,Available
6538,,2012-06-22,Male,6,guangzhou,guangdong,CN,43,2014-03-31,48,42510,22700,30863,90522,2014-03-28,4,13,53,0,0.660571242,45396,0,10.723201302550953,10.657518144952888,10.030164255362632,10.33734573514551,11.4133592410454,10.723201302550953,2.6894383542255302,3.9889840465642745,0.0,0.0,66.05712419999999,Unknown,Available,Available
45060,,,Male,4,guangzhou,guangdong,CN,34,2014-03-31,9,50586,16950,10300,74714,2014-01-23,69,75,193,0,0.799971357,57100,22,10.9525769086256,10.831449905270684,9.738082108118487,9.239996256883693,11.221436154175493,10.9525769086256,3.861673167219153,5.267858159063328,0.0,3.1354942159291497,79.9971357,Unknown,Unknown,Available
38009,,2005-03-22,Male,4,shanghai,shanghai,CN,47,2014-03-31,63,51866,36952,17498,84674,2014-02-20,41,10,57,2,0.705565817,62751,13,11.046945728996073,10.856438028772885,10.51740211387893,9.769899015421748,11.346575677685973,11.046945728996073,2.4822148584996473,4.060443010546419,1.0986122886681096,2.639057329615259,70.5565817,Unknown,Available,Available
59395,2011-07-08,,Female,4,beijing,beijing,CN,40,2014-03-31,11,57365,41330,0,73370,,417,31,80,4,0.813636364,57365,6,10.957207072313501,10.957207072313501,10.629368102712709,9.077809308899132,11.20328404116402,10.957207072313501,3.4719664525503626,4.394449154672439,1.6094379124341003,1.9459101490553132,81.36363639999999,Available,Unknown,Unknown
29141,2005-04-01,,Male,6,fanyu,guangdong,CN,41,2014-03-31,61,47489,22895,31158,90278,,21,11,79,4,0.661176809,51018,4,10.839953391346915,10.768274441543168,10.038717501796231,10.346858407043523,11.410660154219704,10.839953391346915,2.540288795376773,4.382026634673881,1.6094379124341003,1.6094379124341003,66.1176809,Available,Unknown,Unknown
14855,2012-04-09,,Male,5,guangzhoushi,guangdong,CN,28,2014-03-31,55,68049,20919,37041,76308,,21,12,60,5,0.782083399,78068,18,11.265348330014753,11.127998008079611,9.94846091817886,10.519807682982748,11.242546165755408,11.265348330014753,2.606796467724906,4.110873864173311,1.791759469228055,2.9444389791664403,78.2083399,Available,Unknown,Unknown
15007,2012-08-11,2012-08-23,Male,4,AYAUTA-GUN,KAGAWA-KEN,JP,36,2014-03-31,29,52804,27384,37919,76647,2014-03-29,3,20,91,0,0.77862069,62764,8,11.047152872252308,10.874361162180575,10.217750697217822,10.543233956368958,11.24697879133071,11.047152872252308,3.0845277724678413,4.5217885770490405,0.0,2.1972245773362196,77.862069,Available,Available,Available
46060,,2007-05-27,Male,5,beijingshi,beijing,CN,38,2014-03-31,46,67337,16006,36822,76109,2014-03-28,4,16,108,3,0.784000841,99278,28,11.505689347305601,11.117479992244311,9.680781405546698,10.513877928925865,11.239934941261437,11.505689347305601,2.838428479800344,4.6913478822291435,1.3862943611198906,3.367295829986474,78.4000841,Unknown,Available,Available
5560,2012-02-09,,Male,6,beijing,beijing,CN,56,2014-03-31,21,61533,19414,30089,73122,2014-03-24,8,33,242,3,0.815881267,62621,4,11.044871933048107,11.027345146560275,9.873801242165767,10.311948169624092,11.199898233732778,11.044871933048107,3.535145354171894,5.493061443340548,1.3862943611198906,1.6094379124341003,81.5881267,Available,Unknown,Available
40738,,2010-03-23,Male,6,guangzhou,guangdong,CN,48,2014-03-31,61,45397,14431,39061,93107,2014-03-26,6,11,54,2,0.640218781,54561,7,10.907092948736992,10.723223330195648,9.577203242302405,10.572905406396837,11.44151538868195,10.907092948736992,2.498699972194309,4.007333185232471,1.0986122886681096,2.0794415416798357,64.0218781,Unknown,Available,Available
29664,2007-09-07,,Female,4,guangzhou,guangdong,CN,32,2014-03-31,30,53254,11928,24033,105909,2014-02-15,46,23,101,3,0.562647556,56714,28,10.945794004993143,10.882846975877266,9.386727689281946,10.087224773471245,11.570344955837715,10.945794004993143,3.2007820815097716,4.624972813284271,1.3862943611198906,3.367295829986474,56.26475560000001,Available,Unknown,Available
45867,2006-09-09,2006-09-19,Male,4,guangzhou,guangdong,CN,32,2014-03-31,43,47352,32999,14842,79095,,58,15,78,3,0.753221316,47752,5,10.77379717116046,10.765385454579738,10.404262840448617,9.605283652624765,11.278417583576969,10.77379717116046,2.830408292988158,4.3694478524670215,1.3862943611198906,1.791759469228055,75.32213159999999,Available,Available,Unknown
58729,2011-03-04,,Male,4,TEMPIE CITY,CA,US,36,2014-03-31,7,39544,8150,12400,85624,2013-09-21,193,48,99,0,0.695714286,39544,0,10.585194542953518,10.585194542953518,9.005895898094458,9.425532393502772,11.357732575564526,10.585194542953518,3.861673167219153,4.605170185988092,0.0,0.0,69.57142859999999,Available,Unknown,Available
624,2006-04-03,2006-06-20,Male,6,guangzhou,guangdong,CN,40,2014-03-31,81,45697,22516,36304,82484,2014-03-28,4,9,63,4,0.722041608,57779,28,10.964397974020226,10.72980981224849,10.02202585845966,10.499710751814348,11.320371737610024,10.964397974020226,2.307572634505085,4.1588830833596715,1.6094379124341003,3.367295829986474,72.2041608,Available,Available,Available
29370,2005-11-04,,Male,5,guangzhou,guangdong,CN,40,2014-03-31,31,57279,24230,27045,49504,2014-02-19,42,22,90,2,1.202572115,95271,32,11.464491237447831,10.955706801634527,10.095388084110406,10.205294399033304,10.809828953556615,11.464491237447831,3.164067588514051,4.51085950651685,1.0986122886681096,3.4965075614664802,120.2572115,Available,Unknown,Available
58018,,2009-07-13,Male,4,guangzhou,guangdong,CN,48,2014-03-31,56,60014,31872,23121,79405,2014-03-16,16,12,59,3,0.749712487,64594,6,11.075892287394401,11.002349809959446,10.369514535394131,10.048539824235267,11.282329211130834,11.075892287394401,2.615403138517901,4.0943445622221,1.3862943611198906,1.9459101490553132,74.9712487,Unknown,Available,Available
55330,,,Female,6,guangzhou,guangdong,CN,54,2014-03-31,44,49255,23304,34071,41743,,20,16,69,1,1.425675443,52238,2,10.863584621347492,10.804786466591047,10.05642320880684,10.43623121160305,10.63931100737651,10.863584621347492,2.8588730911167937,4.248495242049359,0.6931471805599453,1.0986122886681096,142.5675443,Unknown,Unknown,Unknown
1250,,2011-04-23,Male,6,xian,shanxi,CN,47,2014-03-31,30,56010,2175,41324,42562,2014-03-27,5,24,364,0,1.396327945,61606,1,11.028530779429126,10.933303378999149,8.856572917341328,10.629222922689225,10.658740610253117,11.028530779429126,3.2567693977602987,5.675121665433755,0.0,0.6931471805599453,139.6327945,Unknown,Available,Available
29919,2006-12-12,,Male,5,shenyang,liaoning,CN,44,2014-03-31,65,51183,22361,31117,73072,2014-03-30,2,11,83,1,0.813006213,54888,2,10.91306824312329,10.843182262189298,10.015118368707313,10.345541708874908,11.199214220463611,10.91306824312329,2.5106150064982073,4.430816798843313,0.6931471805599453,1.0986122886681096,81.3006213,Available,Unknown,Available
32521,2011-03-09,,Female,4,Unknown,Unknown,AU,40,2014-03-31,10,39739,22150,12600,75964,,57,73,368,0,0.781935522,39739,0,10.590113516105808,10.590113516105808,10.00563792118106,9.441531454869693,11.238027986877867,10.590113516105808,3.861673167219153,5.675121665433755,0.0,0.0,78.1935522,Available,Unknown,Unknown
42220,2011-12-04,2011-12-18,Female,4,guangzhou,guangdong,CN,37,2014-03-31,59,50736,27053,29774,84722,2014-03-14,18,12,71,2,0.700848186,56619,5,10.94411755866589,10.834410706454594,10.20559014764914,10.3014243942235,11.347142390413214,10.94411755866589,2.5846479589852325,4.276666119016055,1.0986122886681096,1.791759469228055,70.0848186,Available,Available,Available
26771,,2008-01-17,Male,6,changchun,jilin,CN,61,2014-03-31,35,53216,43766,10918,42697,2013-12-20,103,18,138,3,1.390304003,55840,7,10.930263645585358,10.88213317315705,10.686635387740004,9.298259670014065,10.66190735971227,10.930263645585358,2.953684037402516,4.9344739331306915,1.3862943611198906,2.0794415416798357,139.0304003,Unknown,Available,Available
56087,2004-11-05,,Male,5,guangzhou,Unknown,CN,36,2014-03-31,42,60908,28820,24978,65658,2014-03-25,7,17,110,5,0.903884675,84151,31,11.34037996641911,11.01713622603035,10.268859567077849,10.125790750852644,11.092229960967021,11.34037996641911,2.9249957223836787,4.709530201312334,1.791759469228055,3.4657359027997265,90.3884675,Available,Unknown,Available
49264,,2009-09-28,Male,4,shenzhen,guangdong,CN,44,2014-03-31,60,50293,26533,23768,81648,2014-03-17,15,11,50,5,0.72681964,54285,9,10.902021645791299,10.825641064678658,10.186182208476863,10.076137489633352,11.310184850926182,10.902021645791299,2.537188156566138,3.9318256327243257,1.791759469228055,2.302585092994046,72.681964,Unknown,Available,Available
35942,,2007-07-18,Male,4,xian,shanxi,CN,38,2014-03-31,47,54329,26095,20170,90546,2013-09-13,201,11,88,0,0.654768847,55686,0,10.927502005497212,10.902831839545568,10.169537324860794,9.912001208301334,11.413624331895797,10.927502005497212,2.506412855399035,4.48863636973214,0.0,0.0,65.4768847,Unknown,Available,Available
11478,,2007-10-13,Male,5,hangzhou,zhejiang,CN,45,2014-03-31,81,50762,21068,37364,78220,2014-03-29,3,9,49,2,0.757902455,102305,36,11.535723601246207,10.834923021736737,9.95555804482713,10.52848971636439,11.267293432681889,11.535723601246207,2.3038343123944776,3.912023005428146,1.0986122886681096,3.6109179126442243,75.7902455,Unknown,Available,Available
54720,2006-04-01,2006-05-17,Male,5,wuhan,hubei,CN,48,2014-03-31,62,53070,33874,19896,68784,2014-03-28,4,11,49,4,0.861806234,56546,5,10.942827429739166,10.87938591868191,10.430432558182002,9.898324245579248,11.138740976895097,10.942827429739166,2.5573543839137236,3.912023005428146,1.6094379124341003,1.791759469228055,86.1806234,Available,Available,Available
30475,,2009-12-13,Female,4,guangzhou,guangdong,CN,30,2014-03-31,45,54190,28824,21367,78301,2014-03-28,4,16,76,0,0.757046909,54190,0,10.900270121979117,10.900270121979117,10.268998345137259,9.969649754789797,11.268328424436847,10.900270121979117,2.8582971673446926,4.343805421853684,0.0,0.0,75.7046909,Unknown,Available,Available
60165,2012-01-06,,Male,5,guangzhou,guangdong,CN,41,2014-03-31,42,60057,31874,29836,60518,2014-02-15,46,14,67,0,0.97947718,71629,4,11.179269259608496,11.003066040949562,10.369577282460726,10.303504513070566,11.01071264430246,11.179269259608496,2.7353173276798914,4.219507705176107,0.0,1.6094379124341003,97.947718,Available,Unknown,Available
26999,,,Male,5,wulumuqi,xinjiang,CN,50,2014-03-31,42,54506,23000,25241,85269,2014-01-30,62,16,96,2,0.694923947,59287,5,10.990162203631195,10.90608441277055,10.043292972227004,10.136264552818576,11.353577971736096,10.990162203631195,2.8389358205870585,4.574710978503383,1.0986122886681096,1.791759469228055,69.4923947,Unknown,Unknown,Available
50952,,2012-09-22,Female,4,zhuhai,guangdong,CN,39,2014-03-31,7,60968,36334,24316,53692,2013-09-15,199,59,231,0,1.103162482,60968,0,11.018120817258417,11.018120817258417,10.500536743050736,10.09893097320806,10.891037918182654,11.018120817258417,3.861673167219153,5.44673737166631,0.0,0.0,110.31624820000002,Unknown,Available,Available
9976,2007-02-08,,Male,5,beijing,beijing,CN,41,2014-03-31,49,54875,31767,21459,72864,,25,14,64,3,0.812725077,58560,23,10.977824224992123,10.912831373446055,10.366214772811087,9.973946016184689,11.196363692967797,10.977824224992123,2.7502046406431946,4.174387269895637,1.3862943611198906,3.1780538303479458,81.27250769999999,Available,Unknown,Unknown
48605,,2010-05-21,Male,5,dalian,liaoning,CN,59,2014-03-31,64,41953,21623,35106,101898,2014-03-30,2,11,85,0,0.581049186,46310,1,10.74313479284995,10.644329058958736,9.981559087956283,10.46615581976983,11.531737405619975,10.74313479284995,2.5238220663430173,4.454347296253507,0.0,0.6931471805599453,58.1049186,Unknown,Available,Available
14486,,,Male,4,shanghai,shanghai,CN,41,2014-03-31,29,54610,14945,25243,41192,2014-03-25,7,25,138,4,1.437351185,58762,8,10.981267684124095,10.907990606643073,9.612198984490236,10.136343782704131,10.626023617989862,10.981267684124095,3.2757961149589394,4.9344739331306915,1.6094379124341003,2.1972245773362196,143.7351185,Unknown,Unknown,Available
48174,,2008-12-18,Female,6,fuzhou,fujian,CN,27,2014-03-31,27,58377,19915,42692,45867,2014-03-24,8,25,145,0,1.290050145,61408,2,11.025311683198025,10.974694385513637,9.899278707762074,10.66179025135177,10.733522985158196,11.025311683198025,3.2639962600016115,4.983606621708336,0.0,1.0986122886681096,129.0050145,Unknown,Available,Available
19071,2006-03-01,,Male,4,guangzhou,guangdong,CN,45,2014-03-31,33,51720,14774,31629,71908,,26,19,124,3,0.822704011,52520,4,10.868968368601042,10.853619167579001,9.6006918422743,10.361861316299695,11.183156709728118,10.868968368601042,3.040048157328502,4.8283137373023015,1.3862943611198906,1.6094379124341003,82.2704011,Available,Unknown,Unknown
2579,,2007-06-20,Female,5,foshan,guangdong,CN,48,2014-03-31,60,49861,28581,25785,83201,2014-03-15,17,11,55,2,0.710764534,52806,2,10.87439903666454,10.817014468587551,10.26053242804174,10.157586987970783,11.32902666498192,10.87439903666454,2.5531459419609264,4.02535169073515,1.0986122886681096,1.0986122886681096,71.07645339999999,Unknown,Available,Available
44660,,2006-10-20,Male,5,dalian,liaoning,CN,44,2014-03-31,71,51234,31226,15496,74124,2014-03-27,5,10,52,5,0.797750121,64922,11,11.080957231281733,10.844178171233818,10.349038384183578,9.648401735787335,11.213508136300026,11.080957231281733,2.4273279797115923,3.970291913552122,1.791759469228055,2.4849066497880004,79.7750121,Unknown,Available,Available
55008,,,Male,6,guangzhou,guangdong,CN,48,2014-03-31,45,47355,14941,38253,81578,2014-03-29,3,15,73,0,0.7247199,52456,4,10.867749065357904,10.765448806531527,9.611931318535747,10.55200340895048,11.30932715489007,10.867749065357904,2.8265064110148415,4.304065093204169,0.0,1.6094379124341003,72.47198999999999,Unknown,Unknown,Available
39920,,2011-07-25,Male,5,zhengzhou,henan,CN,46,2014-03-31,40,56626,25343,23745,64345,2014-03-18,14,18,120,0,0.918675888,57514,1,10.959801062330111,10.944241182249895,10.140297294614152,10.075169374225737,11.072030051030096,10.959801062330111,2.9538413318715686,4.795790545596741,0.0,0.6931471805599453,91.8675888,Unknown,Available,Available
58123,2009-03-09,,Male,5,dalian,liaoning,CN,46,2014-03-31,48,53542,19402,29034,78250,2014-03-21,11,15,57,0,0.755420703,56082,0,10.934588015284797,10.88824034837718,9.873182972271273,10.27625727780615,11.267676887873458,10.934588015284797,2.7844857560465024,4.060443010546419,0.0,0.0,75.54207029999999,Available,Unknown,Available
58190,,2009-06-27,Female,4,guangzhou,guangdong,CN,45,2014-03-31,68,53756,27683,27138,75428,2014-03-19,13,10,48,1,0.78270324,58084,5,10.969662733947576,10.892229170068525,10.228609907961754,10.208727086726242,11.230947095435125,10.969662733947576,2.4455864289506604,3.8918202981106265,0.6931471805599453,1.791759469228055,78.270324,Unknown,Available,Available
62481,2006-04-11,2006-04-14,Male,6,shenyangshi,liaoningsheng,CN,44,2014-03-31,91,55976,11092,38056,72913,2014-03-31,1,7,40,2,0.809087268,65014,2,11.08237329148542,10.93269617106536,9.314069557738659,10.54684031483226,11.197035943454429,11.08237329148542,2.1620450702278338,3.713572066704308,1.0986122886681096,1.0986122886681096,80.9087268,Available,Available,Available
2206,,2005-06-21,Female,4,Unknown,Unknown,CN,38,2014-03-31,30,48173,35233,10166,66574,2013-06-27,279,15,48,6,0.885915823,48173,7,10.782574735412739,10.782574735412739,10.469766804487085,9.226902460275161,11.106084410682133,10.782574735412739,2.8085714403271873,3.8918202981106265,1.9459101490553132,2.0794415416798357,88.5915823,Unknown,Available,Available
51020,,2011-12-22,Male,6,changsha,hunan,CN,47,2014-03-31,55,55200,22009,28252,72305,2014-03-28,4,13,56,2,0.815335316,58941,2,10.98430918852901,10.918736348043124,9.999252174520507,10.248954925626595,11.188662392255447,10.98430918852901,2.6677424777940657,4.04305126783455,1.0986122886681096,1.0986122886681096,81.5335316,Unknown,Available,Available
44638,,2006-04-16,Male,5,liaoyang,liaoning,CN,39,2014-03-31,61,47864,21719,28894,80829,2014-02-28,33,10,37,2,0.72922268,50377,3,10.82730985082563,10.776139827380453,9.985988774047872,10.271423848751878,11.30010346272789,10.82730985082563,2.468099531471619,3.6375861597263857,1.0986122886681096,1.3862943611198906,72.922268,Unknown,Available,Available
56605,,2006-01-22,Female,4,beijing,beijing,CN,41,2014-03-31,31,55032,19086,47759,52138,2014-01-24,68,21,124,4,1.12996375,62053,10,11.035760252696852,10.915688284286576,9.856762754029893,10.773943748066484,10.861668508170467,11.035760252696852,3.1149956942328796,4.8283137373023015,1.6094379124341003,2.3978952727983707,112.996375,Unknown,Available,Available
54731,,2007-04-25,Male,6,fanyu,guangdong,CN,39,2014-03-31,85,49343,22211,37083,76910,2014-03-30,2,8,55,4,0.765663893,85307,29,11.354023515717483,10.806571456923,10.008387962361498,10.520940888726873,11.250404188176947,11.354023515717483,2.2674512552967605,4.02535169073515,1.6094379124341003,3.4011973816621555,76.5663893,Unknown,Available,Available
743,2006-07-01,,Male,5,guangzhou,guangdong,CN,45,2014-03-31,76,52363,35329,29137,80079,,22,9,49,4,0.735177762,61015,16,11.018891403844075,10.86597461129999,10.472487740353191,10.279798443213942,11.290781413989102,11.018891403844075,2.334083760053417,3.912023005428146,1.6094379124341003,2.833213344056216,73.5177762,Available,Unknown,Unknown
19726,2011-09-01,,Male,5,shenyangshi,liaoning,CN,32,2014-03-31,65,49632,21131,26490,79988,2014-03-28,4,10,48,7,0.735672851,60209,18,11.005593730458493,10.812411214064717,9.958543758284206,10.184560331647974,11.289644404202027,11.005593730458493,2.4518129613580872,3.8918202981106265,2.0794415416798357,2.9444389791664403,73.5672851,Available,Unknown,Available
47937,,2007-11-22,Male,5,gaoyao,guangdong,CN,73,2014-03-31,68,43074,18497,24603,80245,2014-03-30,2,10,49,5,0.733140507,45510,5,10.725709333961985,10.67069806139613,9.825417897114205,10.110664310328259,11.292852195513237,10.725709333961985,2.4220251301759395,3.912023005428146,1.791759469228055,1.791759469228055,73.3140507,Unknown,Available,Available
60067,,2012-01-20,Male,6,guangzhou,guangdong,CN,31,2014-03-31,109,49616,32214,31913,83362,2014-03-13,19,6,23,2,0.705422615,56583,6,10.943481538715826,10.812088795925902,10.380187461572742,10.370800063970373,11.33095984482331,10.943481538715826,2.0247311094687475,3.1780538303479458,1.0986122886681096,1.9459101490553132,70.54226150000001,Unknown,Available,Available
35554,,2006-04-25,Male,6,shenyangshi,liaoning,CN,50,2014-03-31,90,55795,22887,38986,63771,2014-03-17,15,8,41,3,0.921863543,87394,34,11.378193351769188,10.929457461212126,10.038368034729945,10.570983536210546,11.063069501527256,11.378193351769188,2.19847223812814,3.7376696182833684,1.3862943611198906,3.5553480614894135,92.18635429999999,Unknown,Available,Available
18058,,2007-03-17,Male,5,dalian,liaoning,CN,48,2014-03-31,41,48904,25543,25691,83804,2014-03-23,9,17,89,4,0.701363897,51541,4,10.850152288265265,10.797634919724594,10.148157734394617,10.153934938377683,11.33624795056136,10.850152288265265,2.9231615807191558,4.499809670330265,1.6094379124341003,1.6094379124341003,70.1363897,Unknown,Available,Available
23884,2011-10-05,,Male,4,guangzhou,guangdong,CN,30,2014-03-31,67,41783,45261,11420,87169,,146,8,79,3,0.67426218,43974,5,10.691376569605758,10.640268770116135,10.720223107340692,9.343209045050607,11.375615514005622,10.691376569605758,2.276489982167648,4.382026634673881,1.3862943611198906,1.791759469228055,67.426218,Available,Unknown,Unknown
21057,2008-04-09,,Male,5,guangzhou,guangdong,CN,61,2014-03-31,57,47943,40540,16393,72377,,25,12,49,0,0.811419926,48796,0,10.795424114541712,10.777788942138022,10.610069086697326,9.704670693212975,11.189657664793438,10.795424114541712,2.6079667424399644,3.912023005428146,0.0,0.0,81.1419926,Available,Unknown,Unknown
31648,,2011-01-14,Male,4,IRVINE,CA,US,53,2014-03-31,7,39544,13850,7250,85624,,266,56,121,1,0.685714286,39544,1,10.585194542953518,10.585194542953518,9.536112711175099,9.077809308899132,11.357732575564526,10.585194542953518,3.861673167219153,4.804021044733257,0.6931471805599453,0.6931471805599453,68.57142859999999,Unknown,Available,Unknown
4228,,2009-09-16,Male,5,haikou,hainan,CN,45,2014-03-31,32,56047,30168,29103,46358,2014-03-23,9,19,58,2,1.266520342,59728,4,10.99757294358051,10.933963745437268,10.314570186094999,10.278630900757904,10.744170726901805,10.99757294358051,3.042985158619921,4.07753744390572,1.0986122886681096,1.6094379124341003,126.6520342,Unknown,Available,Available
35307,2012-01-04,2012-01-19,Male,4,wulumuqi,xinjiang,CN,42,2014-03-31,47,49665,20817,17891,87515,2014-01-30,62,14,99,0,0.670796435,52084,2,10.86063227841855,10.813075873350607,9.943573276075414,9.792108964552739,11.379576912772233,10.86063227841855,2.7238664902316576,4.605170185988092,0.0,1.0986122886681096,67.0796435,Available,Available,Available
56554,,2012-02-26,Male,5,Unknown,beijing,CN,51,2014-03-31,33,54370,34188,19284,50530,2014-02-23,38,19,124,0,1.161700178,73467,30,11.204605216248426,10.903586202466688,10.439659233887385,9.867082870642328,10.83034228831376,11.204605216248426,3.043033234171955,4.8283137373023015,0.0,3.4339872044851463,116.1700178,Unknown,Available,Available
57270,2010-08-12,,Male,5,KOBE,Unknown,JP,56,2014-03-31,49,51835,42674,37002,78353,,26,14,49,0,0.748831953,55342,1,10.921305462207695,10.855840167555305,10.661368547662642,10.51875426942055,11.268992299448461,10.921305462207695,2.7462019668526825,3.912023005428146,0.0,0.6931471805599453,74.88319530000001,Available,Unknown,Unknown
46906,2012-08-04,,Male,5,guangzhou,guangdong,CN,37,2014-03-31,67,43576,15800,36087,96735,2014-03-30,2,9,46,4,0.60650106,60117,25,11.004064576513825,10.68228476721217,9.6678285081515,10.493715679088233,11.479740897579184,11.004064576513825,2.3176229704063473,3.8501476017100584,1.6094379124341003,3.258096538021482,60.650106,Available,Unknown,Available
24611,2012-07-08,,Male,4,Unknown,Unknown,JP,50,2014-03-31,54,48564,20071,37356,78534,2014-03-22,10,11,67,0,0.746956605,50107,0,10.821935954964083,10.790658385836432,9.907081088046258,10.528275589332711,11.271299664277132,10.821935954964083,2.545901162402085,4.219507705176107,0.0,0.0,74.6956605,Available,Unknown,Available
3962,2009-01-06,,Male,4,guangzhou,guangdong,CN,43,2014-03-31,16,49346,9385,17950,81414,2014-03-21,11,45,240,5,0.720098386,106444,16,11.575383698809839,10.806632252740268,9.146974496354362,9.79540110267107,11.30731481019832,11.575383698809839,3.845883202923601,5.484796933490655,1.791759469228055,2.833213344056216,72.0098386,Available,Unknown,Available
61968,,2011-08-20,Male,6,shenyang,liaoning,CN,41,2014-03-31,51,53926,0,62791,79538,,22,6,41,0,0.736965727,67403,3,11.118459642320433,10.895386559118505,8.856572917341328,11.04758295580665,11.284002746391979,11.118459642320433,2.0149030205422647,3.7376696182833684,0.0,1.3862943611198906,73.69657269999999,Unknown,Available,Unknown
43481,,2013-03-24,Male,4,dalian,liaoning,CN,46,2014-03-31,17,35918,4800,31721,95007,,31,21,106,0,0.616385003,35918,0,10.489021682384953,10.489021682384953,8.856572917341328,10.364765725463505,11.461716377563487,10.489021682384953,3.1107336662484975,4.672828834461906,0.0,0.0,61.6385003,Unknown,Available,Unknown
17928,,2007-06-17,Male,5,shenyang,liaoning,CN,42,2014-03-31,82,55576,27013,27365,69588,2014-02-20,41,8,53,4,0.841365753,58714,7,10.980450509799182,10.925524725589275,10.20411052912071,10.217056645939756,11.150361787854917,10.980450509799182,2.2519413602272387,3.9889840465642745,1.6094379124341003,2.0794415416798357,84.1365753,Unknown,Available,Available
58234,,2009-09-29,Male,5,guangzhou,guangdong,CN,36,2014-03-31,39,60930,27656,24196,69083,2014-03-14,18,18,91,4,0.847488528,63269,13,11.05516656214093,11.017497355384243,10.227634139466703,10.093983937518093,11.14307843446381,11.05516656214093,2.9798168184352574,4.5217885770490405,1.6094379124341003,2.639057329615259,84.7488528,Unknown,Available,Available
60609,,2012-04-14,Female,4,foshan,guangdong,CN,32,2014-03-31,41,55424,49157,2994,68390,,23,17,295,1,0.856000731,55424,1,10.922786034484512,10.922786034484512,10.80279487936987,9.077809308899132,11.132996516006004,10.922786034484512,2.9109910450989003,5.675121665433755,0.6931471805599453,0.6931471805599453,85.6000731,Unknown,Available,Unknown
51429,,2012-03-25,Male,5,aomen,Unknown,MO,48,2014-03-31,56,34913,33464,23305,92694,2014-03-25,7,13,76,0,0.631503441,36870,0,10.515180613182057,10.460643173884725,10.418255395534743,10.056466117133208,11.437069812666692,10.515180613182057,2.6493933392672573,4.343805421853684,0.0,0.0,63.1503441,Unknown,Available,Available
27144,,2010-09-22,Female,4,guangzhou,guangdong,CN,30,2014-03-31,24,48077,7885,30762,97867,2014-03-22,10,30,144,0,0.598009646,53137,17,10.88064758217347,10.780579971006125,8.972844314437573,10.334067948122689,11.491374910939784,10.88064758217347,3.4353887463824235,4.976733742420574,0.0,2.8903717578961645,59.80096459999999,Unknown,Available,Available
18961,,2006-07-27,Male,5,.,shanghai,CN,69,2014-03-31,37,54211,30340,23167,41818,2014-03-27,5,19,113,3,1.39931441,57089,5,10.952384248958305,10.900657565135907,10.32025521214842,10.050527295185443,10.641106060692902,10.952384248958305,3.0244816866780333,4.736198448394496,1.3862943611198906,1.791759469228055,139.93144099999998,Unknown,Available,Available
3001,2008-01-12,2008-04-22,Male,4,Unknown,Unknown,HK,68,2014-03-31,39,45486,27969,17100,83226,2014-03-18,14,18,74,0,0.703076923,45486,0,10.725181849829225,10.725181849829225,10.238887786196006,9.746892220313054,11.329327093395094,10.725181849829225,2.981152824004452,4.31748811353631,0.0,0.0,70.3076923,Available,Available,Available
32415,,,Male,4,YANAGAWA CITY,FUKUOKA-KEN,JP,45,2014-03-31,65,45232,46808,48004,89309,2014-02-23,38,10,57,0,0.654886518,47453,0,10.767516099747473,10.719582187930941,10.753830771109293,10.779060451131723,11.399868742677931,10.767516099747473,2.4571821017731454,4.060443010546419,0.0,0.0,65.4886518,Unknown,Unknown,Available
13360,2009-11-04,,Male,6,wushi,xinjiang,CN,26,2014-03-31,27,55206,24513,23707,46514,2014-03-16,16,25,169,3,1.257314572,59627,4,10.99588054139032,10.91884503581948,10.10699966190111,10.073567822907728,10.74753012020266,10.99588054139032,3.2771447329921766,5.135798437050262,1.3862943611198906,1.6094379124341003,125.73145720000001,Available,Unknown,Available
57607,2008-09-06,,Male,5,beijing,beijing,CN,47,2014-03-31,64,49771,25809,29471,79497,2014-03-14,18,11,66,3,0.73549656,53333,7,10.88432930546973,10.815207855895522,10.15851729271266,10.291195939055033,11.28348714309327,10.88432930546973,2.49018370659937,4.204692619390966,1.3862943611198906,2.0794415416798357,73.549656,Available,Unknown,Available
34382,2012-12-03,,Male,6,shenzhen,guangdong,CN,43,2014-03-31,29,58559,29605,29957,68743,2014-03-26,6,17,70,5,0.850526308,63662,7,11.061358825079159,10.977807148635193,10.295732322473437,10.307551679728665,11.13814473899306,11.061358825079159,2.8963064935737703,4.2626798770413155,1.791759469228055,2.0794415416798357,85.05263079999999,Available,Unknown,Available
16663,2009-07-03,,Male,4,guangzhou,guangdong,CN,46,2014-03-31,34,41384,22062,28554,85416,2014-03-23,9,21,74,1,0.684334083,41384,1,10.630673775319496,10.630673775319496,10.001657276308372,10.259587331098963,11.355300423198056,10.630673775319496,3.096536972621162,4.31748811353631,0.6931471805599453,0.6931471805599453,68.4334083,Available,Unknown,Available
46300,,2007-09-26,Male,5,guangzhou,guangdong,CN,32,2014-03-31,46,50701,30939,22901,73101,2014-01-24,68,14,108,0,0.799320392,52275,0,10.864292653716927,10.83372063653299,10.339805124127057,10.038979521973285,11.19961100514472,10.864292653716927,2.730029107603594,4.6913478822291435,0.0,0.0,79.9320392,Unknown,Available,Available
5487,,2011-11-14,Female,5,shenzhen,guangdong,CN,42,2014-03-31,38,58158,39870,24910,54795,2014-03-16,16,17,77,5,1.066140706,59216,7,10.988963941811097,10.970935918111852,10.593404521575788,10.123064751970729,10.91137247757128,10.988963941811097,2.9373011898602686,4.356708826689592,1.791759469228055,2.0794415416798357,106.6140706,Unknown,Available,Available
36879,,2006-10-22,Female,5,guangzhou,guangdong,CN,45,2014-03-31,43,55452,25285,25696,75115,,20,16,94,0,0.777458963,81988,58,11.314340370906502,10.92329109411032,10.138006161871843,10.154129532552147,11.226788864328096,11.314340370906502,2.881069365046935,4.553876891600541,0.0,4.07753744390572,77.7458963,Unknown,Available,Unknown
26099,,2011-09-29,Male,5,shanghai,shanghai,CN,44,2014-03-31,52,57965,1978,10414,68969,2014-03-26,6,14,39,0,0.84672592,61320,4,11.023877640745798,10.967611910745564,8.856572917341328,9.251002353695073,11.141426906425338,11.023877640745798,2.714564882409118,3.6888794541139363,0.0,1.6094379124341003,84.67259200000001,Unknown,Available,Available
20688,,2007-07-15,Male,6,changsha,hunan,CN,45,2014-03-31,57,54124,26471,21621,75446,2014-03-14,18,12,53,0,0.77384858,63082,4,11.052206598601773,10.89905146530479,10.183842849601447,9.981466593852717,11.231185701974077,11.052206598601773,2.5960539613485594,3.9889840465642745,0.0,1.6094379124341003,77.384858,Unknown,Available,Available
46092,2006-08-01,,Female,5,shenyang,liaoning,CN,57,2014-03-31,47,55388,24521,10918,65982,2014-03-16,16,15,193,1,0.884623079,57209,2,10.954483987262574,10.922136297063853,10.107325952792332,9.298259670014065,11.097152412072655,10.954483987262574,2.775302428057177,5.267858159063328,0.6931471805599453,1.0986122886681096,88.4623079,Available,Unknown,Available
2674,,2007-10-17,Male,6,.,beijing,CN,65,2014-03-31,21,56226,27979,35915,45128,,26,31,117,5,1.29325585,69533,10,11.149571120562445,10.937152347559921,10.239245248219472,10.4889381576407,10.717280334365933,11.149571120562445,3.484312288372662,4.770684624465665,1.791759469228055,2.3978952727983707,129.325585,Unknown,Available,Unknown
58557,2010-05-07,,Male,4,changsha,hunan,CN,39,2014-03-31,47,55919,25582,23210,63694,2014-03-18,14,14,83,0,0.916174522,56919,1,10.949402052203789,10.931677376907691,10.14968334738049,10.052381583217564,11.061861345543887,10.949402052203789,2.7685043054794116,4.430816798843313,0.0,0.6931471805599453,91.6174522,Available,Unknown,Available
29524,,,Male,5,guangzhou,guangdong,CN,35,2014-03-31,45,52868,28957,22871,74632,2014-03-17,15,16,145,3,0.781728347,60801,14,11.015377962150081,10.87557243473248,10.273601783341366,10.037668734002148,11.220338047629173,11.015377962150081,2.845173619254987,4.983606621708336,1.3862943611198906,2.70805020110221,78.17283470000001,Unknown,Unknown,Available
38533,2007-07-06,,Female,5,beijingshi,beijing,CN,51,2014-03-31,35,54985,22773,27956,63799,2014-03-31,1,21,79,0,0.914372012,56526,1,10.942473679094304,10.91483388635787,10.03337481337055,10.238422894453766,11.06350846933288,10.942473679094304,3.1016808516691916,4.382026634673881,0.0,0.6931471805599453,91.43720119999999,Available,Unknown,Available
61722,,2010-05-24,Male,6,dalianshi,liaoning,CN,54,2014-03-31,80,51256,23617,34975,73557,2014-03-26,6,9,58,11,0.792120532,100318,57,11.516110387714992,10.844607473039577,10.069764412161227,10.462417390976265,11.205829489659132,11.516110387714992,2.308894262163411,4.07753744390572,2.4849066497880004,4.060443010546419,79.2120532,Unknown,Available,Available
11955,,,Male,4,MATRAVILLE,NSW,AU,48,2014-03-31,18,42832,15495,20147,80843,2014-03-14,18,36,262,0,0.720704081,42832,0,10.665064112517854,10.665064112517854,9.648337205086833,9.91086030686554,11.30027665074866,10.665064112517854,3.625124939163182,5.572154032177765,0.0,0.0,72.07040810000001,Unknown,Unknown,Available
39810,2008-12-06,2012-02-25,Male,4,chengdu,sichuan,CN,69,2014-03-31,20,65214,25526,30614,53323,2014-02-23,38,32,193,0,1.092643137,65214,0,11.085444782804384,11.085444782804384,10.147491994517667,10.329245363912055,10.884141790233567,11.085444782804384,3.499692277597593,5.267858159063328,0.0,0.0,109.2643137,Available,Available,Available
3150,,,Male,4,guangzhou,guangdong,CN,46,2014-03-31,56,50528,30878,24691,74586,,30,12,59,3,0.781062934,53462,18,10.886745104841209,10.830302707866496,10.337831620194669,10.114234583513786,11.219721508271753,10.886745104841209,2.61140579841826,4.0943445622221,1.3862943611198906,2.9444389791664403,78.1062934,Unknown,Unknown,Unknown
47424,,,Female,5,guangzhou,guangdong,CN,35,2014-03-31,49,55216,25108,27215,73499,2014-03-28,4,14,63,3,0.792537449,60230,5,11.005942448921688,10.91902615586634,10.130981626587596,10.211560314635642,11.205040685200927,11.005942448921688,2.7515353132547147,4.1588830833596715,1.3862943611198906,1.791759469228055,79.2537449,Unknown,Unknown,Available
34587,,2009-12-15,Male,5,Unknown,Unknown,CN,38,2014-03-31,68,47382,15993,13309,76061,2014-03-15,17,10,43,3,0.765782596,51575,6,10.850811726990456,10.766018793563921,9.679968930891835,9.496270911389157,11.239304076166782,10.850811726990456,2.450747731375652,3.784189633918261,1.3862943611198906,1.9459101490553132,76.5782596,Unknown,Available,Available
1379,,,Male,4,shenzhenshi,guangdong,CN,44,2014-03-31,6,55830,19400,4400,73392,2014-01-15,77,91,336,8,0.793333333,55916,9,10.931623727399913,10.930084549661103,9.873079890114703,9.077809308899132,11.203583842207394,10.931623727399913,3.861673167219153,5.675121665433755,2.1972245773362196,2.302585092994046,79.33333329999999,Unknown,Unknown,Available
21791,,2009-10-19,Male,4,guangzhou,guangdong,CN,37,2014-03-31,54,44811,21873,20784,127679,2014-03-30,2,13,56,1,0.455938643,65302,27,11.086793256016275,10.710231239678613,9.99305399589517,9.941986851686737,11.757282412683635,11.086793256016275,2.6864346104206143,4.04305126783455,0.6931471805599453,3.332204510175204,45.5938643,Unknown,Available,Available
31500,,2010-11-29,Male,5,OMAGARI-SHI,AKITA,JP,67,2014-03-31,21,59852,27082,34950,67830,2014-02-21,40,29,95,6,0.858095238,68565,12,11.135552064028248,10.99964683504317,10.206661503755827,10.461702359555922,11.124774596570653,11.135552064028248,3.4061849231731944,4.564348191467836,1.9459101490553132,2.5649493574615367,85.8095238,Unknown,Available,Available
62620,,2013-04-17,Female,5,changchunshi,jilinsheng,CN,55,2014-03-31,49,54255,0,51081,64070,2014-03-28,4,7,37,1,0.908325581,61831,2,11.032176308786706,10.90146886436542,8.856572917341328,10.841187463647783,11.067747122440093,11.032176308786706,2.105149898349434,3.6375861597263857,0.6931471805599453,1.0986122886681096,90.8325581,Unknown,Available,Available
36745,2006-06-01,2006-07-30,Male,5,guangzhou,guangdong,CN,62,2014-03-31,68,46686,18645,36325,87081,2014-03-30,2,9,70,0,0.668273676,51046,7,10.840502055950259,10.75122103231314,9.833386924856638,10.500289017309388,11.374605482471049,10.840502055950259,2.3787166027567337,4.2626798770413155,0.0,2.0794415416798357,66.8273676,Available,Available,Available
29090,2005-02-03,2005-04-21,Male,6,。,beijing,CN,46,2014-03-31,70,55277,10698,37494,85202,2014-03-19,13,9,90,4,0.682023309,66272,12,11.101537853410294,10.920130278336988,9.277905558138606,10.531962869735489,11.35279192346511,11.101537853410294,2.3926112446967984,4.51085950651685,1.6094379124341003,2.5649493574615367,68.20233089999999,Available,Available,Available
57025,,,Male,4,guangzhou,guangdong,CN,40,2014-03-31,36,51248,30873,19598,71104,,20,20,113,5,0.816660666,61848,11,11.03245120954118,10.844451384615168,10.337669684741787,9.88323382350886,11.171912936806796,11.03245120954118,3.0580361570914882,4.736198448394496,1.791759469228055,2.4849066497880004,81.6660666,Unknown,Unknown,Unknown
36013,,,Female,6,guangzhou,guangdong,CN,54,2014-03-31,25,59357,0,51221,43499,2014-03-21,11,12,48,0,1.33482149,70017,1,11.156507630833081,10.991342184551277,8.856572917341328,10.843924406238362,10.680516217076775,11.156507630833081,2.580847943276969,3.8918202981106265,0.0,0.6931471805599453,133.482149,Unknown,Unknown,Available
38210,,,Female,5,wuhan,hubei,CN,56,2014-03-31,64,48095,22273,32656,68124,2014-03-19,13,11,52,2,0.851735952,51508,4,10.849511828665106,10.780954292552702,10.011175357953045,10.393814506824773,11.129099531965545,10.849511828665106,2.5148763198771618,3.970291913552122,1.0986122886681096,1.6094379124341003,85.1735952,Unknown,Unknown,Available
2119,,,Male,4,guangzhou,guangdong,CN,40,2014-03-31,51,51262,28204,24433,69907,2014-03-31,1,14,74,1,0.829807172,52264,4,10.864082209966808,10.844724523371353,10.247254546174076,10.103730883964005,11.154935370886252,10.864082209966808,2.740840023925201,4.31748811353631,0.6931471805599453,1.6094379124341003,82.9807172,Unknown,Unknown,Available
8161,,2009-07-15,Male,5,haerbin,heilongjiang,CN,44,2014-03-31,53,49179,14187,25207,83854,,26,12,73,3,0.691750662,53161,4,10.881099134391867,10.803242315770184,9.560151815893512,10.13491668343711,11.336844395765729,10.881099134391867,2.6280074937064515,4.304065093204169,1.3862943611198906,1.6094379124341003,69.1750662,Unknown,Available,Unknown
31112,,,Male,5,guangzhou,guangdong,CN,32,2014-03-31,37,51180,21757,24459,77711,2014-03-31,1,19,225,0,0.746388928,53357,0,10.884779198627696,10.843123648405275,9.987736784981028,10.104794409241164,11.260764964585526,10.884779198627696,3.0392173855469213,5.420534999272286,0.0,0.0,74.63889280000001,Unknown,Unknown,Available
39608,,2008-11-17,Female,6,.,beijing,CN,42,2014-03-31,33,53908,24240,28798,41928,2014-02-23,38,20,83,0,1.382889239,59642,4,10.996132069424446,10.895052718839429,10.095800693457734,10.268095943298984,10.643732990607813,10.996132069424446,3.0839148394340836,4.430816798843313,0.0,1.6094379124341003,138.28892390000001,Unknown,Available,Available
28074,2007-02-01,2007-08-29,Male,4,dongguan,guangdong,CN,59,2014-03-31,22,46933,31320,19029,46757,2014-03-26,6,33,187,8,1.239995509,46933,8,10.756497638482541,10.756497638482541,10.35204407807524,9.853771960290196,10.752740643071617,10.756497638482541,3.5333389200532563,5.236441962829949,2.1972245773362196,2.1972245773362196,123.99955090000002,Available,Available,Available
33308,2012-05-02,,Male,4,foshan,guangdong,CN,33,2014-03-31,41,42920,22664,29378,80545,,30,15,86,0,0.719569433,46609,1,10.749570389366786,10.667116495634444,10.02857716337495,10.288035412388904,11.296583728774946,10.749570389366786,2.83174167344476,4.465908118654584,0.0,0.6931471805599453,71.95694329999999,Available,Unknown,Unknown
41200,,2012-05-21,Male,5,SHIMOINA-GUN,NAGANO-KEN,JP,56,2014-03-31,66,48663,33738,57644,92015,2014-03-27,5,10,37,0,0.629454002,58530,5,10.97731180739474,10.792694816000541,10.426409717249351,10.962058791667054,11.429717753953536,10.97731180739474,2.4336133554004498,3.6375861597263857,0.0,1.791759469228055,62.9454002,Unknown,Available,Available
31469,,,Female,6,shenzhen,guangdong,CN,53,2014-03-31,90,43700,17631,35344,93966,2014-03-31,1,8,41,1,0.616375817,49976,6,10.819318178577827,10.685126264117057,9.777470711952642,10.472912218605055,11.450698935785022,10.819318178577827,2.217002725138879,3.7376696182833684,0.6931471805599453,1.9459101490553132,61.6375817,Unknown,Unknown,Available
44607,,2009-10-29,Male,5,beijing,beijing,CN,42,2014-03-31,63,54172,27965,26787,70879,2014-03-27,5,11,88,3,0.817082916,58981,6,10.984987591594274,10.899937908325773,10.238744765600796,10.195709305029942,11.168743585278962,10.984987591594274,2.542363704863549,4.48863636973214,1.3862943611198906,1.9459101490553132,81.70829160000001,Unknown,Available,Available
62928,2007-05-10,2007-06-28,Male,5,kashishi,xinjiang,CN,50,2014-03-31,35,51005,14859,33507,55902,,23,19,138,4,1.035714465,57379,8,10.957451089535356,10.839698551845414,9.60642831827175,10.4195394952737,10.931373324966124,10.957451089535356,3.0161114360923724,4.9344739331306915,1.6094379124341003,2.1972245773362196,103.57144650000001,Available,Available,Unknown
8906,,2007-06-25,Male,4,kelamayishi,xinjiang,CN,52,2014-03-31,35,46905,18706,26975,85251,2014-03-29,3,20,76,4,0.679067812,49861,6,10.817014468587551,10.755900878021523,9.836653064348905,10.202702860801582,11.353366855281129,10.817014468587551,3.073509974651097,4.343805421853684,1.6094379124341003,1.9459101490553132,67.9067812,Unknown,Available,Available
62853,2008-08-05,,Male,4,haerbin,heilongjiang,CN,39,2014-03-31,17,58090,19431,18986,46397,2014-01-22,70,41,185,0,1.246928896,58090,0,10.969766025505304,10.969766025505304,9.874676470682008,9.851509813443416,10.745011633837091,10.969766025505304,3.740641388672526,5.225746673713202,0.0,0.0,124.6928896,Available,Unknown,Available
20142,,,Female,5,guangzhoushi,guangdongsheng,CN,38,2014-03-31,41,54513,32769,16839,69717,2014-01-24,68,15,83,2,0.829597085,81496,12,11.308321488735505,10.906212828397074,10.39726874169286,9.731512287796317,11.152213813049237,11.308321488735505,2.830267833826459,4.430816798843313,1.0986122886681096,2.5649493574615367,82.95970849999999,Unknown,Unknown,Available
27080,,2010-12-18,Female,5,nanning,guangxi,CN,40,2014-03-31,64,49944,24453,29796,72921,2014-03-26,6,11,47,1,0.792919598,75015,40,11.22545670309946,10.81867767896625,10.104549080704135,10.302162996284876,11.197145655734086,11.22545670309946,2.5123056237058448,3.8712010109078907,0.6931471805599453,3.713572066704308,79.2919598,Unknown,Available,Available
32976,2011-11-01,,Female,6,changsha,hunan,CN,47,2014-03-31,54,53795,17986,32053,63845,2014-03-24,8,13,84,0,0.905549064,63574,1,11.059975590290321,10.89295439394344,9.79740455372797,10.37517725955352,11.064229212669787,11.059975590290321,2.6682758756405764,4.442651256490317,0.0,0.6931471805599453,90.55490640000001,Available,Unknown,Available
60481,,2012-05-25,Male,4,shunde,guangdong,CN,44,2014-03-31,50,46762,22833,30900,83834,2014-03-25,7,13,153,0,0.689368872,46762,0,10.752847570927493,10.752847570927493,10.036005932236272,10.33854382482173,11.336605860371908,10.752847570927493,2.68604105976341,5.0369526024136295,0.0,0.0,68.9368872,Unknown,Available,Available
35760,2008-01-09,,Male,5,shanghai,shanghai,CN,35,2014-03-31,47,51570,7950,10605,63477,2014-03-20,12,15,56,5,0.910236936,73225,77,11.201305828140752,10.850714777975867,8.981052985901483,9.269175157697076,11.058448668157885,11.201305828140752,2.807305159118811,4.04305126783455,1.791759469228055,4.356708826689592,91.0236936,Available,Unknown,Available
21193,2008-04-01,,Male,5,OUDENBOSCH,NB,NL,62,2014-03-31,12,45008,5750,27417,75167,,121,55,252,0,0.768661248,45008,0,10.714617748755122,10.714617748755122,8.856572917341328,10.218955010995845,11.22748088745864,10.714617748755122,3.861673167219153,5.53338948872752,0.0,0.0,76.86612480000001,Available,Unknown,Unknown
26993,2006-10-10,,Male,5,wulumuqishi,xinjiang,CN,52,2014-03-31,55,43535,20672,31605,85186,2014-03-31,1,13,52,3,0.678248304,50122,8,10.822235263563458,10.681343461023028,9.936583780025318,10.36110225496905,11.352604119015941,10.822235263563458,2.672870693878735,3.970291913552122,1.3862943611198906,2.1972245773362196,67.8248304,Available,Unknown,Available
21640,2008-02-09,2008-09-27,Male,4,shenzhen,guangdong,CN,41,2014-03-31,26,54488,35235,11214,38789,,59,24,194,0,1.489189977,56909,3,10.94922635159717,10.905754125417554,10.469823566229687,9.32500744695431,10.565917760434013,10.94922635159717,3.248822901236153,5.272999558563747,0.0,1.3862943611198906,148.9189977,Available,Available,Unknown
34440,,2013-03-28,Male,5,beijing,.,CN,31,2014-03-31,14,47585,2050,31273,102944,2014-03-20,12,27,131,0,0.560795287,68801,4,11.13898809326636,10.770293879311374,8.856572917341328,10.350542360403455,11.541950144010844,11.13898809326636,3.3512527051998067,4.882801922586371,0.0,1.6094379124341003,56.079528700000004,Unknown,Available,Available
45626,,2006-04-26,Male,4,beijing,beijing,CN,57,2014-03-31,21,54705,31040,20866,43318,,50,33,119,0,1.332436401,54705,0,10.909728671608544,10.909728671608544,10.34306419027306,9.945924242733385,10.676346616822633,10.909728671608544,3.539508997459668,4.787491742782046,0.0,0.0,133.2436401,Unknown,Available,Unknown
33221,,2012-01-25,Male,6,shenzhenshi,guangdongsheng,CN,55,2014-03-31,76,53246,24720,30621,73126,2014-03-31,1,9,48,3,0.789220387,65377,19,11.08794108941569,10.882696743956457,10.115408363827857,10.329473983865041,11.199952934587492,11.08794108941569,2.369620494299032,3.8918202981106265,1.3862943611198906,2.995732273553991,78.9220387,Unknown,Available,Available
2211,,2005-07-16,Male,6,shenzhen,guangdong,CN,47,2014-03-31,29,51823,26948,22000,41143,2014-03-27,5,25,95,2,1.40125003,54024,4,10.897202181375087,10.855608641411111,10.201701469897316,9.99884318585288,10.624833387454752,10.897202181375087,3.2905318138810187,4.564348191467836,1.0986122886681096,1.6094379124341003,140.125003,Unknown,Available,Available
11430,,2007-10-19,Male,4,foshan,guangdong,CN,47,2014-03-31,32,49155,27277,12020,84122,,23,22,93,1,0.685331899,49155,1,10.802754193404487,10.802754193404487,10.21383579548682,9.394410399304254,11.340035292518802,10.802754193404487,3.1535628103947464,4.543294782270004,0.6931471805599453,0.6931471805599453,68.5331899,Unknown,Available,Unknown
62539,,2007-11-14,Male,6,shanghai,shanghai,CN,63,2014-03-31,54,48773,14222,16100,74377,2014-02-18,43,12,44,2,0.775025209,88153,90,11.386840563994461,10.794952662974627,9.562615651570228,9.686636660844938,11.216915478168904,11.386840563994461,2.636358272578526,3.8066624897703196,1.0986122886681096,4.51085950651685,77.50252090000001,Unknown,Available,Available
47965,2008-03-09,,Female,5,shanghai,shanghai,CN,45,2014-03-31,32,56765,22997,14619,55766,2014-03-20,12,22,138,0,1.033650432,57339,0,10.95675373943736,10.946692833932499,10.04316253460861,9.59014573330377,10.928937575575254,10.95675373943736,3.150804187914382,4.9344739331306915,0.0,0.0,103.3650432,Available,Unknown,Available
53621,,2008-08-15,Male,5,shenyang,liaoning,CN,57,2014-03-31,72,52798,24693,28225,64322,2014-03-29,3,10,57,4,0.895860981,65295,21,11.086686057645586,10.87424753012106,10.11431557812769,10.247998817973953,11.071672544556199,11.086686057645586,2.4068182128800153,4.060443010546419,1.6094379124341003,3.091042453358316,89.5860981,Unknown,Available,Available
19566,2010-07-08,,Male,5,wulumuqi,xinjiang,CN,45,2014-03-31,37,49340,17909,25761,76634,2014-02-17,44,19,73,1,0.751621995,52804,3,10.874361162180575,10.806510657409378,9.793114495054757,10.156655816956032,11.246809170433009,10.874361162180575,2.9998902835366796,4.304065093204169,0.6931471805599453,1.3862943611198906,75.1621995,Available,Unknown,Available
30241,,2010-04-25,Male,4,Unknown,Unknown,JP,42,2014-03-31,31,30379,31330,24143,81933,2014-03-25,7,23,162,2,0.702903226,32371,6,10.385049130615592,10.321539776149764,10.35236330172604,10.09179118100763,11.31366932410936,10.385049130615592,3.216205596178632,5.093750200806762,1.0986122886681096,1.9459101490553132,70.2903226,Unknown,Available,Available
57994,2009-04-01,,Male,5,haerbin,heilongjiang,CN,44,2014-03-31,31,45601,21771,26520,73550,2014-03-28,4,23,93,0,0.782758532,46137,1,10.739392184451031,10.727706854189794,9.988380019554091,10.185692150979541,11.205734322130223,10.739392184451031,3.1945831322991562,4.543294782270004,0.0,0.6931471805599453,78.2758532,Available,Unknown,Available
11026,2005-01-10,2005-03-16,Male,5,fanyu,guangdong,CN,37,2014-03-31,55,55447,15118,37498,73722,,25,12,94,7,0.780814411,58372,8,10.974608733142299,10.92320092359782,9.623707509980202,10.532069544936274,11.208070105475565,10.974608733142299,2.63773370257879,4.553876891600541,2.0794415416798357,2.1972245773362196,78.0814411,Available,Available,Unknown
3083,2008-03-09,,Male,5,guangzhoushi,guangdong,CN,41,2014-03-31,40,53210,19533,22712,81847,2014-03-21,11,17,79,1,0.703059611,55757,20,10.928776176785394,10.882020420873696,9.879911816007422,10.030692726771417,11.312619147558776,10.928776176785394,2.9335840554977963,4.382026634673881,0.6931471805599453,3.044522437723423,70.3059611,Available,Unknown,Available
47614,,,Male,5,nanhai,guangdong,CN,43,2014-03-31,34,52438,16955,36481,45522,,57,14,47,0,1.263444269,59074,8,10.986563102055108,10.86740586828315,9.738377032472528,10.50457426724686,10.725972971725227,10.986563102055108,2.726068706426317,3.8712010109078907,0.0,2.1972245773362196,126.3444269,Unknown,Unknown,Unknown
58898,,2010-12-27,Male,4,ARCADIA,CA,US,35,2014-03-31,5,62810,0,28300,61160,2014-01-15,77,55,83,0,0.94,64554,0,11.075272852608819,11.047885496353372,8.856572917341328,10.250652418696085,11.021265010465248,11.075272852608819,3.861673167219153,4.430816798843313,0.0,0.0,94.0,Unknown,Available,Available
39495,,2010-01-19,Male,4,LA,CA,US,67,2014-03-31,18,39533,13927,10693,106154,2013-11-21,132,33,139,0,0.541375926,39533,0,10.584916340141875,10.584916340141875,9.541656481448024,9.277438115508676,11.572655569177995,10.584916340141875,3.5486026732822005,4.941642422609304,0.0,0.0,54.1375926,Unknown,Available,Available
1391,,2010-05-16,Male,5,foshan,guangdong,CN,37,2014-03-31,60,42705,31383,19792,85903,2014-03-21,11,12,77,4,0.668561983,48638,15,10.792180957218179,10.66209470456786,10.354053487889388,9.893083618820736,11.36098567266235,10.792180957218179,2.5662522890466404,4.356708826689592,1.6094379124341003,2.772588722239781,66.8561983,Unknown,Available,Available
12126,,2006-05-15,Male,6,guangzhou,guangdong,CN,37,2014-03-31,81,55310,23541,37006,72708,2014-03-31,1,9,54,2,0.789687105,68544,20,11.135245742870001,10.9207270827385,10.066541338972426,10.518862362921533,11.194220452283124,11.135245742870001,2.31377228238461,4.007333185232471,1.0986122886681096,3.044522437723423,78.9687105,Unknown,Available,Available
7827,,,Male,5,dalianshi,liaoningsheng,CN,46,2014-03-31,63,46270,15633,16698,72722,2014-03-13,19,11,65,4,0.789229257,59073,21,10.986546174277471,10.742270693943276,9.657203308780275,9.723104116372433,11.194412982125845,10.986546174277471,2.504867392034333,4.189654742026425,1.6094379124341003,3.091042453358316,78.92292570000001,Unknown,Unknown,Available
49675,2010-05-08,,Male,5,shanghai,shanghai,CN,47,2014-03-31,53,46694,3662,31533,74641,2014-03-27,5,13,41,5,0.768829464,50049,6,10.820777784743367,10.751392371543819,8.856572917341328,10.358821607797427,11.220458630446268,10.820777784743367,2.6513441733908127,3.7376696182833684,1.791759469228055,1.9459101490553132,76.8829464,Available,Unknown,Available
57450,,,Male,5,shanghai,.,CN,46,2014-03-31,50,58470,7559,12435,68689,2014-03-28,4,13,51,2,0.835194864,62882,5,11.04903113588867,10.97628618381122,8.930626469173578,9.428350771178645,11.137358907207927,11.04903113588867,2.6804622442617028,3.9512437185814275,1.0986122886681096,1.791759469228055,83.5194864,Unknown,Unknown,Available
42390,2007-07-07,,Male,6,.,beijing,CN,46,2014-03-31,32,58207,14205,38179,40592,2014-03-20,12,17,76,2,1.413034834,260408,5,12.470008750931273,10.971778081317849,9.561419689557756,10.550067097279738,10.611350916931753,12.271620155461939,2.934199981710972,4.343805421853684,1.0986122886681096,1.791759469228055,141.3034834,Available,Unknown,Available
1079,2007-03-08,,Male,5,shenzhen,guangdong,CN,51,2014-03-31,59,54592,17784,33391,70019,2014-03-29,3,12,53,4,0.818839029,58478,8,10.976422994414255,10.90766094838581,9.786110684382555,10.416071629316981,11.156536194508657,10.976422994414255,2.601411729947741,3.9889840465642745,1.6094379124341003,2.1972245773362196,81.88390290000001,Available,Unknown,Available
38057,2005-02-03,2005-02-17,Male,4,shanghai,shanghai,CN,67,2014-03-31,38,56253,23171,27334,53772,2014-03-30,2,19,88,1,1.066208436,57569,1,10.960756877669855,10.937632428649502,10.050699932216515,10.2159232113291,10.892526761440571,10.960756877669855,3.0184453408196443,4.48863636973214,0.6931471805599453,0.6931471805599453,106.62084359999999,Available,Available,Available
37098,2005-10-12,2006-01-29,Female,5,shenyang,liaoning,CN,38,2014-03-31,76,50782,22351,31371,73422,2014-03-29,3,9,54,5,0.780757266,62693,12,11.046021028262166,10.835316931890924,10.014671081496743,10.353671054332557,11.203992517016918,11.046021028262166,2.3570732782781154,4.007333185232471,1.791759469228055,2.5649493574615367,78.0757266,Available,Available,Available
36632,2006-04-03,2006-06-25,Male,6,guangzhou,guangdong,CN,58,2014-03-31,98,49422,18376,45027,76335,2014-03-27,5,7,131,0,0.750742779,61288,4,11.023355660471326,10.80817118186853,9.818855161695424,10.715039797474695,11.242899927755888,11.023355660471326,2.127249387461074,4.882801922586371,0.0,1.6094379124341003,75.0742779,Available,Available,Available
45929,2006-10-10,,Male,4,beijing,beijing,CN,42,2014-03-31,41,45779,29975,19650,79016,2014-03-18,14,17,65,3,0.725187937,45803,6,10.73212670253323,10.731602593506558,10.308152340473523,9.885883506587767,11.277418298172556,10.73212670253323,2.9378382951350885,4.189654742026425,1.3862943611198906,1.9459101490553132,72.51879369999999,Available,Unknown,Available
48026,,2008-04-19,Male,4,guangzhou,guangdong,CN,53,2014-03-31,37,59914,35306,16219,61733,,22,19,164,4,0.928196103,60914,6,11.017234728788507,11.000682170116617,10.471836523545772,9.694000327669404,11.030590111603866,11.017234728788507,3.017711180055375,5.10594547390058,1.6094379124341003,1.9459101490553132,92.8196103,Unknown,Available,Unknown
52730,,,Male,6,yanji,jilin,CN,50,2014-03-31,44,58010,17795,26654,43446,,21,15,76,0,1.318862036,60197,0,11.005394408153668,10.968387926718702,9.786728991925932,10.19073202925686,10.67929708343066,11.005394408153668,2.8012439780566547,4.343805421853684,0.0,0.0,131.88620360000002,Unknown,Unknown,Unknown
51358,,2012-06-22,Male,4,wulumuqi,xinjiang,CN,40,2014-03-31,27,50355,28341,20206,75917,2014-03-25,7,24,118,0,0.754722131,50355,0,10.82687305688615,10.82687305688615,10.252100082384816,9.913784358013496,11.23740908941732,10.82687305688615,3.2461916354253435,4.77912349311153,0.0,0.0,75.47221309999999,Unknown,Available,Available
10243,2008-02-06,2008-02-19,Male,4,guangzhou,guangdong,CN,35,2014-03-31,62,43330,36074,17978,76996,2014-03-24,8,11,165,2,0.744064886,51906,33,10.857208934818349,10.676623593166008,10.493355383642072,9.796959689126295,11.251521739037859,10.857208934818349,2.5497012857816115,5.111987788356544,1.0986122886681096,3.5263605246161616,74.4064886,Available,Available,Available
11636,,2009-09-18,Male,5,haerbin,heilongjiang,CN,34,2014-03-31,46,51192,15215,34767,65102,2014-02-13,48,15,95,5,0.879509078,64779,16,11.07875219272532,10.843358082930738,9.630102784785171,10.456452702496211,11.083725910084183,11.07875219272532,2.775362648845498,4.564348191467836,1.791759469228055,2.833213344056216,87.9509078,Unknown,Available,Available
24300,,2012-02-16,Male,5,fuzhou,fujian,CN,35,2014-03-31,55,50109,25707,27288,82964,2014-03-25,7,13,53,3,0.690070392,52448,3,10.867596547865759,10.821975867953771,10.154557506491177,10.214238969571854,11.326174111096888,10.867596547865759,2.6638789826600404,3.9889840465642745,1.3862943611198906,1.3862943611198906,69.0070392,Unknown,Available,Available
45823,2006-07-10,,Male,4,WALNUT,CA,US,47,2014-03-31,8,33327,14950,5000,87591,2013-07-15,261,60,166,4,0.653613956,56711,8,10.945741107534854,10.414153163500753,9.612533466213927,9.077809308899132,11.380444948553261,10.945741107534854,3.861673167219153,5.117993812416755,1.6094379124341003,2.1972245773362196,65.36139560000001,Available,Unknown,Available
48404,,2010-03-15,Male,5,wuhan,hubei,CN,46,2014-03-31,63,56481,20196,32640,69155,2014-03-28,4,11,64,0,0.827563155,60308,1,11.00723662530939,10.94167728230505,9.913289357508388,10.393324445863634,11.144120101224667,11.00723662530939,2.515352416165711,4.174387269895637,0.0,0.6931471805599453,82.7563155,Unknown,Available,Available
24606,2012-05-09,,Male,5,guangzhou,guangdong,CN,44,2014-03-31,57,50839,22114,29780,88153,2014-03-25,7,12,48,2,0.64904609,53210,2,10.882020420873696,10.83643872530339,10.004011390302427,10.301625885257831,11.386840563994461,10.882020420873696,2.583997552432231,3.8918202981106265,1.0986122886681096,1.0986122886681096,64.90460900000001,Available,Unknown,Available
54915,,2006-08-18,Male,5,Unknown,beijing,CN,52,2014-03-31,40,51797,18564,32138,66718,2014-03-30,2,18,102,0,0.857412992,55493,2,10.924030185782316,10.855106817463577,9.829033366611181,10.377825524930667,11.108245048910714,10.924030185782316,2.9578440058209066,4.634728988229636,0.0,1.0986122886681096,85.7412992,Unknown,Available,Available
46456,2007-07-11,,Male,4,dongguan,guangdong,CN,55,2014-03-31,24,40822,14124,23790,76925,2014-01-14,78,27,97,0,0.743102372,40822,0,10.617000927048924,10.617000927048924,9.555701556014641,10.077062636881843,11.250599199780755,10.617000927048924,3.3657954546412694,4.584967478670572,0.0,0.0,74.31023719999999,Available,Unknown,Available
21765,,2008-09-18,Male,5,guangzhoushi,guangdong,CN,38,2014-03-31,57,52695,20479,33409,76907,2014-03-24,8,12,82,5,0.743209851,94551,61,11.456905226692076,10.872294830320529,9.927204079153444,10.416610535350802,11.250365181292228,11.456905226692076,2.5649493574615367,4.418840607796598,1.791759469228055,4.127134385045092,74.3209851,Unknown,Available,Available
39192,,2011-05-25,Male,4,zhuhai,guangdong,CN,46,2014-03-31,34,53169,18047,33400,71479,,83,19,123,0,0.799645071,54995,3,10.915015734297125,10.881249606498384,9.800790154297786,10.416341118636355,11.177172969273364,10.915015734297125,3.012261575341267,4.820281565605037,0.0,1.3862943611198906,79.9645071,Unknown,Available,Unknown
45170,,2011-02-28,Male,5,dalian,liaoning,CN,38,2014-03-31,69,49534,11764,36039,72453,2014-03-18,14,9,71,0,0.788858846,59496,2,10.993681170094515,10.81043476940713,9.372884301161463,10.492384711722273,11.190707156714778,10.993681170094515,2.3639015169660604,4.276666119016055,0.0,1.0986122886681096,78.8858846,Unknown,Available,Available
36718,2006-06-01,,Male,5,fanyu,guangdong,CN,42,2014-03-31,63,52799,22127,33704,83598,2014-03-19,13,11,80,3,0.68333764,63609,28,11.06052596967285,10.874266469694353,10.00459905390454,10.42540147328754,11.333786837278764,11.06052596967285,2.503549000465354,4.394449154672439,1.3862943611198906,3.367295829986474,68.333764,Available,Unknown,Available
45432,,2012-09-25,Female,5,guangzhou,guangdong,CN,29,2014-03-31,44,47605,13234,36597,81708,2013-12-22,101,10,50,1,0.698985901,98041,23,11.493151237270776,10.770714082695992,9.490620114661201,10.507748873087632,11.310919433899752,11.493151237270776,2.4453758109507198,3.9318256327243257,0.6931471805599453,3.1780538303479458,69.8985901,Unknown,Available,Available
53479,,2011-09-25,Female,4,wulumuqi,xinjiang,CN,35,2014-03-31,49,44658,14150,21642,90688,2014-03-27,5,14,61,3,0.629715288,51377,9,10.846965344254247,10.706811133741756,9.557540571952371,9.982437355514529,11.415191349806777,10.846965344254247,2.7621174221619595,4.127134385045092,1.3862943611198906,2.302585092994046,62.9715288,Unknown,Available,Available
51445,,2012-04-13,Male,5,shanghai,shanghai,CN,42,2014-03-31,59,50592,18723,25729,79093,,20,12,53,0,0.7218104,55557,1,10.925182799100138,10.831568505784759,9.837561402419961,10.15541290527579,11.278392297528544,10.925182799100138,2.5689202430495497,3.9889840465642745,0.0,0.6931471805599453,72.18104,Unknown,Available,Unknown
3287,,2009-11-26,Male,4,OSAKA,Unknown,JP,44,2014-03-31,29,31874,34712,18055,76647,,20,25,165,0,0.744482759,35858,2,10.487349860546091,10.369577282460726,10.454869535544447,9.801233318497372,11.24697879133071,10.487349860546091,3.2717393145336695,5.111987788356544,0.0,1.0986122886681096,74.4482759,Unknown,Available,Unknown
1291,,2009-02-20,Male,5,guangzhou,guangdong,CN,39,2014-03-31,63,50755,21987,25896,72647,2014-03-25,7,11,80,3,0.785325891,79929,14,11.288906530620064,10.834785116516805,9.998252128980551,10.161882410862972,11.193381139369665,11.288906530620064,2.5061840485510745,4.394449154672439,1.3862943611198906,2.70805020110221,78.53258910000001,Unknown,Available,Available
53284,,2011-04-25,Male,5,.,beijing,CN,54,2014-03-31,55,49680,17160,28871,75656,2014-03-24,8,13,47,2,0.753726208,52894,3,10.876064095420874,10.813377845229255,9.750394646402302,10.270627546322624,11.233965246330317,10.876064095420874,2.639057329615259,3.8712010109078907,1.0986122886681096,1.3862943611198906,75.3726208,Unknown,Available,Available
1209,2007-08-03,,Male,5,beijing,beijing,CN,46,2014-03-31,41,56766,17984,32137,67470,,28,13,44,2,0.844768934,61593,3,11.028319742180267,10.946710449956035,9.797293356129725,10.377794409601698,11.11945315491374,11.028319742180267,2.672423023459059,3.8066624897703196,1.0986122886681096,1.3862943611198906,84.4768934,Available,Unknown,Unknown
26913,,2008-02-27,Male,5,haerbin,heilongjiang,CN,55,2014-03-31,62,47095,28261,22044,91815,2014-03-17,15,11,78,0,0.620526385,49953,0,10.81885786095054,10.759943350708097,10.249273425142691,10.000841097792039,11.427541853360504,10.81885786095054,2.530308305632554,4.3694478524670215,0.0,0.0,62.0526385,Unknown,Available,Available
26379,2009-11-04,,Male,5,haerbin,heilongjiang,CN,43,2014-03-31,71,56570,29767,25176,67878,2014-03-22,10,10,70,2,0.839344559,61895,3,11.03321083622929,10.943251765395033,10.301189270026459,10.133686158324014,11.12548198735986,11.03321083622929,2.4133594983680746,4.2626798770413155,1.0986122886681096,1.3862943611198906,83.9344559,Available,Unknown,Available
29235,2005-07-05,,Male,4,guangzhou,guangdong,CN,40,2014-03-31,59,53183,25337,27028,74381,2014-01-18,74,11,41,1,0.765892499,59180,13,10.988355823411979,10.88151287821512,10.140060524162,10.20466564265568,11.216969256066202,10.988355823411979,2.5005876551521338,3.7376696182833684,0.6931471805599453,2.639057329615259,76.5892499,Available,Unknown,Available
48062,2008-03-06,2011-08-28,Male,6,guangzhou,guangdong,CN,35,2014-03-31,95,43670,33311,24275,76451,2014-03-30,2,7,48,4,0.744784633,57491,24,10.959401086671122,10.68443954523277,10.413672971414696,10.097243486955746,11.244418371904489,10.959401086671122,2.169661418414356,3.8918202981106265,1.6094379124341003,3.2188758248682006,74.4784633,Available,Available,Available
38102,,2010-09-15,Male,5,shanghai,shanghai,CN,46,2014-03-31,47,52005,22000,20415,65003,2014-03-28,4,15,77,0,0.87572589,54506,4,10.90608441277055,10.859114375522656,9.99884318585288,9.924074186144516,11.082204085445898,10.90608441277055,2.79807635286589,4.356708826689592,0.0,1.6094379124341003,87.572589,Unknown,Available,Available
12824,,2008-11-20,Male,4,beijing,beijing,CN,50,2014-03-31,20,53451,43061,18026,40490,,26,35,147,0,1.405455668,53526,0,10.887941478476757,10.886539333900952,10.670396216658126,9.799625913002037,10.608835006177392,10.887941478476757,3.6037801237248717,4.997212273764115,0.0,0.0,140.54556680000002,Unknown,Available,Unknown
41809,2012-01-06,,Male,5,wuhan,hubei,CN,50,2014-03-31,71,48986,25730,25849,76763,2014-03-29,3,10,45,3,0.741266105,61509,15,11.026955042202413,10.79931023577042,10.155451769658532,10.160065879936575,11.248491059238138,11.026955042202413,2.401783806279331,3.828641396489095,1.3862943611198906,2.772588722239781,74.1266105,Available,Unknown,Available
20878,,2007-10-17,Female,4,guangzhou,guangdong,CN,50,2014-03-31,10,36274,13540,12600,76380,,147,63,177,3,0.744669809,36274,3,10.498884077752388,10.498884077752388,9.513477398982824,9.441531454869693,11.243489253126375,10.498884077752388,3.861673167219153,5.181783550292085,1.3862943611198906,1.3862943611198906,74.4669809,Unknown,Available,Unknown
39437,2008-08-02,2009-09-14,Male,5,guangzhou,guangdong,CN,31,2014-03-31,89,47447,22504,34894,84070,2014-03-26,6,8,60,4,0.676331985,54171,8,10.899919448775261,10.767389653518563,10.021492785727034,10.460098831451251,11.33941695890813,10.899919448775261,2.218462102560508,4.110873864173311,1.6094379124341003,2.1972245773362196,67.6331985,Available,Available,Available
51239,,,Female,5,changchun,jilin,CN,66,2014-03-31,45,48230,20357,27691,68998,2014-03-19,13,15,68,4,0.822271805,52868,5,10.87557243473248,10.783757246831069,9.921229234012285,10.228898841797916,11.141847290720753,10.87557243473248,2.796449503588602,4.23410650459726,1.6094379124341003,1.791759469228055,82.2271805,Unknown,Unknown,Available
47336,2005-08-07,,Male,6,guangzhou,guangdong,CN,55,2014-03-31,41,50926,24183,26654,62887,2014-03-23,9,17,94,4,0.90209948,53396,5,10.885509843594862,10.83814851376516,10.093446536459293,10.19073202925686,11.049110645473592,10.885509843594862,2.9191211711821503,4.553876891600541,1.6094379124341003,1.791759469228055,90.209948,Available,Unknown,Available
56076,,2004-12-30,Male,5,zhuhai,guangdong,CN,40,2014-03-31,69,39524,20898,27586,92179,2014-03-15,17,9,46,4,0.615404159,73523,35,11.205367162513655,10.584688662077673,9.947456589918252,10.225099926250317,11.4314984662745,11.205367162513655,2.374905754573672,3.8501476017100584,1.6094379124341003,3.58351893845611,61.5404159,Unknown,Available,Available
10510,2011-06-01,2011-06-24,Male,6,guangzhou,guangdong,CN,32,2014-03-31,68,55618,16336,40130,69358,,24,7,55,2,0.817760172,62534,7,11.043481678983007,10.926280148482137,9.701187753026508,10.599904381963697,11.147051193818772,11.043481678983007,2.1855480476676723,4.02535169073515,1.0986122886681096,2.0794415416798357,81.7760172,Available,Available,Unknown
653,,2006-04-25,Male,4,shenzhen,guangdong,CN,36,2014-03-31,45,51739,30561,15758,74402,2014-03-20,12,16,66,6,0.762287439,57790,19,10.96458833319395,10.85398645574002,10.327512686165203,9.665166909622071,11.217251542588896,10.96458833319395,2.8425281153837436,4.204692619390966,1.9459101490553132,2.995732273553991,76.2287439,Unknown,Available,Available
29082,,2005-07-13,Male,5,shenzhen,guangdong,CN,77,2014-03-31,24,52067,15195,28318,39737,2014-01-14,78,28,131,3,1.427256713,53561,3,10.888595140407418,10.86030583558635,9.628787514307517,10.251288236449755,10.590063187713035,10.888595140407418,3.37178349636631,4.882801922586371,1.3862943611198906,1.3862943611198906,142.7256713,Unknown,Available,Available
53298,2009-08-06,,Male,5,wulumuqi,xinjiang,CN,42,2014-03-31,56,47853,14175,29819,85000,2014-03-21,11,12,106,0,0.666922235,50016,0,10.82011822662338,10.775909987953622,9.559305672844863,10.30293458831873,11.350418300109132,10.82011822662338,2.5857113487044865,4.672828834461906,0.0,0.0,66.6922235,Available,Unknown,Available
45689,,2006-04-13,Male,5,guangzhou,guangdong,CN,48,2014-03-31,57,47647,20661,34465,83433,,20,12,70,0,0.679352175,49928,0,10.818357275254836,10.771595935483736,9.936051543409391,10.447728609841523,11.33181117913134,10.818357275254836,2.582648934776862,4.2626798770413155,0.0,0.0,67.9352175,Unknown,Available,Unknown
51247,2012-07-09,,Male,6,changchunshi,jilinsheng,CN,33,2014-03-31,48,49944,9174,27956,74967,2014-03-27,5,13,121,4,0.75562074,53945,5,10.895738825212828,10.81867767896625,9.12423767292277,10.238422894453766,11.224816634803659,10.895738825212828,2.663082509068717,4.804021044733257,1.6094379124341003,1.791759469228055,75.562074,Available,Unknown,Available
5848,2012-06-02,,Male,6,shenzhen,guangdong,CN,54,2014-03-31,32,49479,10515,32469,48252,,23,20,80,0,1.173499337,50673,0,10.833168237529042,10.809323826506425,9.260653185849772,10.388071865096892,10.784213281000078,10.833168237529042,3.0807254864614575,4.394449154672439,0.0,0.0,117.3499337,Available,Unknown,Unknown
38677,2007-09-08,2008-05-14,Male,5,guangzhou,guangdong,CN,45,2014-03-31,51,51045,22462,29532,77156,2014-03-29,3,14,106,1,0.733756545,54167,2,10.899845607165481,10.840482465968575,10.019624790165171,10.293263561179652,11.253597586014976,10.899845607165481,2.729159164312445,4.672828834461906,0.6931471805599453,1.0986122886681096,73.3756545,Available,Available,Available
12151,,2008-07-18,Male,6,nanjing,jiangsu,CN,52,2014-03-31,25,52800,21000,23863,43886,,57,27,88,3,1.289499613,53146,3,10.88081693815073,10.874285408908944,9.952325334619427,10.080126326194584,10.689373427646196,10.88081693815073,3.34109345759245,4.48863636973214,1.3862943611198906,1.3862943611198906,128.9499613,Unknown,Available,Unknown
29085,,2005-03-26,Female,5,zhuhai,guangdong,CN,50,2014-03-31,39,53290,16380,36524,62937,2014-03-28,4,18,157,5,0.899042217,56672,8,10.945053185824962,10.883522740361526,9.703877405604631,10.5057522366189,11.049905393818637,10.945053185824962,2.985150164010688,5.062595033026967,1.791759469228055,2.1972245773362196,89.9042217,Unknown,Available,Available
29355,,,Male,4,wulumuqi,xinjiang,CN,54,2014-03-31,35,49113,18757,24321,92839,,23,20,91,1,0.609367723,49113,1,10.801899405522992,10.801899405522992,9.839375607068884,10.099136569540946,11.438632860388374,10.801899405522992,3.0816401008148784,4.5217885770490405,0.6931471805599453,0.6931471805599453,60.936772299999994,Unknown,Unknown,Unknown
145,,2010-10-19,Male,6,guangzhou,guangdong,CN,38,2014-03-31,96,48787,22120,37987,81229,2014-03-31,1,7,39,2,0.696412242,55040,9,10.915833641046829,10.795239659963128,10.004282662571022,10.545025599362843,11.305039916044999,10.915833641046829,2.093811482001699,3.6888794541139363,1.0986122886681096,2.302585092994046,69.6412242,Unknown,Available,Available
29239,,2005-08-30,Male,4,guangzhou,guangdong,CN,51,2014-03-31,46,48242,37379,12357,80667,,21,15,87,0,0.701231359,65742,2,11.093508480494004,10.784006018522135,10.528891081009554,9.422058905620926,11.298097245259733,11.093508480494004,2.8160738341130305,4.477336814478207,0.0,1.0986122886681096,70.1231359,Unknown,Available,Unknown
22657,2010-04-09,2010-04-17,Male,6,shantou,guangdong,CN,57,2014-03-31,73,57444,21453,41073,74367,2014-03-29,3,9,67,0,0.760014926,67684,2,11.122619868619887,10.958583247287466,9.973666387157374,10.623130596900038,11.216781020771528,11.122619868619887,2.3761969103476144,4.219507705176107,0.0,1.0986122886681096,76.00149259999999,Available,Available,Available
16965,2011-03-01,,Male,6,.,beijing,CN,46,2014-03-31,72,51192,23628,29309,68331,2014-03-14,18,9,40,3,0.827066485,61826,8,11.032095441239619,10.843358082930738,10.070230050199568,10.285684033704937,11.132133457066947,11.032095441239619,2.3940466471486443,3.713572066704308,1.3862943611198906,2.1972245773362196,82.7066485,Available,Unknown,Available
58013,2009-01-02,2011-10-30,Male,4,jilin,jilin,CN,56,2014-03-31,58,50322,39516,15313,64221,,146,9,75,3,0.879984273,56791,4,10.947150749719222,10.826217508039186,10.58448623804925,9.63652272167307,11.070101110104696,10.947150749719222,2.3285605794229474,4.330733340286331,1.3862943611198906,1.6094379124341003,87.9984273,Available,Available,Unknown
56168,2005-03-10,,Male,6,zhuhai,guangdong,CN,55,2014-03-31,44,42425,15594,33685,85760,,20,14,54,0,0.658901819,173209,31,12.062260010164326,10.655516660832296,9.654705629041903,10.424837599758332,11.359319636684408,12.062260010164326,2.715772247211505,4.007333185232471,0.0,3.4657359027997265,65.8901819,Available,Unknown,Unknown
47091,,2005-03-16,Male,6,huizhoushi,guangdongsheng,CN,43,2014-03-31,45,37758,30173,17983,86458,2014-03-31,1,16,60,10,0.653396562,78459,45,11.270344219763544,10.538979136857908,10.31473590540002,9.797237752693418,11.367425592112635,11.270344219763544,2.8569925358745496,4.110873864173311,2.3978952727983707,3.828641396489095,65.3396562,Unknown,Available,Available
21271,2008-05-01,2011-03-20,Male,5,guangzhou,guangdong,CN,47,2014-03-31,66,48866,12176,41572,82541,2014-03-13,19,6,63,0,0.68432585,57312,2,10.956282753061092,10.796857601025716,9.407304205507007,10.635206197071174,11.32106253368905,10.956282753061092,2.0639373551536364,4.1588830833596715,0.0,1.0986122886681096,68.432585,Available,Available,Available
36017,,2007-05-16,Male,5,beijing,beijing,CN,39,2014-03-31,42,45414,17003,31172,79751,2014-02-25,36,15,86,3,0.708147609,57919,27,10.966818027059597,10.723597725936314,9.741203889478681,10.347307614520757,11.28667709870254,10.966818027059597,2.8026210094569994,4.465908118654584,1.3862943611198906,3.332204510175204,70.8147609,Unknown,Available,Available
12225,2010-05-11,,Male,5,Unknown,beijing,CN,36,2014-03-31,59,49574,34336,18781,80298,2014-03-16,16,12,86,2,0.703297965,51463,7,10.848637813090836,10.811241953387997,10.44397876895787,9.84065424336456,11.293512446557186,10.848637813090836,2.585947504379232,4.465908118654584,1.0986122886681096,2.0794415416798357,70.3297965,Available,Unknown,Available
43645,2010-10-08,2010-10-27,Male,4,changchun,jilin,CN,57,2014-03-31,51,37315,32797,34203,81263,2014-02-28,33,13,80,2,0.694876512,37315,2,10.527177468080852,10.527177468080852,10.39812281690339,10.440097875275846,11.305458393041027,10.527177468080852,2.7013612129514133,4.394449154672439,1.0986122886681096,1.0986122886681096,69.4876512,Available,Available,Available
48362,2008-10-09,,Male,5,shenzhen,guangdong,CN,49,2014-03-31,39,52000,19533,26442,66327,2014-03-18,14,18,87,1,0.85130128,56704,3,10.945617669249431,10.859018228147887,9.879911816007422,10.182746751976826,11.102367409796054,10.945617669249431,2.9663576647927856,4.477336814478207,0.6931471805599453,1.3862943611198906,85.130128,Available,Unknown,Available
7947,2005-11-09,,Male,5,shenyangshi,liaoningsheng,CN,49,2014-03-31,31,50287,26580,18158,38651,2014-03-20,12,23,116,7,1.460683553,52577,9,10.870053060283906,10.825521759037349,10.187951953831922,9.806921584559797,10.5623537991192,10.870053060283906,3.2135282186756537,4.762173934797756,2.0794415416798357,2.302585092994046,146.0683553,Available,Unknown,Available
9877,2006-11-01,,Male,5,guangzhou,guangdong,CN,41,2014-03-31,60,51583,21998,30536,84179,2014-03-26,6,12,85,7,0.670326922,53583,10,10.889005795033986,10.8509668258663,9.998752276761909,10.32669434212045,11.340712642324561,10.889005795033986,2.5727416050439276,4.454347296253507,2.0794415416798357,2.3978952727983707,67.0326922,Available,Unknown,Available
34543,2009-08-10,,Male,5,shenyang,liaoning,CN,42,2014-03-31,45,52682,16932,5023,69685,2013-09-27,187,11,56,0,0.809556576,53445,2,10.886427077357213,10.872048101843964,9.737019659665341,9.077809308899132,11.151754715741239,10.886427077357213,2.5129196859420095,4.04305126783455,0.0,1.0986122886681096,80.9556576,Available,Unknown,Available
4654,,2010-08-19,Male,4,shanghai,shanghai,CN,41,2014-03-31,62,48676,3500,6901,63825,2014-03-23,9,11,44,8,0.883695104,51385,9,10.84712104080199,10.792961918250924,8.856572917341328,9.077809308899132,11.0639159098287,10.84712104080199,2.530308305632554,3.8066624897703196,2.1972245773362196,2.302585092994046,88.3695104,Unknown,Available,Available
16386,2013-02-05,,Male,4,akesu,xinjiang,CN,48,2014-03-31,44,47727,2240,29614,68508,,29,9,56,2,0.822996438,56567,4,10.943198733284076,10.77327350675453,8.856572917341328,10.296036268711065,11.134720402481133,10.943198733284076,2.31414591541811,4.04305126783455,1.0986122886681096,1.6094379124341003,82.2996438,Available,Unknown,Unknown
62934,,2006-01-18,Male,5,dalian,liaoning,CN,48,2014-03-31,64,49892,16292,27860,65406,2014-03-26,6,11,71,0,0.861653518,57341,2,10.956788618494235,10.81763599133825,9.698490846702954,10.234983140444118,11.088384565356742,10.956788618494235,2.5225489913653982,4.276666119016055,0.0,1.0986122886681096,86.1653518,Unknown,Available,Available
22346,,,Male,5,guangzhou,guangdong,CN,42,2014-03-31,53,50808,26187,24780,75672,2014-03-31,1,13,75,2,0.74474178,53176,2,10.881381251020752,10.835828783228976,10.173056569560982,10.117832509493988,11.234176704733272,10.881381251020752,2.7054828054941367,4.330733340286331,1.0986122886681096,1.0986122886681096,74.474178,Unknown,Unknown,Available
46448,2010-02-06,,Male,5,dalianshi,liaoning,CN,31,2014-03-31,59,45287,15086,37424,75046,2014-03-17,15,11,95,2,0.750699837,52929,6,10.876725564852034,10.720797375716495,9.621588724840075,10.53009420928783,11.225869862911553,10.876725564852034,2.496335345242305,4.564348191467836,1.0986122886681096,1.9459101490553132,75.0699837,Available,Unknown,Available
12430,,2008-06-28,Male,4,guangzhou,guangdong,CN,43,2014-03-31,44,46086,17698,26536,88633,2014-03-30,2,16,67,7,0.635538005,46086,8,10.738286193554881,10.738286193554881,9.781263419790754,10.186295264571648,11.392270810159385,10.738286193554881,2.8877844342146335,4.219507705176107,2.0794415416798357,2.1972245773362196,63.5538005,Unknown,Available,Available
28053,,2008-11-26,Male,5,shanghai,shanghai,CN,39,2014-03-31,63,49394,29086,17603,82031,2014-03-23,9,11,59,6,0.686489376,54434,14,10.90476260831528,10.807604483478574,10.278046617948409,9.775881427930981,11.314864694023482,10.90476260831528,2.5218501647206173,4.0943445622221,1.9459101490553132,2.70805020110221,68.64893760000001,Unknown,Available,Available
19687,,2011-07-18,Male,4,guangzhou,guangdong,CN,34,2014-03-31,28,51375,28223,14165,78729,,55,24,122,0,0.715280646,51375,0,10.846926416329294,10.846926416329294,10.247927958806518,9.558600006313569,11.273779556178512,10.846926416329294,3.25238223668641,4.812184355372417,0.0,0.0,71.5280646,Unknown,Available,Unknown
26706,2009-03-10,,Male,5,shenyang,liaoning,CN,44,2014-03-31,55,49133,25309,24396,69808,2014-03-30,2,13,83,0,0.806595233,50353,0,10.82683333888396,10.802306538498243,10.13895485353917,10.10221545290255,11.15351822026652,10.82683333888396,2.6741486494265287,4.430816798843313,0.0,0.0,80.6595233,Available,Unknown,Available
58728,,2010-07-28,Male,5,ICHI CAWA CITY,CHIBA,JP,66,2014-03-31,43,36275,39513,24310,74894,2014-03-24,8,16,61,2,0.751682244,38534,2,10.559322198212094,10.498911644567459,10.584410318473351,10.098684201799387,11.223842411602819,10.559322198212094,2.8824035884069876,4.127134385045092,1.0986122886681096,1.0986122886681096,75.1682244,Unknown,Available,Available
53719,,,Male,5,dalian,liaoning,CN,47,2014-03-31,97,44373,29774,29576,82733,2014-03-31,1,7,38,1,0.680453991,53809,6,10.893214602483466,10.700408991312528,10.3014243942235,10.294752311243151,11.323385921069796,10.893214602483466,2.1388399217337626,3.6635616461296463,0.6931471805599453,1.9459101490553132,68.0453991,Unknown,Unknown,Available
29386,,2006-11-28,Male,5,beijing,beijing,CN,52,2014-03-31,16,57375,3580,51860,61636,,27,46,232,1,0.913205432,77541,9,11.258575004031307,10.957381376404859,8.856572917341328,10.856322341590896,11.02901761855464,11.258575004031307,3.8529804647236414,5.4510384535657,0.6931471805599453,2.302585092994046,91.3205432,Unknown,Available,Unknown
19530,,,Male,5,atushi,xinjiang,CN,50,2014-03-31,65,43360,18393,21830,100156,,21,10,54,0,0.561892348,47628,2,10.771197098403393,10.677315698578214,9.819779803462643,9.991086257015196,11.514494233808676,10.771197098403393,2.467834665889353,4.007333185232471,0.0,1.0986122886681096,56.1892348,Unknown,Unknown,Unknown
5628,2012-04-01,2012-09-16,Male,4,ROSEMEAD,CA,US,50,2014-03-31,6,34892,10650,8700,73392,2013-10-21,163,80,190,0,0.766666667,34892,0,10.460041515007148,10.460041515007148,9.273409063443166,9.077809308899132,11.203583842207394,10.460041515007148,3.861673167219153,5.25227342804663,0.0,0.0,76.6666667,Available,Available,Available
49972,,2010-10-18,Male,5,guangzhou,guangdong,CN,30,2014-03-31,74,48435,19697,37123,72093,2014-03-28,4,9,106,8,0.780475497,63888,87,11.06490248157219,10.787998617874257,9.888272386729648,10.522018939715283,11.18572610205713,11.06490248157219,2.3841019506205803,4.672828834461906,2.1972245773362196,4.477336814478207,78.04754969999999,Unknown,Available,Available
13213,,,Male,5,shenzhen,guangdong,CN,50,2014-03-31,44,48574,16325,22916,61371,2014-03-31,1,16,89,2,0.916820974,51641,3,10.852090573877529,10.79086427424564,9.7005142080113,10.039634272209469,11.024708984065096,10.852090573877529,2.861536208083405,4.499809670330265,1.0986122886681096,1.3862943611198906,91.68209739999999,Unknown,Unknown,Available
48811,,2010-08-25,Male,5,wulumuqi,xinjiang,CN,51,2014-03-31,18,60624,7221,38016,46690,2014-03-20,12,42,279,0,1.204624545,75804,5,11.235919532515682,11.012462628239785,8.884887201837403,10.545788707090159,10.751306705598122,11.235919532515682,3.7652956845991716,5.634789603169249,0.0,1.791759469228055,120.46245449999999,Unknown,Available,Available
13901,,2010-11-24,Male,6,zhanjiang,guangdong,CN,42,2014-03-31,61,56106,7899,48648,71268,2014-03-20,12,11,187,0,0.789186732,63299,1,11.055640608132267,10.935015860910363,8.974618038455112,10.79238653241831,11.174216729248327,11.055640608132267,2.529720665577793,5.236441962829949,0.0,0.6931471805599453,78.9186732,Unknown,Available,Available
10181,,,Male,4,shenzhen,guangdong,CN,53,2014-03-31,61,43960,21083,14904,83349,2014-03-14,18,11,81,5,0.674546305,45633,6,10.728408331705516,10.691058156211511,9.956269737975097,9.609452006112171,11.33080388817894,10.728408331705516,2.537657215173529,4.406719247264253,1.791759469228055,1.9459101490553132,67.45463050000001,Unknown,Unknown,Available
28160,,2008-11-25,Male,6,wuhan,hubei,CN,77,2014-03-31,48,53915,26960,26747,51733,2014-03-29,3,15,99,0,1.086691474,61084,3,11.02002161583816,10.89518255885816,10.202146656326484,10.19421498317387,10.853870484578053,11.02002161583816,2.802715427514256,4.605170185988092,0.0,1.3862943611198906,108.6691474,Unknown,Available,Available
48298,2009-09-07,,Female,5,yueyang,hunan,CN,42,2014-03-31,39,58436,17553,47317,61168,,27,18,88,5,0.91878564,84640,11,11.346174061767135,10.975704529844705,9.773037123152063,10.764646051772234,11.021395804220033,11.346174061767135,2.965001732354403,4.48863636973214,1.791759469228055,2.4849066497880004,91.878564,Available,Unknown,Unknown
4280,,2009-10-30,Male,4,beijing,beijing,CN,45,2014-03-31,29,46217,26607,14057,67347,2013-12-14,109,21,110,0,0.834418311,46217,0,10.741124611581021,10.741124611581021,10.188967201432709,9.55094690773585,11.11762848577769,10.741124611581021,3.091042453358316,4.709530201312334,0.0,0.0,83.4418311,Unknown,Available,Available
13625,,2010-04-19,Male,4,guangzhou,guangdongsheng,CN,44,2014-03-31,40,51704,32492,17164,71180,,32,17,97,0,0.78941964,71006,23,11.170533742712921,10.853309767619075,10.388779960503847,9.750627705891793,11.172981207855637,11.170533742712921,2.925364831348852,4.584967478670572,0.0,3.1780538303479458,78.941964,Unknown,Available,Unknown
41040,2011-04-01,,Male,6,wuhan,hubei,CN,40,2014-03-31,69,54510,17819,36792,71466,2014-03-26,6,10,117,3,0.786237092,58579,5,10.978148620381724,10.906157795147806,9.788076701024801,10.513062888672096,11.176991083678901,10.978148620381724,2.4346448153679368,4.770684624465665,1.3862943611198906,1.791759469228055,78.62370920000001,Available,Unknown,Available
55076,,,Male,5,guangzhoushi,guangdong,CN,36,2014-03-31,56,46421,33390,19511,78490,2014-01-24,68,11,59,4,0.715853357,46675,7,10.750985392925998,10.745528763777509,10.416041681575788,9.878784939895755,11.270739247516193,10.750985392925998,2.5621482349013203,4.0943445622221,1.6094379124341003,2.0794415416798357,71.5853357,Unknown,Unknown,Available
28554,2011-06-02,2011-10-13,Male,5,guangzhou,guangdong,CN,37,2014-03-31,47,45162,18655,31826,76300,2014-03-24,8,15,86,0,0.736197903,49470,4,10.809141918288724,10.718033446526634,9.833923089150218,10.36807026512738,11.242441323346558,10.809141918288724,2.79807635286589,4.465908118654584,0.0,1.6094379124341003,73.6197903,Available,Available,Available
33649,2012-08-09,,Male,4,beijing,beijing,CN,42,2014-03-31,46,41861,12825,33604,95433,2014-01-27,65,11,83,0,0.588578374,41861,0,10.642133773167291,10.642133773167291,9.459229639708807,10.422430144404066,11.466190188073055,10.642133773167291,2.558088266995533,4.430816798843313,0.0,0.0,58.8578374,Available,Unknown,Available
52751,2010-04-01,2010-05-26,Male,5,nanning,guangxi,CN,45,2014-03-31,56,49640,23043,29232,66389,2014-03-18,14,12,66,0,0.846053111,52331,0,10.865363317630766,10.812572384159953,10.045160710852274,10.283053487118604,11.103301721713205,10.865363317630766,2.615403138517901,4.204692619390966,0.0,0.0,84.60531110000001,Available,Available,Available
26994,,2006-11-19,Male,4,wulumuqi,xinjiang,CN,59,2014-03-31,31,51554,11617,31951,75246,2014-03-31,1,23,92,0,0.745776785,51554,0,10.850404477952043,10.850404477952043,9.360310898552477,10.371990055655596,11.228531314706773,10.850404477952043,3.1973116470886,4.532599493153256,0.0,0.0,74.5776785,Unknown,Available,Available
54864,2006-08-01,2010-01-25,Male,5,guangzhou,guangdong,CN,38,2014-03-31,15,51879,29400,14852,80603,2014-03-27,5,48,326,1,0.696142575,61879,2,11.032952304687003,10.85668863843038,10.288783966353765,9.605957144029533,11.297303555054865,11.032952304687003,3.861673167219153,5.675121665433755,0.6931471805599453,1.0986122886681096,69.6142575,Available,Available,Available
8646,,2007-09-22,Male,5,shenyang,liaoning,CN,54,2014-03-31,51,46078,24734,26023,70932,2014-03-30,2,14,63,0,0.790889866,48651,0,10.792448196738327,10.738112593745406,10.115974523661809,10.166774468153188,11.169491048522355,10.792448196738327,2.7356653681351832,4.1588830833596715,0.0,0.0,79.0889866,Unknown,Available,Available
57934,2009-03-01,,Male,5,.,beijing,CN,36,2014-03-31,70,54132,34081,19785,59909,2014-03-25,7,10,79,1,0.936210085,57471,4,10.959053151661871,10.899199260387178,10.436524664667338,9.892729895883168,11.00059871507797,10.959053151661871,2.4366598163626834,4.382026634673881,0.6931471805599453,1.6094379124341003,93.6210085,Available,Unknown,Available
11420,,2008-03-24,Male,5,guangzhou,guangdong,CN,46,2014-03-31,72,48147,31850,23556,75203,2014-02-13,48,9,62,5,0.745592995,82785,18,11.324014243951753,10.782034879499625,10.368824057681683,10.067178295192607,11.227959700012676,11.324014243951753,2.3480161676387588,4.143134726391533,1.791759469228055,2.9444389791664403,74.5592995,Unknown,Available,Available
28149,,2008-07-19,Male,4,LAE,MOROBE,GN,63,2014-03-31,36,48692,17799,23354,80368,2014-03-21,11,20,208,0,0.697468644,48692,0,10.79329056157318,10.79329056157318,9.786953736280177,10.058566372936209,11.294383808675704,10.79329056157318,3.0713696876933856,5.342334251964811,0.0,0.0,69.74686439999999,Unknown,Available,Available
54251,,2012-01-26,Female,4,guangzhou,guangdong,CN,31,2014-03-31,63,52070,30651,26730,69106,2014-03-31,1,11,47,1,0.810884583,67097,29,11.113909516256243,10.860363450888991,10.330453192090294,10.193579219581707,11.143411307085216,11.113909516256243,2.515352416165711,3.8712010109078907,0.6931471805599453,3.4011973816621555,81.0884583,Unknown,Available,Available
3437,,2011-02-17,Male,5,gongyi,henan,CN,43,2014-03-31,85,52416,22130,32478,62227,2014-03-27,5,8,82,0,0.900294406,59526,2,10.994185270118631,10.866986245174834,10.004734619552412,10.388349005624308,11.038560338207013,10.994185270118631,2.236139993570626,4.418840607796598,0.0,1.0986122886681096,90.0294406,Unknown,Available,Available
46213,2007-05-09,2007-08-16,Male,5,guangzhou,guangdong,CN,36,2014-03-31,72,43171,26488,29579,79481,2014-03-31,1,10,37,7,0.704807564,51758,39,10.854353609049973,10.672947415945236,10.184484831459187,10.294853736264791,11.283285859912317,10.854353609049973,2.411881515000383,3.6375861597263857,2.0794415416798357,3.6888794541139363,70.4807564,Available,Available,Available
51269,2012-05-01,,Male,4,jilinshi,jilinsheng,CN,51,2014-03-31,30,39502,45107,2291,79478,2013-06-18,288,14,123,0,0.704627822,39502,0,10.584131897372295,10.584131897372295,10.71681489335218,9.077809308899132,11.283248114805021,10.584131897372295,2.7240140520685996,4.820281565605037,0.0,0.0,70.46278219999999,Available,Unknown,Available
4750,,2012-10-16,Female,6,shishi,fujian,CN,26,2014-03-31,76,34960,7400,35100,106400,2014-03-28,4,7,62,0,0.526315789,48750,1,10.79448098903612,10.461988433479375,8.909370405197466,10.465984899076615,11.574970254341757,10.79448098903612,2.0860860843571136,4.143134726391533,0.0,0.6931471805599453,52.6315789,Unknown,Available,Available
38352,,2007-04-16,Male,5,guangzhou,guangdong,CN,53,2014-03-31,21,54234,42905,7153,39508,2013-04-13,354,16,86,1,1.417197783,54234,1,10.901081735474317,10.901081735474317,10.66676695527645,9.077809308899132,10.584283773037043,10.901081735474317,2.8875901149342877,4.465908118654584,0.6931471805599453,0.6931471805599453,141.7197783,Unknown,Available,Available
38188,2005-06-02,2005-06-19,Female,5,Unknown,Unknown,CN,40,2014-03-31,59,50139,9044,43265,80323,2014-03-30,2,8,76,0,0.696915578,55796,1,10.929475383483236,10.822574371712284,9.109967397829395,10.675122386144814,11.29382373448235,10.929475383483236,2.2311261290563453,4.343805421853684,0.0,0.6931471805599453,69.6915578,Available,Available,Available
26989,2006-09-06,,Male,5,chengdu,sichuan,CN,51,2014-03-31,56,47057,10696,21018,76547,2014-03-29,3,12,125,2,0.731288751,60560,7,11.011406400524537,10.759136162440722,9.27771860730613,9.953182069559979,11.245673274029956,11.011406400524537,2.6312346038686045,4.836281906951478,1.0986122886681096,2.0794415416798357,73.1288751,Available,Unknown,Available
37617,,2011-12-22,Male,5,zhuzhou,hunan,CN,44,2014-03-31,50,46127,11863,33683,80994,2014-03-24,8,13,88,0,0.691065881,49424,0,10.808211648038817,10.739175419878183,9.381263883817768,10.424778226149883,11.302142703354239,10.808211648038817,2.698480750278367,4.48863636973214,0.0,0.0,69.1065881,Unknown,Available,Available
24393,,2012-09-28,Male,6,shenzhen,guangdong,CN,38,2014-03-31,50,48924,9724,41783,83103,2014-03-31,1,11,54,3,0.673498189,54162,3,10.8997532974849,10.798043792264277,9.182455168486648,10.640268770116135,11.327848114462475,10.8997532974849,2.5034413003387126,4.007333185232471,1.3862943611198906,1.3862943611198906,67.3498189,Unknown,Available,Available
38052,2005-02-03,2005-02-28,Female,5,guangzhoushi,guangdongsheng,CN,57,2014-03-31,69,49792,24063,32001,76532,2014-03-21,11,10,43,9,0.73099919,53225,11,10.882302277748641,10.815629690883949,10.088472226749566,10.37355367982882,11.245477299349258,10.882302277748641,2.443624990610354,3.784189633918261,2.302585092994046,2.4849066497880004,73.099919,Available,Available,Available
4842,,2011-10-22,Male,4,guangzhou,guangdong,CN,49,2014-03-31,54,51026,54398,0,79160,2013-02-13,413,5,40,0,0.706080091,51026,1,10.840110183382201,10.840110183382201,10.904101050322135,9.077809308899132,11.27923903227946,10.840110183382201,1.9432110920185806,3.713572066704308,0.0,0.6931471805599453,70.6080091,Unknown,Available,Available
62002,,2011-12-31,Male,6,anshan,liaoning,CN,52,2014-03-31,58,50067,19240,31425,62719,2014-03-13,19,12,60,0,0.891100783,55979,2,10.932749763069445,10.821137360447914,9.864798697921016,10.355390854750077,11.04643565502429,10.932749763069445,2.5743517103270928,4.110873864173311,0.0,1.0986122886681096,89.1100783,Unknown,Available,Available
54821,,2006-07-17,Female,5,guangzhou,guangdong,CN,35,2014-03-31,51,56120,18858,34350,73629,2014-03-31,1,12,96,4,0.758694672,69578,33,11.150218076656694,10.935265353017014,9.844745532512365,10.444386409308262,11.206807830362763,11.150218076656694,2.617395832834079,4.574710978503383,1.6094379124341003,3.5263605246161616,75.8694672,Unknown,Available,Available
53145,2011-10-01,,Male,5,changchunshi,jilin,CN,41,2014-03-31,61,50732,25657,24186,69082,2014-03-23,9,11,63,4,0.808590805,53161,4,10.881099134391867,10.834331865417795,10.152610692809285,10.093570577723847,11.143063959227321,10.881099134391867,2.5572273113676265,4.1588830833596715,1.6094379124341003,1.6094379124341003,80.8590805,Available,Unknown,Available
62631,2006-10-04,,Male,5,Unknown,Unknown,SG,47,2014-03-31,50,51853,28471,24454,55778,2014-03-19,13,14,47,0,1.000959697,56403,1,10.94029535695712,10.856187356294447,10.256676427190028,10.104589972973457,10.929152733448172,10.94029535695712,2.7282529084863962,3.8712010109078907,0.0,0.6931471805599453,100.09596970000001,Available,Unknown,Available
7524,,2010-05-19,Male,4,guangzhou,guangdong,CN,40,2014-03-31,47,46252,21314,28688,72918,2014-02-27,34,14,89,0,0.765313366,48196,2,10.78305205743776,10.741881605701801,9.96716632919931,10.264269053017653,11.197104515039761,10.78305205743776,2.7506098153265617,4.499809670330265,0.0,1.0986122886681096,76.5313366,Unknown,Available,Available
5593,,2011-11-15,Female,4,guangzhou,guangdong,CN,40,2014-03-31,8,39744,20558,0,85808,2013-02-21,405,45,94,0,0.650214432,39744,0,10.590239326007213,10.590239326007213,9.931054080253933,9.077809308899132,11.359879175079842,10.590239326007213,3.8409872322807197,4.553876891600541,0.0,0.0,65.0214432,Unknown,Available,Available
38666,2007-09-11,,Male,6,guangzhou,guangdong,CN,48,2014-03-31,72,42896,34821,19578,80691,2014-03-23,9,10,34,4,0.691439814,46704,8,10.751606504306949,10.666557172400957,10.458004649926544,9.882212842257273,11.298394716754242,10.751606504306949,2.411881515000383,3.5553480614894135,1.6094379124341003,2.1972245773362196,69.1439814,Available,Unknown,Available
15116,2012-01-02,,Male,5,Unknown,Unknown,CN,41,2014-03-31,70,44447,17102,37060,85144,2014-03-28,4,10,46,0,0.654763812,51766,1,10.85450815959797,10.70207524555407,9.74700916569969,10.520320482745682,11.352110964460705,10.85450815959797,2.4454926808953648,3.8501476017100584,0.0,0.6931471805599453,65.4763812,Available,Unknown,Available
34767,,2010-09-20,Male,5,shanghai,shanghai,CN,32,2014-03-31,64,50188,20119,18325,72112,2014-03-27,5,11,69,7,0.77303722,52388,7,10.866451924607954,10.82355115816278,9.909469624213676,9.816076095525158,11.185989612151785,10.866451924607954,2.519997969714213,4.248495242049359,2.0794415416798357,2.0794415416798357,77.303722,Unknown,Available,Available
53533,,2006-03-29,Male,5,shenyang,liaoning,CN,42,2014-03-31,49,40096,20068,26680,91281,2014-03-28,4,14,62,0,0.610603192,46892,13,10.755623689563581,10.59905679752845,9.906931614938683,10.191706980586526,11.421708894900656,10.755623689563581,2.7502046406431946,4.143134726391533,0.0,2.639057329615259,61.0603192,Unknown,Available,Available
25990,,2011-05-14,Male,5,shanghaishi,shanghai,CN,33,2014-03-31,34,51035,0,18278,50289,,22,21,83,0,1.107902722,58122,10,10.970316733695517,10.840286545041634,8.856572917341328,9.813508138916603,10.825561529166011,10.970316733695517,3.097905898214899,4.430816798843313,0.0,2.3978952727983707,110.79027219999999,Unknown,Available,Unknown
28677,,2012-02-19,Male,4,guangzhou,guangdong,CN,37,2014-03-31,38,55768,10253,38125,63860,,25,14,71,0,0.872191669,61159,14,11.021248660042998,10.92897343843568,9.235423152343646,10.548651743073922,11.064464125400788,11.021248660042998,2.717018871406399,4.276666119016055,0.0,2.70805020110221,87.2191669,Unknown,Available,Unknown
45890,,2007-04-13,Male,4,Unknown,Unknown,NL,47,2014-03-31,21,37250,21457,9904,78418,,24,32,135,0,0.710221633,37250,0,10.525434069084952,10.525434069084952,9.973852815196691,9.20079495913265,11.269821523915999,10.525434069084952,3.5234150143864045,4.912654885736052,0.0,0.0,71.0221633,Unknown,Available,Unknown
51011,,2012-11-14,Male,5,zhongqingshi,zhongqing,CN,47,2014-03-31,64,45235,14173,36403,86513,2014-03-15,17,7,36,2,0.643706842,52675,3,10.871915222830111,10.719648508991218,9.5591645793702,10.502433937697246,11.368061529534701,10.871915222830111,2.166783551816802,3.6109179126442243,1.0986122886681096,1.3862943611198906,64.3706842,Unknown,Available,Available
45818,,2006-06-22,Male,5,guangzhou,guangdong,CN,37,2014-03-31,77,43005,20523,25512,74127,2014-03-31,1,9,35,7,0.75117501,54266,27,10.901671586369744,10.669094919825334,9.929350212061856,10.146943405162215,11.21354860765643,10.901671586369744,2.3588659288528344,3.58351893845611,2.0794415416798357,3.332204510175204,75.117501,Unknown,Available,Available
40067,,2009-09-24,Male,6,guangzhou,guangdong,CN,65,2014-03-31,104,42931,36872,22235,84578,2014-03-30,2,7,31,4,0.658278039,50978,10,10.839169062202215,10.667372747601416,10.51523485488309,10.00946787607336,11.345441287830552,10.839169062202215,2.0842841660988607,3.4657359027997265,1.6094379124341003,2.3978952727983707,65.8278039,Unknown,Available,Available
47783,,,Male,4,guangzhou,guangdong,CN,39,2014-03-31,44,50635,21760,26750,79843,2014-03-26,6,16,82,3,0.696777175,52451,4,10.867653744651316,10.83241806475672,9.987874655796293,10.19432713480299,11.287830009930774,10.867653744651316,2.8655176332773165,4.418840607796598,1.3862943611198906,1.6094379124341003,69.6777175,Unknown,Unknown,Available
49838,2010-12-07,,Male,4,wuhanshi,hubeisheng,CN,32,2014-03-31,83,50115,27364,23302,70100,2014-01-25,67,7,46,1,0.7932301,57318,5,10.956387435872271,10.822095597365443,10.217020103578019,10.056337386630338,11.157692338256169,10.956387435872271,2.193151251932257,3.8501476017100584,0.6931471805599453,1.791759469228055,79.32301000000001,Available,Unknown,Available
31130,2009-08-07,,Male,4,LANCESTER,PA,US,47,2014-03-31,6,50050,4224,20750,62468,,91,86,174,0,0.890073638,50050,0,10.820797764563748,10.820797764563748,8.856572917341328,9.940349717268694,11.042425712675803,10.820797764563748,3.861673167219153,5.1647859739235145,0.0,0.0,89.0073638,Available,Unknown,Unknown
54125,2007-06-10,,Male,6,guangzhou,guangdong,CN,36,2014-03-31,81,51937,26661,31695,75769,2014-03-16,16,8,70,0,0.733546437,139562,46,11.846271391200368,10.85780597850694,10.190994609673622,10.363945768938333,11.235457714925419,11.846271391200368,2.272125885509337,4.2626798770413155,0.0,3.8501476017100584,73.3546437,Available,Unknown,Available
60638,,2012-06-20,Male,5,xining,qinghai,CN,47,2014-03-31,38,43366,14374,29189,60286,,27,16,59,0,0.921759447,46895,2,10.755687662950674,10.677454062198027,9.573245865665552,10.28158146384816,11.006871770749637,10.755687662950674,2.8828359269351473,4.0943445622221,0.0,1.0986122886681096,92.1759447,Unknown,Available,Unknown
48508,2008-08-09,,Male,5,guangzhou,guangdong,CN,32,2014-03-31,71,38668,21611,29229,94420,,23,9,38,4,0.588499682,41892,8,10.64287402751427,10.562793524427303,9.981003994963956,10.282950858105291,11.455518785020681,10.64287402751427,2.358154944108316,3.6635616461296463,1.6094379124341003,2.1972245773362196,58.8499682,Available,Unknown,Unknown
47302,,,Female,4,guangzhou,guangdong,CN,54,2014-03-31,33,58735,22550,25568,64140,,26,21,79,1,0.866290614,58735,1,10.980808105736616,10.980808105736616,10.02353468984558,10.149135959190406,11.068839064020526,10.980808105736616,3.131409799086925,4.382026634673881,0.6931471805599453,0.6931471805599453,86.6290614,Unknown,Unknown,Unknown
53740,2007-06-11,,Male,5,suzhou,jiangsu,CN,32,2014-03-31,54,48758,12490,11049,69289,2014-02-28,33,12,53,2,0.801744144,75254,28,11.228637625586463,10.794645074771285,9.43276366396591,9.310185706945898,11.146055874621426,11.228637625586463,2.6377087120678517,3.9889840465642745,1.0986122886681096,3.367295829986474,80.1744144,Available,Unknown,Available
34103,,2012-12-31,Male,4,PARIS,Unknown,FR,76,2014-03-31,9,62625,6800,30021,55777,,59,49,217,0,0.995776395,64283,0,11.07106604566896,11.04493580632355,8.856572917341328,10.309685725220122,10.929134805393456,11.07106604566896,3.861673167219153,5.384495062789089,0.0,0.0,99.5776395,Unknown,Available,Unknown
47581,,2006-11-13,Male,4,beijing,beijing,CN,37,2014-03-31,43,51485,18974,30633,71266,2014-03-31,1,16,69,4,0.778998681,51485,5,10.849065205035176,10.849065205035176,9.85087760226383,10.3298657822245,11.17418866616251,10.849065205035176,2.8498803967893616,4.248495242049359,1.6094379124341003,1.791759469228055,77.8998681,Unknown,Available,Available
58954,2010-11-07,,Male,4,KAWAGUCHI-SHI,SAITAMA-KEN,JP,55,2014-03-31,47,60605,41601,19877,64549,,49,12,94,1,0.860040125,60605,1,11.012149177057239,11.012149177057239,10.635903522016774,9.89736887152795,11.075195396274788,11.012149177057239,2.569953537946279,4.553876891600541,0.6931471805599453,0.6931471805599453,86.0040125,Available,Unknown,Unknown
13649,2010-09-11,,Male,5,shanghai,shanghai,CN,51,2014-03-31,28,50100,0,22954,37966,,25,25,145,0,1.462118738,51893,1,10.856958455534567,10.821796246953596,8.856572917341328,10.041291056683322,10.544472640359878,10.856958455534567,3.2861882728607963,4.983606621708336,0.0,0.6931471805599453,146.2118738,Available,Unknown,Unknown
14106,,2011-03-19,Male,5,kuerle,xinjiang,CN,39,2014-03-31,42,54623,10360,27460,71691,2014-03-15,17,17,71,1,0.774258973,68390,4,11.132996516006004,10.908228625594168,9.245804036251752,10.220522095264865,11.180134444351488,11.132996516006004,2.893078119615529,4.276666119016055,0.6931471805599453,1.6094379124341003,77.4258973,Unknown,Available,Available
8719,2008-11-10,,Male,5,changchun,jilin,CN,53,2014-03-31,58,51005,14267,36428,70720,2014-03-23,9,12,83,2,0.7847278,55400,3,10.922352923113982,10.839698551845414,9.565774546478782,10.503120439721929,11.166497837483046,10.922352923113982,2.5902671651958267,4.430816798843313,1.0986122886681096,1.3862943611198906,78.47278,Available,Unknown,Available
20395,,,Male,6,guangzhou,guangdong,CN,52,2014-03-31,29,55449,4320,46748,40512,2013-12-26,97,12,63,0,1.369818325,66044,1,11.098091606857963,10.923236992778513,8.856572917341328,10.752548144113725,10.609378189243436,11.098091606857963,2.6079667424399644,4.1588830833596715,0.0,0.6931471805599453,136.9818325,Unknown,Unknown,Available
37430,,,Male,5,shanghai,shanghai,CN,40,2014-03-31,52,50166,31789,21579,69546,2014-03-22,10,13,61,1,0.79788701,50666,5,10.83303009008603,10.823112718999155,10.366907053904848,9.979522238812125,11.149758061985615,10.83303009008603,2.6639548814828875,4.127134385045092,0.6931471805599453,1.791759469228055,79.78870099999999,Unknown,Unknown,Available
37075,2007-03-05,,Male,5,shenzhen,guangdong,CN,43,2014-03-31,63,46327,27331,26220,80760,2014-03-30,2,11,65,2,0.68665899,50120,7,10.822195360925887,10.743501808905625,10.215813455900669,10.174315895415749,11.299249454717621,10.822195360925887,2.546163583025976,4.189654742026425,1.0986122886681096,2.0794415416798357,68.665899,Available,Unknown,Available
16646,2005-11-12,,Male,6,beijing,beijing,CN,51,2014-03-31,78,47114,33630,25909,63841,2014-03-25,7,9,75,0,0.868342914,47909,0,10.777079529877168,10.760346700640856,10.423203539647567,10.162384273556155,11.06416655995377,10.777079529877168,2.3307559699885196,4.330733340286331,0.0,0.0,86.8342914,Available,Unknown,Available
3698,2009-08-06,2009-08-15,Female,6,HK,HK,HK,52,2014-03-31,174,70834,72468,76349,68891,2014-03-30,2,4,40,0,0.804662728,95884,2,11.470904835707616,11.168108507813452,11.19091416319482,11.243083310646778,11.140295339955637,11.470904835707616,1.6513229254938913,3.713572066704308,0.0,1.0986122886681096,80.4662728,Available,Available,Available
23925,2012-02-06,,Female,5,shanghai,shanghai,CN,31,2014-03-31,67,48411,28011,24974,73322,2014-03-22,10,10,96,3,0.755922506,56186,7,10.936440692397964,10.787502995858494,10.240388268775408,10.125630603516754,11.202629617646862,10.936440692397964,2.477302050479117,4.574710978503383,1.3862943611198906,2.0794415416798357,75.5922506,Available,Unknown,Available
52777,,2010-02-22,Male,4,dalian,liaoning,CN,44,2014-03-31,53,48728,37930,19762,70809,2014-03-17,15,13,78,8,0.782651358,122989,52,11.719858330236455,10.794029614387506,10.543523998690803,9.891566781640435,11.167755512645819,11.719858330236455,2.6781195350145417,4.3694478524670215,2.1972245773362196,3.970291913552122,78.2651358,Unknown,Available,Available
44794,2008-06-06,,Male,6,dalian,liaoning,CN,57,2014-03-31,71,42429,19182,28276,72608,2014-03-27,5,10,57,1,0.763069772,54523,2,10.906396250690733,10.65561093819637,9.861779749136337,10.249804032346637,11.19284416007177,10.906396250690733,2.4285882189458876,4.060443010546419,0.6931471805599453,1.0986122886681096,76.3069772,Available,Unknown,Available
53800,,2008-10-18,Male,4,shenyang,liaoning,CN,49,2014-03-31,41,42454,21390,15753,72573,2014-03-30,2,18,139,0,0.76296529,42454,0,10.656199970433464,10.656199970433464,9.970725551801806,9.664849580263269,11.192362009948436,10.656199970433464,2.9562115153917077,4.941642422609304,0.0,0.0,76.296529,Unknown,Available,Available
17711,2006-03-05,,Male,6,Unknown,liaoning,CN,49,2014-03-31,52,54822,11837,16548,65494,2014-03-26,6,14,73,17,0.84519101,60088,19,11.003582075485388,10.911865092912526,9.37906997525067,9.714080956018943,11.089729082831749,11.003582075485388,2.717158917170917,4.304065093204169,2.8903717578961645,2.995732273553991,84.51910099999999,Available,Unknown,Available
36720,2006-04-07,,Male,4,guangzhou,guangdong,CN,39,2014-03-31,36,52669,33074,17060,60161,2014-01-16,76,17,120,4,0.920092086,66169,6,11.099982467006106,10.871801312477436,10.406532988983157,9.74455043597491,11.00479620275198,11.099982467006106,2.91235066461494,4.795790545596741,1.6094379124341003,1.9459101490553132,92.00920860000001,Available,Unknown,Available
24159,2011-11-10,,Male,4,hetian,xinjiang,CN,41,2014-03-31,50,44312,7589,17661,82644,2014-03-14,18,13,108,0,0.669776269,46762,0,10.752847570927493,10.69903336670871,8.934586870389676,9.779170718028748,11.322309605351453,10.752847570927493,2.7066887307218725,4.6913478822291435,0.0,0.0,66.9776269,Available,Unknown,Available
39321,,2010-02-26,Female,4,beijing,beijing,CN,38,2014-03-31,39,52680,18226,32285,59983,,58,15,76,0,0.922404515,55218,1,10.91906237593951,10.872010138213119,9.810659290224933,10.382388978717474,11.001833138975693,10.91906237593951,2.812884262607364,4.343805421853684,0.0,0.6931471805599453,92.24045149999999,Unknown,Available,Unknown
45933,2006-10-11,,Male,6,.,beijing,CN,47,2014-03-31,21,53847,28110,19178,39984,,56,32,85,0,1.383658463,58751,4,10.981080473980162,10.89392054169055,10.243916237796457,9.861571209434837,10.59625966276599,10.981080473980162,3.518980417318539,4.454347296253507,0.0,1.6094379124341003,138.3658463,Available,Unknown,Unknown
54738,2006-05-10,,Female,5,guangzhou,guangdong,CN,46,2014-03-31,47,49004,26321,22729,84222,2014-03-20,12,14,63,4,0.656885256,54067,21,10.897997792603718,10.799677612703281,10.178160370394268,10.03144091684659,11.341223322074145,10.897997792603718,2.747828172419853,4.1588830833596715,1.6094379124341003,3.091042453358316,65.6885256,Available,Unknown,Available
1064,2007-03-06,2011-11-30,Male,6,shenzhen,guangdong,CN,43,2014-03-31,20,54677,18390,27988,43133,2014-03-16,16,30,99,1,1.282584796,61757,5,11.030978800754614,10.909216713724183,9.81961669349898,10.239566854825899,10.672066828211927,11.030978800754614,3.4558184662586595,4.605170185988092,0.6931471805599453,1.791759469228055,128.25847960000002,Available,Available,Available
2289,,2005-10-30,Male,5,Unknown,guangdongsheng,CN,35,2014-03-31,51,50134,22286,29022,77134,2014-02-28,33,13,102,1,0.71721018,53209,4,10.882001627590414,10.822474645958026,10.011758827819916,10.27584389807654,11.25331241244604,10.882001627590414,2.7053799725463312,4.634728988229636,0.6931471805599453,1.6094379124341003,71.721018,Unknown,Available,Available
53604,2007-03-01,,Female,5,dalian,liaoning,CN,53,2014-03-31,53,48829,18958,20695,68853,2014-03-31,1,13,74,6,0.80343253,52612,8,10.870718516478668,10.796100157055706,9.85003403180204,9.937695723865865,11.139743599782216,10.870718516478668,2.6951467964221463,4.31748811353631,1.9459101490553132,2.1972245773362196,80.343253,Available,Unknown,Available
23989,2012-10-09,,Male,5,NANTO-SHI,TOYAMA-KEN,JP,62,2014-03-31,49,32941,20972,49924,81236,2014-03-31,1,11,79,0,0.680954626,35362,0,10.473421354781692,10.40250371834262,9.950991175180095,10.818277158284015,11.305126087390619,10.473421354781692,2.503823809192778,4.382026634673881,0.0,0.0,68.0954626,Available,Unknown,Available
38298,,2005-10-27,Male,5,guangzhoushi,guangdong,CN,46,2014-03-31,50,46049,17515,31278,85464,2014-02-24,37,13,80,3,0.647232636,56067,10,10.934320518782949,10.737483041683452,9.770870027921289,10.350702224838756,11.355862214390369,10.934320518782949,2.70259316184435,4.394449154672439,1.3862943611198906,2.3978952727983707,64.7232636,Unknown,Available,Available
38796,,2008-01-24,Male,5,beijing,beijing,CN,41,2014-03-31,32,52957,27418,24692,38568,2014-03-25,7,21,138,0,1.433378189,56112,4,10.935122793721016,10.877254425547346,10.218991482721144,10.114275081640754,10.560204123979984,10.935122793721016,3.1185206827348932,4.9344739331306915,0.0,1.6094379124341003,143.3378189,Unknown,Available,Available
10993,,,Male,4,guangzhou,guangdong,CN,49,2014-03-31,30,47371,17222,23311,80091,2014-02-22,39,23,98,3,0.690167684,47371,3,10.765786615841385,10.765786615841385,9.754000978835746,10.056723528434986,11.29093125291254,10.765786615841385,3.2007820815097716,4.59511985013459,1.3862943611198906,1.3862943611198906,69.01676839999999,Unknown,Unknown,Available
28259,,,Female,4,.,beijing,CN,32,2014-03-31,32,53641,27911,23180,39703,2014-01-26,66,20,85,4,1.392156512,54744,6,10.910441319307525,10.890087622308279,10.23681198286661,10.051088256601693,10.589207217267276,10.910441319307525,3.0747819324716326,4.454347296253507,1.6094379124341003,1.9459101490553132,139.2156512,Unknown,Unknown,Available
61072,,2012-11-21,Male,5,yudugongshi,riben,JP,51,2014-03-31,61,45858,6703,57462,87434,,22,7,50,3,0.632155683,57203,5,10.954379104992826,10.733326750679167,8.856572917341328,10.958896541403579,11.378650939147759,10.954379104992826,2.1879221847112893,3.9318256327243257,1.3862943611198906,1.791759469228055,63.2155683,Unknown,Available,Unknown
24509,2012-03-07,2012-04-28,Male,4,shanghai,shanghai,CN,47,2014-03-31,46,47450,0,16641,71424,2014-03-23,9,15,76,3,0.773761061,51490,4,10.849162314098441,10.767452878631598,8.856572917341328,9.719684899460376,11.176403227098973,10.849162314098441,2.7999876961576255,4.343805421853684,1.3862943611198906,1.6094379124341003,77.3761061,Available,Available,Available
35702,,2007-11-22,Male,6,changchun,jilin,CN,43,2014-03-31,72,46574,16193,34531,76714,2014-03-29,3,9,55,1,0.720287692,54367,3,10.903531024471658,10.748819195469789,9.69239608224606,10.449641709355413,11.247852535379305,10.903531024471658,2.3901831523352572,4.02535169073515,0.6931471805599453,1.3862943611198906,72.0287692,Unknown,Available,Available
29730,,2008-04-14,Male,4,shanghai,shanghai,CN,40,2014-03-31,28,50988,33224,9920,39634,2014-03-24,8,26,220,11,1.393130141,56183,18,10.936387297838856,10.839365202168324,10.411057883581446,9.202409001649903,10.587467845271256,10.936387297838856,3.313512377109143,5.3981627015177525,2.4849066497880004,2.9444389791664403,139.3130141,Unknown,Available,Available
26977,,2006-06-22,Male,5,wulumuqishi,xinjiang,CN,44,2014-03-31,30,42719,22259,19194,82401,2014-03-29,3,25,121,0,0.669913472,43211,1,10.673873513436876,10.662422473634077,10.010546624829535,9.862405107434897,11.319364987447667,10.673873513436876,3.258096538021482,4.804021044733257,0.0,0.6931471805599453,66.99134719999999,Unknown,Available,Available
25692,,2012-03-25,Male,6,wenzhoushi,zhejiangsheng,CN,37,2014-03-31,39,52377,15827,31360,50287,2014-03-27,5,18,65,0,1.09740768,54143,1,10.899402442965895,10.866241934820323,9.669535802505315,10.353320361711043,10.825521759037349,10.899402442965895,2.9891315893901886,4.189654742026425,0.0,0.6931471805599453,109.74076800000002,Unknown,Available,Available
29809,2008-01-07,2008-12-23,Male,4,shenzhen,guangdong,CN,58,2014-03-31,27,51225,22144,23198,41594,2014-03-16,16,25,122,0,1.326618262,52021,0,10.859421985014835,10.844002494634465,10.0053670163573,10.051864453277146,10.635735246717989,10.859421985014835,3.290122564884157,4.812184355372417,0.0,0.0,132.6618262,Available,Available,Available
36699,2006-05-01,2006-06-26,Male,4,guiyang,guizhou,CN,52,2014-03-31,24,49353,27283,20036,39764,,114,23,70,2,1.387523137,52667,3,10.871763339476235,10.80677409527503,10.21405572877461,9.905335843393745,10.590742407391236,10.871763339476235,3.1852740781775477,4.2626798770413155,1.0986122886681096,1.3862943611198906,138.7523137,Available,Available,Unknown
50179,,,Male,4,guangzhou,guangdong,CN,52,2014-03-31,7,32564,7850,10700,85624,2013-12-30,93,98,259,0,0.644285714,32564,0,10.390993370980501,10.390993370980501,8.968396191198256,9.278092474027002,11.357732575564526,10.390993370980501,3.861673167219153,5.560681631015528,0.0,0.0,64.4285714,Unknown,Unknown,Available
22671,,2010-03-28,Male,4,wulumuqi,xinjiang,CN,49,2014-03-31,30,41009,24269,19409,81736,2014-03-27,5,24,143,0,0.674919619,41009,0,10.621571218386105,10.621571218386105,10.096996298720647,9.873543676163056,11.311262054707527,10.621571218386105,3.251443153650906,4.969813299576001,0.0,0.0,67.49196189999999,Unknown,Available,Available
19320,,,Male,6,guangzhou,guangdong,CN,36,2014-03-31,46,49665,27398,24736,64070,2014-03-26,6,16,112,3,0.860966287,51661,3,10.852477780573299,10.813075873350607,10.218261795359789,10.116055377478153,11.067747122440093,10.852477780573299,2.838428479800344,4.727387818712341,1.3862943611198906,1.3862943611198906,86.0966287,Unknown,Unknown,Available
56049,,2013-07-28,Male,4,Simi Valley,Unknown,US,54,2014-03-31,12,49121,0,26093,69857,2014-03-23,9,21,130,0,0.789432698,51012,0,10.839835781185261,10.802062278604502,8.856572917341328,10.169460681825694,11.154219889265072,10.839835781185261,3.123565645183876,4.875197323201151,0.0,0.0,78.94326980000001,Unknown,Available,Available
21055,,,Male,6,.,beijing,CN,71,2014-03-31,36,54702,34467,22048,38524,2014-03-30,2,20,115,0,1.431433133,58504,4,10.976867499653059,10.909673831513109,10.447786636359657,10.00102252837266,10.559062660188317,10.976867499653059,3.0580361570914882,4.7535901911063645,0.0,1.6094379124341003,143.14331330000002,Unknown,Unknown,Available
50335,2011-06-08,,Female,5,beijing,beijing,CN,56,2014-03-31,49,46372,24884,23222,91574,2014-03-27,5,15,63,2,0.602134012,47525,4,10.769032208692334,10.744472672295117,10.122020491292655,10.052898445872824,11.424913587647016,10.769032208692334,2.775189504147631,4.1588830833596715,1.0986122886681096,1.6094379124341003,60.21340120000001,Available,Unknown,Available
23511,,2012-03-19,Female,4,dalian,liaoning,CN,46,2014-03-31,66,46509,20002,26693,74480,2014-03-16,16,10,84,0,0.740179108,48373,2,10.786717758283793,10.747422622218142,9.903637541287253,10.192194100034097,11.218299338284016,10.786717758283793,2.4823392543470217,4.442651256490317,0.0,1.0986122886681096,74.0179108,Unknown,Available,Available
31272,2009-12-02,,Male,5,shaoxingxian,zhejiangsheng,CN,37,2014-03-31,64,35900,26234,22361,104131,2014-03-21,11,11,46,0,0.52925853,68889,4,11.140266308587242,10.488520429241627,10.174849676120813,10.015118368707313,11.553414604100274,11.140266308587242,2.4914986315227154,3.8501476017100584,0.0,1.6094379124341003,52.925853000000004,Available,Unknown,Available
21852,,2009-07-17,Female,4,guangzhou,guangdong,CN,40,2014-03-31,42,50600,21618,27189,71762,2014-03-26,6,17,133,0,0.767894568,58484,12,10.976525590084808,10.831726617926124,9.981327836654465,10.210604537626516,11.181124301878897,10.976525590084808,2.914469309461998,4.897839799950911,0.0,2.5649493574615367,76.7894568,Unknown,Available,Available
53764,,2006-03-17,Male,6,beijing,beijing,CN,41,2014-03-31,62,51101,27910,27463,62432,2014-03-27,5,11,55,4,0.882587295,55072,8,10.916414856894058,10.841578914369135,10.236776155340317,10.220631335137528,11.04184926072152,10.916414856894058,2.536814509208436,4.02535169073515,1.6094379124341003,2.1972245773362196,88.2587295,Unknown,Available,Available
44943,2006-04-07,2007-03-27,Male,4,wulumuqi,xinjiang,CN,52,2014-03-31,31,48688,17675,21741,67038,,59,21,89,0,0.821573734,49188,1,10.803425300247511,10.793208410867665,9.77996306625063,9.987001152763945,11.113029818576933,10.803425300247511,3.131136910560194,4.499809670330265,0.0,0.6931471805599453,82.1573734,Available,Available,Unknown
18849,,,Female,5,guangzhou,guangdong,CN,50,2014-03-31,53,45734,24234,26188,82420,2014-03-18,14,13,65,2,0.668129095,56360,21,10.939532708935408,10.730619148090465,10.095553148279476,10.173094754260378,11.319595537796637,10.939532708935408,2.6621405000128973,4.189654742026425,1.0986122886681096,3.091042453358316,66.81290949999999,Unknown,Unknown,Available
59221,2012-04-06,,Male,5,guiyang,guizhou,CN,38,2014-03-31,47,51960,17914,30232,56774,2014-03-23,9,15,89,2,0.969595237,57629,4,10.961798544430712,10.85824871617286,9.793393629739054,10.316689322016014,10.946851366973759,10.961798544430712,2.807305159118811,4.499809670330265,1.0986122886681096,1.6094379124341003,96.9595237,Available,Unknown,Available
18757,2006-03-02,2006-05-19,Male,6,beijing,beijing,CN,42,2014-03-31,28,52505,26504,21100,46337,2014-02-25,36,20,97,0,1.187985195,57802,3,10.964795956427736,10.868682727763886,10.185088673421907,9.957075711706057,10.74371763779732,10.964795956427736,3.0671912374671706,4.584967478670572,0.0,1.3862943611198906,118.7985195,Available,Available,Available
13439,,2010-01-20,Male,5,zhanjiang,guangdong,CN,38,2014-03-31,35,55886,22760,28659,61578,2014-01-22,70,16,90,0,0.893933061,58656,1,10.97946219904839,10.931087073957817,10.032803824006184,10.263257701382162,11.028076182307988,10.97946219904839,2.8854577433236206,4.51085950651685,0.0,0.6931471805599453,89.3933061,Unknown,Available,Available
22588,,2010-01-31,Female,5,guangzhou,guangdong,CN,37,2014-03-31,68,47288,24980,29534,76495,,24,10,64,0,0.719430812,49430,2,10.808333036725541,10.764032989294652,10.125870814903928,10.293331279741336,11.244993730865884,10.808333036725541,2.446879254547598,4.174387269895637,0.0,1.0986122886681096,71.94308120000001,Unknown,Available,Unknown
42872,2012-08-02,,Male,5,shenzhenshi,guangdong,CN,37,2014-03-31,52,38241,18017,24088,77850,2014-03-27,5,11,48,2,0.706811432,46349,9,10.743976570994,10.551689667052905,9.799126537211386,10.089510583746897,11.262552022394802,10.743976570994,2.5512817185952583,3.8918202981106265,1.0986122886681096,2.302585092994046,70.6811432,Available,Unknown,Available
35142,,,Male,6,dalian,liaoning,CN,43,2014-03-31,95,49630,24035,38593,62435,2014-03-30,2,6,26,1,0.881219028,56443,3,10.94100427517765,10.81237091748186,10.087307985453819,10.560852102956302,11.041897311078303,10.94100427517765,2.027588180089188,3.295836866004329,0.6931471805599453,1.3862943611198906,88.1219028,Unknown,Unknown,Available
33177,2011-11-10,,Male,5,guangzhou,guangdong,CN,39,2014-03-31,55,54944,16970,36871,61764,2014-03-20,12,12,71,2,0.890241241,60010,5,11.00228315773407,10.914087963881025,9.739261284011265,10.515207734400343,11.031092139970914,11.00228315773407,2.584696120452237,4.276666119016055,1.0986122886681096,1.791759469228055,89.0241241,Available,Unknown,Available
29766,2007-10-11,,Male,6,wuhan,hubei,CN,53,2014-03-31,66,51905,21222,31234,70001,2014-03-14,18,10,82,10,0.785338209,68765,15,11.138464715724755,10.857189669408429,9.962840778235641,10.349294539927671,11.156279092051912,11.138464715724755,2.461559285528542,4.418840607796598,2.3978952727983707,2.772588722239781,78.5338209,Available,Unknown,Available
36523,2005-12-04,2005-12-18,Male,4,guangdong,guangzhoushi,CN,44,2014-03-31,85,40498,30575,22485,77413,2014-02-23,38,8,48,3,0.70946456,43932,6,10.690421025100237,10.60903256143177,10.327970666480054,10.020648172309706,11.256922921774237,10.690421025100237,2.2038165590709347,3.8918202981106265,1.3862943611198906,1.9459101490553132,70.946456,Available,Available,Available
43910,,2011-02-27,Male,5,dalian,liaoning,CN,41,2014-03-31,63,43071,35654,18087,68137,,22,11,62,0,0.805492023,44895,0,10.712103982902187,10.6706284130044,10.481644668462405,9.803004013957805,11.129290339448714,10.712103982902187,2.517956584746638,4.143134726391533,0.0,0.0,80.5492023,Unknown,Available,Unknown
48225,,2008-04-18,Male,4,shenzhen,guangdong,CN,43,2014-03-31,60,37325,21553,19375,90640,2014-03-26,6,12,58,2,0.605253641,40562,5,10.610611600026868,10.527445413743076,9.978316693156778,9.871790465792873,11.414661928297692,10.610611600026868,2.5868715762023413,4.07753744390572,1.0986122886681096,1.791759469228055,60.525364100000004,Unknown,Available,Available
31693,,2010-10-16,Female,4,LA,CA,US,50,2014-03-31,12,32541,14495,9047,84678,,146,38,200,0,0.647776046,32541,0,10.390286841699265,10.390286841699265,9.581628028282761,9.110299017795956,11.346622916015162,10.390286841699265,3.68660414029958,5.303304908059076,0.0,0.0,64.7776046,Unknown,Available,Unknown
39301,,2008-03-13,Male,5,changchun,jilin,CN,37,2014-03-31,53,45890,20387,19001,70758,2014-03-28,4,13,87,1,0.775084089,47312,1,10.764540378155667,10.734024298391375,9.922701771459932,9.852299515766695,11.167035015895737,10.764540378155667,2.7054828054941367,4.477336814478207,0.6931471805599453,0.6931471805599453,77.5084089,Unknown,Available,Available
16729,2007-10-03,,Female,4,shenyang,liaoning,CN,59,2014-03-31,29,49771,23323,23055,43510,,90,21,114,0,1.259702597,50118,0,10.822155456696034,10.815207855895522,10.057238152342046,10.045681318239303,10.680769058672864,10.822155456696034,3.1119267463344578,4.74493212836325,0.0,0.0,125.9702597,Available,Unknown,Unknown
40361,,2009-12-22,Male,6,guangzhou,guangdong,CN,63,2014-03-31,22,53573,34330,16005,38318,2014-03-26,6,34,179,0,1.429628112,56952,5,10.949981645275436,10.88881915474527,10.44380401506915,9.680718930926991,10.553701135710886,10.949981645275436,3.5675185971499914,5.19295685089021,0.0,1.791759469228055,142.9628112,Unknown,Available,Available
9883,2006-11-01,2007-01-21,Male,5,wuhan,hubei,CN,47,2014-03-31,72,49004,23550,26926,71784,2014-03-30,2,10,64,2,0.763005823,59184,6,10.988423410387995,10.799677612703281,10.066923561388053,10.200884779674478,11.181430819561795,10.988423410387995,2.419428720433556,4.174387269895637,1.0986122886681096,1.9459101490553132,76.3005823,Available,Available,Available
12518,2008-08-05,2011-09-19,Male,6,changchun,jilin,CN,27,2014-03-31,34,49500,17089,13881,46983,,31,21,132,2,1.165268501,52502,5,10.868625589804267,10.809748150372926,9.746248776109637,9.53834831589953,10.757562397202355,10.868625589804267,3.099272952412864,4.890349128221754,1.0986122886681096,1.791759469228055,116.52685009999999,Available,Available,Unknown
3139,,,Male,6,zhengzhou,henan,CN,46,2014-03-31,76,55827,21926,28561,66323,2014-03-31,1,9,44,3,0.825049832,60205,3,11.005527294104496,10.930030814628536,9.9954740331485,10.259832442012879,11.102307101621264,11.005527294104496,2.369620494299032,3.8066624897703196,1.3862943611198906,1.3862943611198906,82.5049832,Unknown,Unknown,Available
17750,2007-01-11,,Female,4,shenyang,liaoning,CN,48,2014-03-31,68,37632,18912,24443,84174,2014-03-21,11,10,36,0,0.650000713,41676,3,10.637704696869411,10.535636604034492,9.847604795288454,10.104140066014805,11.340653244029275,10.637704696869411,2.459716401189034,3.6109179126442243,0.0,1.3862943611198906,65.0000713,Available,Unknown,Available
57505,,2010-02-13,Male,5,shenzhen,guangdong,CN,41,2014-03-31,47,48165,19348,27247,77084,2014-02-23,38,14,130,4,0.709719397,49985,4,10.819498245202965,10.782408656940278,9.87039601753593,10.212735402902469,11.25266398809444,10.819498245202965,2.7547678253930443,4.875197323201151,1.6094379124341003,1.6094379124341003,70.9719397,Unknown,Available,Available
35476,2005-12-06,2006-03-26,Male,6,tonghua,jilin,CN,55,2014-03-31,55,47489,24350,21816,69597,2014-03-14,18,12,67,0,0.786059169,50094,1,10.821676481693363,10.768274441543168,10.100328195429285,9.990444761392025,11.150491110277452,10.821676481693363,2.629754936926243,4.219507705176107,0.0,0.6931471805599453,78.6059169,Available,Available,Available
33512,,,Male,4,guangzhou,guangdong,CN,53,2014-03-31,6,27912,12800,5900,73392,,81,111,226,0,0.745,27912,0,10.236847809109337,10.236847809109337,9.45727857185611,9.077809308899132,11.203583842207394,10.236847809109337,3.861673167219153,5.424950017481403,0.0,0.0,74.5,Unknown,Unknown,Unknown
32592,,2011-07-25,Male,5,guangzhou,guangdong,CN,28,2014-03-31,46,54742,29036,22908,61573,2014-03-22,10,15,75,2,0.887718318,57635,3,10.961902651452824,10.910404785623465,10.276326157817198,10.039285125433349,11.027994982499575,10.961902651452824,2.7999876961576255,4.330733340286331,1.0986122886681096,1.3862943611198906,88.7718318,Unknown,Available,Available
44968,2006-05-12,2006-06-28,Female,4,wulumuqishi,xinjiang,CN,57,2014-03-31,39,44203,18216,25151,72327,2014-01-27,65,17,225,0,0.755574129,48480,3,10.788927247593167,10.696570561708672,9.81011050303083,10.132692695228933,11.188966608417202,10.788927247593167,2.8947481325832998,5.420534999272286,0.0,1.3862943611198906,75.5574129,Available,Available,Available
1114,2007-04-05,2008-12-30,Male,5,shanghai,shanghai,CN,41,2014-03-31,43,51288,5280,5615,60055,,60,14,81,6,0.909902756,53742,10,10.891968704950774,10.845231583215277,8.856572917341328,9.077809308899132,11.003032739252838,10.891968704950774,2.768114441934546,4.406719247264253,1.9459101490553132,2.3978952727983707,90.9902756,Available,Available,Unknown
27042,2008-01-09,,Male,4,kuerle,xinjiang,CN,37,2014-03-31,24,47888,22857,21167,65492,2014-03-31,1,31,91,1,0.834027209,50194,2,10.823670699125627,10.77664111193259,10.037056444457543,9.960245886354738,11.089698545683305,10.823670699125627,3.4792313843148257,4.5217885770490405,0.6931471805599453,1.0986122886681096,83.4027209,Available,Unknown,Available
47080,2004-12-03,2005-01-14,Male,5,guangzhoushi,guangdongsheng,CN,43,2014-03-31,53,52598,36840,15881,60147,2014-02-27,34,12,75,4,0.908051939,52598,6,10.870452387138238,10.870452387138238,10.514366634409093,9.672941671455156,11.00456347064221,10.870452387138238,2.6196392437021347,4.330733340286331,1.6094379124341003,1.9459101490553132,90.8051939,Available,Available,Available
9872,,2006-11-14,Male,5,guangzhou,guangdong,CN,34,2014-03-31,43,54082,26197,20465,63973,2014-01-25,67,15,64,6,0.853737827,64776,37,11.078705881063264,10.898275182551036,10.173438350957595,9.9265202516467,11.066232029799922,11.078705881063264,2.8191087377610375,4.174387269895637,1.9459101490553132,3.6375861597263857,85.3737827,Unknown,Available,Available
10298,,,Male,5,wulumuqi,xinjiang,CN,39,2014-03-31,62,47278,19619,13023,72933,2014-03-28,4,11,98,4,0.748585825,53444,9,10.886408366708046,10.763821501264086,9.884304733119354,9.474549088242322,11.197310201587902,10.886408366708046,2.5509808762824857,4.59511985013459,1.6094379124341003,2.302585092994046,74.8585825,Unknown,Unknown,Available
14665,2012-01-01,,Male,4,BUENA PARA,CA,US,50,2014-03-31,6,64606,17190,12600,53572,2013-06-26,280,87,365,0,1.01873068,64606,0,11.076078043033393,11.076078043033393,9.752141270041493,9.441531454869693,10.888800488800355,11.076078043033393,3.861673167219153,5.675121665433755,0.0,0.0,101.873068,Available,Unknown,Available
22285,,2009-09-25,Male,6,guangzhou,guangdong,CN,36,2014-03-31,114,44820,27991,32820,82801,2014-03-22,10,6,67,6,0.659096267,66581,32,11.106189549728619,10.710432058574115,10.239674034047525,10.398823833405986,11.324207494671006,11.106189549728619,1.9976458234641061,4.219507705176107,1.9459101490553132,3.4965075614664802,65.9096267,Unknown,Available,Available
32305,,2011-05-24,Male,5,changsha,hunan,CN,43,2014-03-31,61,50566,19455,30552,64379,2014-03-18,14,11,64,6,0.847582907,57454,10,10.958757311691734,10.831054468604599,9.875910784765894,10.327218159451137,11.0725583048528,10.958757311691734,2.5082433296958655,4.174387269895637,1.9459101490553132,2.3978952727983707,84.7582907,Unknown,Available,Available
35630,,2007-02-27,Male,5,changchun,jilin,CN,45,2014-03-31,52,52489,10756,35644,64867,2014-03-20,12,11,69,13,0.841186428,54774,13,10.910989164463667,10.868377954246345,9.283311984432006,10.48136416355173,11.080109714839265,10.910989164463667,2.5059260169480755,4.248495242049359,2.639057329615259,2.639057329615259,84.1186428,Unknown,Available,Available
26365,,2009-09-14,Male,5,guangzhou,guangdong,CN,32,2014-03-31,44,59200,4470,39862,68928,2014-03-14,18,15,302,7,0.791287721,65960,9,11.09681893726207,10.988693712621323,8.856572917341328,10.593203854356613,11.140832268303116,11.09681893726207,2.822209106562021,5.675121665433755,2.0794415416798357,2.302585092994046,79.1287721,Unknown,Available,Available
45674,,2006-03-15,Male,5,Unknown,Unknown,SG,46,2014-03-31,54,43439,23228,33788,76493,,25,13,54,2,0.712893598,48997,4,10.799534759933223,10.679135954607817,10.053156777054832,10.427890584715806,11.244967585366178,10.799534759933223,2.656425835776373,4.007333185232471,1.0986122886681096,1.6094379124341003,71.2893598,Unknown,Available,Unknown
14442,2011-07-05,,Male,4,PARIS,PARIS,FL,37,2014-03-31,12,43009,18788,8757,76027,,85,52,315,0,0.717172452,43009,0,10.669187925777782,10.669187925777782,9.841026871193522,9.077809308899132,11.238856972470728,10.669187925777782,3.861673167219153,5.675121665433755,0.0,0.0,71.71724520000001,Available,Unknown,Unknown
56452,,2006-06-26,Male,4,guangzhou,guangdong,CN,43,2014-03-31,25,54568,45787,9932,65115,2013-10-30,154,17,70,0,0.837251478,56629,1,10.944294159107852,10.907221234925327,10.731777327038367,9.203617826215355,11.0839255737284,10.944294159107852,2.9109910450989003,4.2626798770413155,0.0,0.6931471805599453,83.7251478,Unknown,Available,Available
42691,,2012-05-26,Male,4,haerbin,heilongjiang,CN,43,2014-03-31,29,37754,24587,17968,80529,,27,23,78,1,0.676881744,38254,2,10.552029549665953,10.538873196237526,10.1100137980269,9.796403329926454,11.296385064789591,10.552029549665953,3.1854667627961555,4.3694478524670215,0.6931471805599453,1.0986122886681096,67.6881744,Unknown,Available,Unknown
48276,2011-10-04,,Male,4,SHIKI-GUN,NARA-KEN,JP,60,2014-03-31,31,47522,33432,22875,71469,,143,18,60,0,0.762352209,52502,4,10.868625589804267,10.76896908335696,10.417298715142485,10.037843605035206,11.177033060214024,10.868625589804267,2.9652730660692823,4.110873864173311,0.0,1.6094379124341003,76.2352209,Available,Unknown,Unknown
46706,2012-01-12,2012-02-20,Female,5,guangzhoushi,guangdongsheng,CN,31,2014-03-31,43,50269,21020,25916,75284,2014-03-26,6,17,87,1,0.723608336,52136,1,10.861630148432843,10.82516375668662,9.953277217038643,10.162654403026995,11.229036190757144,10.861630148432843,2.900898170856974,4.477336814478207,0.6931471805599453,0.6931471805599453,72.36083359999999,Available,Available,Available
8231,,2009-08-18,Female,5,wulumuqi,xinjiang,CN,40,2014-03-31,52,46045,12598,23503,74029,2014-03-16,16,13,57,3,0.735863648,50376,4,10.827290000694122,10.737396175804315,9.44137272471063,10.064925898413659,11.212225695437144,10.827290000694122,2.6557243822657597,4.060443010546419,1.3862943611198906,1.6094379124341003,73.5863648,Unknown,Available,Available
39667,2007-01-01,2009-02-19,Male,4,guangzhou,guangdong,CN,53,2014-03-31,23,52807,29905,18406,40062,2013-12-28,95,27,150,1,1.359759373,52807,1,10.874417973368606,10.874417973368606,10.305814408143789,9.820486306032722,10.598208494084364,10.874417973368606,3.356263409119506,5.017279836814924,0.6931471805599453,0.6931471805599453,135.9759373,Available,Available,Available
56350,,2009-04-20,Male,5,jinan,shandong,CN,44,2014-03-31,59,52737,22168,20970,61407,2014-03-17,15,12,52,1,0.887042682,80436,26,11.295229548312946,10.8730915373073,10.006450195593953,9.950895809931119,11.025295398807426,11.295229548312946,2.5807391590636235,3.970291913552122,0.6931471805599453,3.295836866004329,88.7042682,Unknown,Available,Available
40046,,,Male,5,shenyangshi,liaoningsheng,CN,46,2014-03-31,56,49151,15362,27323,67116,,24,12,63,0,0.811097652,57185,2,10.95406439216568,10.802672816507345,9.63971730013066,10.21552071585174,11.114192644075443,10.95406439216568,2.578838469484273,4.1588830833596715,0.0,1.0986122886681096,81.1097652,Unknown,Unknown,Unknown
26644,,2006-01-19,Male,5,changchun,jilin,CN,58,2014-03-31,43,51274,31026,22165,54877,2014-03-30,2,15,49,0,0.991978607,52514,0,10.868854122056876,10.844958582940581,10.342613072136906,10.006314862335598,10.912867818587012,10.868854122056876,2.8191087377610375,3.912023005428146,0.0,0.0,99.19786069999999,Unknown,Available,Available
38068,,,Male,4,guangzhou,guangdong,CN,40,2014-03-31,27,54765,20620,17254,68470,2014-03-28,4,27,120,1,0.794989338,57236,15,10.954955821395421,10.910824842428626,9.934065253000266,9.755857235532103,11.134165576944927,10.954955821395421,3.349904087274605,4.795790545596741,0.6931471805599453,2.772588722239781,79.4989338,Unknown,Unknown,Available
17742,,2007-05-28,Male,6,dalian,liaoning,CN,45,2014-03-31,69,42528,16121,25021,75480,2014-03-25,7,9,45,4,0.720937467,46780,5,10.753232416566384,10.657941475156765,9.687940077843546,10.127510716877346,11.231636247937386,10.753232416566384,2.3803627939986347,3.828641396489095,1.6094379124341003,1.791759469228055,72.09374670000001,Unknown,Available,Available
22898,2010-11-04,,Male,5,zhengzhou,henan,CN,38,2014-03-31,77,52614,28320,25323,56973,2014-03-30,2,9,87,1,0.954623243,57377,5,10.957416233577598,10.870756529174912,10.25135885791871,10.139507841664017,10.950350302402153,10.957416233577598,2.3601089371173254,4.477336814478207,0.6931471805599453,1.791759469228055,95.4623243,Available,Unknown,Available
62,2010-06-07,2011-10-31,Female,4,beijing,beijing,CN,28,2014-03-31,45,46880,35419,12328,80124,,25,15,130,3,0.678752559,46880,3,10.75536775508141,10.75536775508141,10.475031911336824,9.419709489868552,11.291343194222971,10.75536775508141,2.8224605523880624,4.875197323201151,1.3862943611198906,1.3862943611198906,67.8752559,Available,Available,Unknown
55014,2006-10-05,,Male,5,beijing,beijing,CN,38,2014-03-31,63,54604,26934,25458,68917,2014-03-31,1,11,93,1,0.788672461,62921,5,11.04965114306246,10.90788073263183,10.201181835114634,10.144824594042303,11.140672671068161,11.04965114306246,2.5347203558327003,4.543294782270004,0.6931471805599453,1.791759469228055,78.8672461,Available,Unknown,Available
38051,,2005-05-26,Female,4,guangzhou,guangdong,CN,36,2014-03-31,24,53410,20483,36637,57573,,151,25,144,2,0.94360082,53410,3,10.885771996244106,10.885771996244106,9.92739937258244,10.508841232145404,10.96082635588846,10.885771996244106,3.2597673821529107,4.976733742420574,1.0986122886681096,1.3862943611198906,94.360082,Unknown,Available,Unknown
38547,,2007-10-21,Male,4,NGAPORE,NGAPORE,SG,53,2014-03-31,38,37408,20666,20589,78590,2014-03-24,8,19,86,1,0.691248759,38408,2,10.556047086114289,10.529666596164281,9.936293504261306,9.932560800021836,11.27201246804444,10.556047086114289,3.0210838645801275,4.465908118654584,0.6931471805599453,1.0986122886681096,69.1248759,Unknown,Available,Available
55124,,2007-03-20,Male,5,guangzhou,guangdong,CN,34,2014-03-31,54,46661,27111,22688,79184,2014-03-17,15,13,98,0,0.686011189,60898,17,11.016972033201926,10.750685407922997,10.207731713286888,10.029635504524139,11.279542165925827,11.016972033201926,2.6747990557974752,4.59511985013459,0.0,2.8903717578961645,68.6011189,Unknown,Available,Available
29299,2005-09-07,2005-09-16,Male,6,guangzhou,guangdong,CN,38,2014-03-31,85,43207,29541,27069,78884,2014-03-31,1,8,40,0,0.688358603,48009,6,10.779164601524986,10.673780942272726,10.293568258600546,10.206181382608348,11.275746374691554,10.779164601524986,2.271143567110087,3.713572066704308,0.0,1.9459101490553132,68.8358603,Available,Available,Available
15710,2012-07-01,2012-07-16,Female,4,wulumuqi,xinjiang,CN,34,2014-03-31,22,51111,15539,25040,72667,2014-03-19,13,29,96,0,0.74724304,53575,1,10.888856485589885,10.841774582282179,9.651172623921639,10.128269760518846,11.193656401558636,10.888856485589885,3.4059479843259663,4.574710978503383,0.0,0.6931471805599453,74.724304,Available,Available,Available
48622,,2009-08-30,Male,4,zhuozhou,hebei,CN,52,2014-03-31,24,45609,16911,27931,71665,,21,28,77,0,0.75735059,49873,3,10.817255103865845,10.727882269705747,9.735778708110018,10.237528263965926,11.179771716072842,10.817255103865845,3.386598582196885,4.356708826689592,0.0,1.3862943611198906,75.735059,Unknown,Available,Unknown
14739,,,Female,5,shenzhen,guangdong,CN,34,2014-03-31,49,45375,1088,25602,78672,2014-03-19,13,14,58,3,0.689859543,67276,47,11.116573703878597,10.722738609891799,8.856572917341328,10.150464811101735,11.27305530057358,11.116573703878597,2.710824128206542,4.07753744390572,1.3862943611198906,3.8712010109078907,68.9859543,Unknown,Unknown,Available
17478,,2011-02-28,Male,4,wushi,xinjiang,CN,36,2014-03-31,25,46007,30621,11363,71043,2013-12-21,102,25,99,3,0.763866813,48478,5,10.78888599346775,10.73657057339359,10.329473983865041,9.338205742974079,11.171054682387217,10.78888599346775,3.2676659890376327,4.605170185988092,1.3862943611198906,1.791759469228055,76.3866813,Unknown,Available,Available
9825,2006-10-06,,Male,4,guangzhou,guangdong,CN,46,2014-03-31,45,49825,32630,18356,65606,,21,15,75,0,0.827163064,49825,1,10.81629221512545,10.81629221512545,10.39301803576196,9.81776625213065,11.091437676556433,10.81629221512545,2.827851400968594,4.330733340286331,0.0,0.6931471805599453,82.7163064,Available,Unknown,Unknown
50219,2011-05-02,,Female,4,liuzhou,guangxi,CN,32,2014-03-31,24,42229,19837,8482,92065,,141,23,106,5,0.589396079,51673,7,10.852710032645257,10.65088614792799,9.895354569305939,9.077809308899132,11.430260990133386,10.852710032645257,3.206627202633551,4.672828834461906,1.791759469228055,2.0794415416798357,58.9396079,Available,Unknown,Unknown
38171,2005-05-02,2005-07-27,Male,5,beijing,beijing,CN,60,2014-03-31,24,48844,17730,23880,41244,2014-03-24,8,28,130,2,1.315569295,53894,4,10.894792988215729,10.796407298087043,9.783069799056989,10.080838442676662,10.627285172294831,10.894792988215729,3.3953834119133535,4.875197323201151,1.0986122886681096,1.6094379124341003,131.5569295,Available,Available,Available
32943,,,Female,4,IRVIN,CL,US,50,2014-03-31,8,58790,13847,15800,57464,2014-03-26,6,55,354,0,0.943893568,58790,0,10.981744060947165,10.981744060947165,9.535896096856046,9.6678285081515,10.95893134580286,10.981744060947165,3.861673167219153,5.675121665433755,0.0,0.0,94.3893568,Unknown,Unknown,Available
23235,,2011-03-27,Male,6,wulumuqi,xinjiang,CN,56,2014-03-31,43,47344,23596,17354,69691,2014-03-30,2,17,100,3,0.778118265,49247,6,10.804624036638605,10.765216496417601,10.068874864289374,9.761635928295886,11.151840812542796,10.804624036638605,2.8982769372457975,4.61512051684126,1.3862943611198906,1.9459101490553132,77.81182650000001,Unknown,Available,Available
730,,2006-06-13,Female,4,shunde,guangdong,CN,36,2014-03-31,63,46894,23083,22960,77086,2014-03-30,2,10,60,1,0.703105622,49704,2,10.813860810646245,10.755666338943039,10.046895015830858,10.041552403492023,11.252689933142829,10.813860810646245,2.4822148584996473,4.110873864173311,0.6931471805599453,1.0986122886681096,70.3105622,Unknown,Available,Available
2678,2007-09-07,2008-02-28,Male,6,shantou,guangdong,CN,46,2014-03-31,101,60473,30046,38827,70218,2014-03-30,2,6,33,1,0.771874733,69438,5,11.148203948308879,11.009968799582932,10.310518101368999,10.566896914832117,11.159374208664028,11.148203948308879,2.050270164379556,3.5263605246161616,0.6931471805599453,1.791759469228055,77.1874733,Available,Available,Available
46724,2012-01-10,,Male,4,EL MONTE,CA,US,29,2014-03-31,9,63303,13549,14610,56255,2013-08-31,214,37,276,0,0.963410541,63303,0,11.055703797289029,11.055703797289029,9.514141826307847,9.589529948672084,10.937667981044848,11.055703797289029,3.647406205907361,5.6240175061873385,0.0,0.0,96.34105410000001,Available,Unknown,Available
20783,,2011-03-22,Male,5,zhuhai,guangdong,CN,34,2014-03-31,48,45730,16303,19444,68401,2014-03-23,9,15,56,1,0.792105379,48106,1,10.781182975650898,10.730531683896064,9.699165755462506,9.875345246589848,11.13315734294925,10.781182975650898,2.7949433679386284,4.04305126783455,0.6931471805599453,0.6931471805599453,79.2105379,Unknown,Available,Available
39744,2009-09-06,,Male,5,zhuhai,guangdong,CN,57,2014-03-31,47,42371,17779,25342,79714,2014-03-29,3,15,219,1,0.679591791,44198,2,10.696457443375465,10.654243045716386,9.785829509067895,10.140257836764995,11.286213052841466,10.696457443375465,2.815148336424202,5.393627546352361,0.6931471805599453,1.0986122886681096,67.9591791,Available,Unknown,Available
47633,,2007-07-27,Male,6,guangzhou,guangdong,CN,59,2014-03-31,24,50882,42180,7480,39015,,209,22,125,0,1.38845239,52451,4,10.867653744651316,10.83728415853995,10.649725161670181,9.077809308899132,10.57172709738989,10.867653744651316,3.161615103912705,4.836281906951478,0.0,1.6094379124341003,138.84523900000002,Unknown,Available,Unknown
27764,,2006-05-26,Female,5,guangzhou,guangdong,CN,37,2014-03-31,47,46196,13608,34402,83087,2014-03-24,8,15,124,4,0.651815085,49598,5,10.811725951219454,10.740670139896523,9.518486617560317,10.445899048861305,11.3276555660841,10.811725951219454,2.8138454046695562,4.8283137373023015,1.6094379124341003,1.791759469228055,65.18150849999999,Unknown,Available,Available
11778,2008-03-02,,Male,4,CANBERRA,ACT,AU,33,2014-03-31,18,49319,21746,16221,67449,2014-01-14,78,37,166,1,0.802645703,50819,2,10.836045256874154,10.80608495727828,9.987231095968987,9.69412362463029,11.119141861635901,10.836045256874154,3.652947444781166,5.117993812416755,0.6931471805599453,1.0986122886681096,80.2645703,Available,Unknown,Available
29346,2005-10-01,2005-12-24,Male,5,wuhan,hubei,CN,40,2014-03-31,57,52187,19124,31113,67045,2014-03-26,6,12,74,0,0.807451712,56100,1,10.934908916663861,10.862607862385639,9.858751658694736,10.345413157647068,11.113134229957868,10.934908916663861,2.623632859600508,4.31748811353631,0.0,0.6931471805599453,80.7451712,Available,Available,Available
36948,,,Male,5,guangzhou,guangdong,CN,42,2014-03-31,49,54720,13491,35705,71335,2014-03-28,4,14,110,1,0.758866896,66602,4,11.106504900559028,10.91000282698325,9.50985219618154,10.483074020872907,11.175156387814715,11.106504900559028,2.7568403652716422,4.709530201312334,0.6931471805599453,1.6094379124341003,75.8866896,Unknown,Unknown,Available
40320,,2009-12-26,Male,5,shanghai,shanghai,CN,41,2014-03-31,48,47714,2432,8556,65327,2014-03-18,14,14,61,2,0.828175793,50481,2,10.829372116081604,10.773001092851354,8.856572917341328,9.077809308899132,11.087176013559358,10.829372116081604,2.761893432867657,4.127134385045092,1.0986122886681096,1.0986122886681096,82.8175793,Unknown,Available,Available
38579,2007-08-05,,Male,5,guangzhou,guangdong,CN,58,2014-03-31,36,51459,33119,17046,44577,,26,19,84,0,1.213644929,52121,0,10.861342403487976,10.848560085835736,10.407892608499196,9.743729514150925,10.704995742766139,10.861342403487976,3.029443331103485,4.442651256490317,0.0,0.0,121.3644929,Available,Unknown,Unknown
8858,2006-05-09,2007-08-23,Male,4,wulumuqishi,xinjiang,CN,49,2014-03-31,35,43361,27249,14152,72002,2014-03-17,15,19,91,6,0.751002611,46535,9,10.747981485590598,10.677338760511036,10.21280880009139,9.55768189473384,11.184463063796828,10.747981485590598,3.0389044453628618,4.5217885770490405,1.9459101490553132,2.302585092994046,75.1002611,Available,Available,Available
20364,,2005-11-29,Male,4,beijing,beijing,CN,38,2014-03-31,45,49243,27955,20551,61290,2014-03-15,17,16,104,3,0.88209039,49243,4,10.804542811767506,10.804542811767506,10.23838712459702,9.93071353878972,11.023388292222021,10.804542811767506,2.8412027343018966,4.653960350157523,1.3862943611198906,1.6094379124341003,88.209039,Unknown,Available,Available
62775,,2005-11-27,Male,5,haerbin,heilongjiangsheng,CN,49,2014-03-31,48,52183,23783,23445,61884,2014-03-30,2,15,87,4,0.873503329,55964,7,10.932481774323367,10.862531213475933,10.076768364677934,10.062455183631773,11.033033102974123,10.932481774323367,2.79883694801679,4.477336814478207,1.6094379124341003,2.0794415416798357,87.35033290000001,Unknown,Available,Available
1875,2012-12-07,2013-01-13,Male,6,shenzhenshi,guangdongsheng,CN,40,2014-03-31,47,47155,10204,38112,64999,2014-03-24,8,9,84,0,0.831300482,61786,5,11.031448265330804,10.761216533412018,9.230633075243945,10.548310710265884,11.082142548877775,11.031448265330804,2.349302717602999,4.442651256490317,0.0,1.791759469228055,83.13004819999999,Available,Available,Available
46067,2006-03-02,,Male,5,.,beijing,CN,34,2014-03-31,53,51744,29530,23804,56136,2014-03-20,12,13,76,2,0.962406477,80413,23,11.294943569361536,10.854083088102273,10.293195838031854,10.077650921628619,10.935550410654034,11.294943569361536,2.683389638964884,4.343805421853684,1.0986122886681096,3.1780538303479458,96.24064770000001,Available,Unknown,Available
680,,2006-06-22,Male,5,guangzhou,guangdong,CN,45,2014-03-31,50,51216,18136,31863,70542,2014-03-30,2,14,128,5,0.765735307,62952,25,11.050143695207472,10.843826787167423,9.805709329617423,10.36923212486148,11.163977731947233,11.050143695207472,2.7571642518623363,4.859812404361672,1.791759469228055,3.258096538021482,76.5735307,Unknown,Available,Available
56244,,2005-06-28,Male,5,tahe,henan,CN,70,2014-03-31,50,52822,34707,26748,40188,2014-03-21,11,13,81,0,1.343804121,57383,4,10.95752079780627,10.874701980906183,10.45472548691338,10.194252368447813,10.601348605322293,10.95752079780627,2.6762576129642706,4.406719247264253,0.0,1.6094379124341003,134.3804121,Unknown,Available,Available
44979,2006-10-08,2006-10-16,Male,5,wulumuqishi,xinjiang,CN,48,2014-03-31,36,48224,10004,28822,76745,2014-03-14,18,18,109,1,0.703610268,55278,3,10.920148368552894,10.78363283777393,9.210840247017833,10.268928958514973,11.248256546827449,10.920148368552894,2.9784407765892786,4.700480365792417,0.6931471805599453,1.3862943611198906,70.3610268,Available,Available,Available
62567,,2006-08-15,Male,6,changchunshi,jilinsheng,CN,40,2014-03-31,55,49299,26915,22430,64293,2014-02-28,33,11,77,0,0.839766382,52423,1,10.867119780719333,10.805679360030782,10.200476184308208,10.018199209668026,11.071221593274618,10.867119780719333,2.553487913798438,4.356708826689592,0.0,0.6931471805599453,83.9766382,Unknown,Available,Available
62727,,2008-03-30,Male,4,shenyang,liaoning,CN,35,2014-03-31,88,50064,34546,17547,64009,2014-01-31,61,7,66,18,0.843317815,56785,22,10.947045095455094,10.821077440141902,10.45007599474564,9.772695262286105,11.066794600136049,10.947045095455094,2.159484249391834,4.204692619390966,2.9444389791664403,3.1354942159291497,84.3317815,Unknown,Available,Available
2035,,,Male,5,guangzhou,guangdongsheng,CN,41,2014-03-31,25,54253,14555,36533,71638,2014-03-29,3,26,148,2,0.753411178,64227,7,11.070194531669575,10.901432001403476,9.585758558732051,10.50599861283663,11.179394897394925,11.070194531669575,3.3232358401924436,5.003946305945459,1.0986122886681096,2.0794415416798357,75.3411178,Unknown,Unknown,Available
27919,2006-09-09,,Male,6,.,beijing,CN,49,2014-03-31,50,50608,22791,27328,66595,2014-03-18,14,14,61,3,0.810333358,52915,3,10.87646102958227,10.831884705071992,10.034164876177744,10.215703688424663,11.106399794664743,10.87646102958227,2.736221078161499,4.127134385045092,1.3862943611198906,1.3862943611198906,81.03333579999999,Available,Unknown,Available
5370,2012-07-12,2012-07-27,Female,4,guangzhoushi,guangdong,CN,28,2014-03-31,45,42253,15286,36740,84032,2014-01-29,63,12,67,1,0.642080755,49028,9,10.800167238761167,10.65145430286018,9.634758073001034,10.511648576689398,11.338964857820145,10.800167238761167,2.604371771425688,4.219507705176107,0.6931471805599453,2.302585092994046,64.20807549999999,Available,Available,Available
2175,2005-05-12,,Male,4,guangzhou,guangdong,CN,36,2014-03-31,88,45308,34732,21392,58884,2013-08-28,217,5,53,2,0.916207119,50470,6,10.829154192888762,10.721260967234452,10.45544552265826,9.970819044696412,10.98334166827565,10.829154192888762,1.9039928641496708,3.9889840465642745,1.0986122886681096,1.9459101490553132,91.62071189999999,Available,Unknown,Available
59206,,2012-07-20,Male,4,TSUYAMA-SHI,OKAYAMA-KEN,JP,71,2014-03-31,27,59285,20003,45053,71361,2014-01-20,72,21,135,2,0.755925926,74348,9,11.216525501898724,10.990128469423018,9.903687532538795,10.715617049327939,11.175520793766974,11.216525501898724,3.0962735029845643,4.912654885736052,1.0986122886681096,2.302585092994046,75.5925926,Unknown,Available,Available
27121,,2010-08-13,Male,6,shunde,guangdong,CN,35,2014-03-31,36,50898,11475,35307,68792,2014-03-29,3,20,249,2,0.784099895,109269,32,11.60157716256479,10.837598555980199,9.348013177101256,10.471864846140123,11.138857274559097,11.60157716256479,3.060717123509535,5.521460917862246,1.0986122886681096,3.4965075614664802,78.4099895,Unknown,Available,Available
3091,2008-02-08,2011-05-20,Male,4,dongguan,guangdong,CN,56,2014-03-31,24,51863,23205,23699,40099,2013-12-13,110,25,106,1,1.344394374,54265,3,10.901653158794721,10.856380186854832,10.05216614490749,10.073230327123223,10.599131613294661,10.901653158794721,3.2713857702556766,4.672828834461906,0.6931471805599453,1.3862943611198906,134.4394374,Available,Available,Available
47116,2005-01-08,,Male,4,guangzhoushi,guangdong,CN,60,2014-03-31,31,52530,24939,28912,60318,,151,17,108,0,0.893380583,52723,0,10.872826038832356,10.86915875050772,10.124228219234027,10.272046599948313,11.00740242429508,10.872826038832356,2.8977518650099636,4.6913478822291435,0.0,0.0,89.3380583,Available,Unknown,Unknown
54703,2006-03-06,,Male,5,guangzhou,guangdong,CN,38,2014-03-31,39,50790,31980,18254,56424,2014-03-13,19,18,103,5,0.954449702,96494,49,11.47724647251321,10.835474452516607,10.372897255442528,9.812194294089737,10.940667601685737,11.47724647251321,2.960922868697394,4.6443908991413725,1.791759469228055,3.912023005428146,95.4449702,Available,Unknown,Available
36739,,2006-06-19,Female,5,guangzhoushi,guangdong,CN,35,2014-03-31,49,53402,12753,38591,70620,2014-03-28,4,14,103,3,0.762378363,73167,30,11.200513445897837,10.885622203145543,9.453600226875217,10.560800280086857,11.165082829676656,11.200513445897837,2.758162242318197,4.6443908991413725,1.3862943611198906,3.4339872044851463,76.2378363,Unknown,Available,Available
39239,,2008-06-30,Male,5,shanghai,shanghai,CN,60,2014-03-31,55,47162,10861,15520,66458,2014-02-22,39,12,67,0,0.809717115,51923,3,10.857536390012886,10.761364965859624,9.29302573859479,9.649949224651184,11.104340495150785,10.857536390012886,2.6095249818595057,4.219507705176107,0.0,1.3862943611198906,80.9717115,Unknown,Available,Available
47198,,,Male,4,jiangmen,guangdong,CN,59,2014-03-31,23,49638,24524,25698,39624,2014-02-22,39,30,128,2,1.357985564,50568,2,10.831094019308606,10.81253209407131,10.107448284433564,10.154207359620441,10.587215511179581,10.831094019308606,3.4643144383101014,4.859812404361672,1.0986122886681096,1.0986122886681096,135.7985564,Unknown,Unknown,Available
43663,2009-08-03,2009-09-27,Male,4,shenyang,liaoning,CN,48,2014-03-31,65,38084,16593,11889,95016,2014-03-24,8,11,70,1,0.565944367,38084,2,10.547575782806888,10.547575782806888,9.716796463224231,9.383452989684827,11.461811101941928,10.547575782806888,2.509345165057731,4.2626798770413155,0.6931471805599453,1.0986122886681096,56.594436699999996,Available,Available,Available
9519,,2006-02-16,Male,4,guangzhou,guangdong,CN,52,2014-03-31,57,41005,19593,29828,88425,2014-03-25,7,11,108,4,0.607900707,47943,16,10.777788942138022,10.621473676442992,9.882978675904587,10.303236353648183,11.389921323028677,10.777788942138022,2.559439701761064,4.6913478822291435,1.6094379124341003,2.833213344056216,60.7900707,Unknown,Available,Available
9863,,2006-10-27,Female,4,beijing,beijing,CN,46,2014-03-31,36,48034,28033,20487,73155,2014-03-31,1,20,102,2,0.734755382,48034,4,10.77968519084384,10.77968519084384,10.241173338223003,9.927594627879362,11.200349426324467,10.77968519084384,3.0687171661112767,4.634728988229636,1.0986122886681096,1.6094379124341003,73.4755382,Unknown,Available,Available
47804,,,Female,5,guangzhou,guangdong,CN,41,2014-03-31,37,44934,10808,33174,76465,2014-02-27,34,19,146,1,0.702855947,50047,22,10.820737823904983,10.712972280092474,9.288134399416203,10.409551859200409,11.244601476575477,10.820737823904983,3.001272453874358,4.990432586778736,0.6931471805599453,3.1354942159291497,70.2855947,Unknown,Unknown,Available
25962,2010-11-03,2010-12-16,Male,5,dalian,liaoning,CN,52,2014-03-31,62,40890,23081,21791,77411,2014-03-14,18,11,61,0,0.694175763,42968,7,10.668234204447975,10.618665268916827,10.046808371980351,9.989298208949238,11.256897086320242,10.668234204447975,2.540698009403496,4.127134385045092,0.0,2.0794415416798357,69.4175763,Available,Available,Available
45158,,2007-10-25,Male,5,shenyangshi,liaoning,CN,58,2014-03-31,53,45704,24585,21752,78663,2014-03-30,2,13,100,3,0.68290022,52216,27,10.863163391349689,10.729962980087919,10.109932454227286,9.987506958039702,11.272940896459993,10.863163391349689,2.70419663163178,4.61512051684126,1.3862943611198906,3.332204510175204,68.290022,Unknown,Available,Available
45403,,2012-06-16,Male,5,shenyang,liaoning,CN,32,2014-03-31,53,39160,22419,25015,79844,2014-03-29,3,12,53,1,0.672599694,47102,27,10.76009197224363,10.575436632579894,10.017708696626151,10.127270899137677,11.287842534274967,10.76009197224363,2.6055346376902513,3.9889840465642745,0.6931471805599453,3.332204510175204,67.2599694,Unknown,Available,Available
35534,,2006-03-31,Male,5,changchun,jilin,CN,42,2014-03-31,51,48330,19538,27695,63366,2014-03-26,6,13,46,0,0.84746394,54264,2,10.901634730880115,10.785828455707216,9.88016774721451,10.22904327741599,11.056698500183844,10.901634730880115,2.6932749155200555,3.8501476017100584,0.0,1.0986122886681096,84.74639400000001,Unknown,Available,Available
23176,,2011-01-27,Female,4,beijing,beijing,CN,48,2014-03-31,33,51202,21778,24309,63784,,50,20,75,0,0.841622821,51749,1,10.854179711127616,10.843553403061053,9.988701481750608,10.098643067310169,11.06327333197239,10.854179711127616,3.0881975012260847,4.330733340286331,0.0,0.6931471805599453,84.1622821,Unknown,Available,Unknown
52247,2012-12-12,,Male,5,xining,qinghai,CN,39,2014-03-31,40,41076,16522,27913,67591,2014-03-25,7,12,94,0,0.793985738,43436,0,10.679066891449532,10.623203633138218,9.71250862865099,10.23688363406859,11.121244911832681,10.679066891449532,2.566919801783481,4.553876891600541,0.0,0.0,79.39857380000001,Available,Unknown,Available
15278,,2012-02-14,Male,5,shanghaishi,shanghai,CN,32,2014-03-31,37,46331,0,11960,38581,,31,18,120,4,1.390457479,49412,6,10.807968826450786,10.743588146052236,8.856572917341328,9.389406636049465,10.560541125447834,10.807968826450786,2.953172659309108,4.795790545596741,1.6094379124341003,1.9459101490553132,139.04574789999998,Unknown,Available,Unknown
4638,,2010-04-22,Male,4,yancheng,jiangsu,CN,58,2014-03-31,28,50151,13220,33487,37203,,31,23,85,0,1.441935328,51690,1,10.853038964104712,10.822813672953805,9.489561753510097,10.418942444685781,10.524171561362358,10.853038964104712,3.199428689993102,4.454347296253507,0.0,0.6931471805599453,144.1935328,Unknown,Available,Unknown
3812,,,Male,5,guangzhou,guangdong,CN,48,2014-03-31,69,43285,28083,34967,84347,2014-03-31,1,10,40,2,0.635778747,67130,16,11.114401213291382,10.675584536074474,10.24295529813714,10.46218863654315,11.342706376963905,11.114401213291382,2.4018979468543398,3.713572066704308,1.0986122886681096,2.833213344056216,63.5778747,Unknown,Unknown,Available
12637,2008-10-03,2008-11-15,Female,4,guangzhou,guangdong,CN,40,2014-03-31,28,37960,29149,14025,74758,2014-01-18,74,23,147,1,0.716789507,37960,2,10.544314595896374,10.544314595896374,10.280210191778638,9.548668029096856,11.222024885343066,10.544314595896374,3.2144214745634634,4.997212273764115,0.6931471805599453,1.0986122886681096,71.6789507,Available,Available,Available
4191,2009-11-02,,Female,5,guangzhou,guangdong,CN,40,2014-03-31,56,55887,24437,25261,70246,2014-03-19,13,12,68,2,0.762727415,81316,39,11.306110375768128,10.931104967046613,10.103894576876467,10.13705656933392,11.159772881657789,11.306110375768128,2.637757784143134,4.23410650459726,1.0986122886681096,3.6888794541139363,76.2727415,Available,Unknown,Available
15073,,,Male,4,changsha,hunan,CN,47,2014-03-31,45,52091,10337,34342,62443,2014-03-30,2,15,137,0,0.857958778,57308,6,10.956212958431761,10.860766665087594,9.243581705755984,10.444153492313001,11.042025434076557,10.956212958431761,2.8019820211019306,4.927253685157205,0.0,1.9459101490553132,85.7958778,Unknown,Unknown,Available
50697,,2006-02-24,Male,6,shantou,guangdong,CN,39,2014-03-31,71,56584,19792,42845,60244,2014-03-30,2,10,52,0,0.889184815,64340,1,11.07195234310307,10.943499211400042,9.893083618820736,10.665367570777166,11.006174860357376,11.07195234310307,2.409515803949759,3.970291913552122,0.0,0.6931471805599453,88.9184815,Unknown,Available,Available
62179,,2011-05-31,Male,5,dalian,liaoning,CN,39,2014-03-31,45,38972,19792,29470,73867,2014-03-26,6,16,68,0,0.724737975,42829,21,10.664994070609417,10.570624377663842,9.893083618820736,10.291162007969065,11.210034995565763,10.664994070609417,2.855686200117425,4.23410650459726,0.0,3.091042453358316,72.4737975,Unknown,Available,Available
35268,2010-05-09,,Male,4,wulumuqi,xinjiang,CN,47,2014-03-31,29,48360,19196,13616,74146,2014-03-25,7,25,168,0,0.721859709,52566,5,10.869843825417005,10.786448982761422,9.86250929580757,9.519074291124575,11.213804888217602,10.869843825417005,3.2851984676388453,5.1298987149230735,0.0,1.791759469228055,72.1859709,Available,Unknown,Available
44699,,2007-10-30,Male,6,shenyang,liaoning,CN,36,2014-03-31,80,51273,27482,27248,58714,,24,8,61,2,0.911581735,77333,26,11.255888982632834,10.844939080068784,10.221322910683318,10.212772102170323,10.980450509799182,11.255888982632834,2.294961167892315,4.127134385045092,1.0986122886681096,3.295836866004329,91.15817349999999,Unknown,Available,Unknown
55253,,2011-02-17,Male,6,guangzhou,guangdong,CN,41,2014-03-31,30,52617,22085,29495,39021,2014-03-27,5,24,116,0,1.371430256,61176,8,11.021526580870049,10.870813545510108,10.002699202607076,10.29200993991398,10.571880868629844,11.021526580870049,3.2366479945326976,4.762173934797756,0.0,2.1972245773362196,137.1430256,Unknown,Available,Available
13648,2010-06-04,,Male,4,guangzhou,guangdong,CN,32,2014-03-31,50,39095,16073,32596,80065,2014-03-26,6,14,76,2,0.668378817,50886,17,10.837362767167287,10.57377543894999,9.684958338772663,10.391975538580404,11.290606573530575,10.837362767167287,2.7493618715516357,4.343805421853684,1.0986122886681096,2.8903717578961645,66.8378817,Available,Unknown,Available
36719,2006-06-08,2006-06-15,Male,5,guangzhou,guangdong,CN,41,2014-03-31,43,50794,13235,40312,58987,2014-02-26,35,15,88,0,0.906853714,56877,2,10.94866390211491,10.835553203525645,9.490695669041504,10.604429276561985,10.985089312370832,10.94866390211491,2.8318118023553316,4.48863636973214,0.0,1.0986122886681096,90.68537140000001,Available,Available,Available
58905,2010-12-09,,Male,4,LEEWOLDE,FLEVV LAND,CN,46,2014-03-31,9,61043,5850,35616,50971,2014-03-15,17,58,184,0,1.049346687,61043,0,11.019350194610766,11.019350194610766,8.856572917341328,10.480578330949756,10.83903174133217,11.019350194610766,3.861673167219153,5.220355825078325,0.0,0.0,104.93466869999999,Available,Unknown,Available
54371,,,Male,5,guangzhou,guangdong,CN,32,2014-03-31,53,53787,24546,25695,70643,2014-03-22,10,13,116,1,0.757081523,59307,30,10.990499483137917,10.89280567294376,10.10834492616302,10.154090616746489,11.165408458816263,10.990499483137917,2.6977408317024163,4.762173934797756,0.6931471805599453,3.4339872044851463,75.7081523,Unknown,Unknown,Available
15906,,2012-08-14,Male,5,guangzhou,guangdong,CN,45,2014-03-31,44,45028,29055,20868,65329,2014-01-24,68,12,57,0,0.818129774,48186,1,10.782844554116963,10.71506200563175,10.27698028140102,9.946020083254831,11.087206627834796,10.782844554116963,2.5861890941550922,4.060443010546419,0.0,0.6931471805599453,81.8129774,Unknown,Available,Available
46014,2006-12-05,2007-05-13,Male,4,guangzhou,guangdong,CN,46,2014-03-31,34,46054,36003,11026,62997,2014-02-27,34,20,116,0,0.848396908,47054,1,10.759072409292887,10.737591613422335,10.491385322376976,9.308102089758679,11.050858258838009,10.759072409292887,3.081353796351924,4.762173934797756,0.0,0.6931471805599453,84.8396908,Available,Available,Available
53782,,2008-01-20,Male,5,changchun,jilin,CN,51,2014-03-31,50,47913,23273,23616,63003,2014-02-27,34,14,70,0,0.848128502,49934,0,10.818477438677235,10.777163016268934,10.055092136668023,10.069722070677152,11.050953495421625,10.818477438677235,2.7188757468628526,4.2626798770413155,0.0,0.0,84.8128502,Unknown,Available,Available
38083,2005-03-12,,Male,6,guangzhou,guangdong,CN,48,2014-03-31,66,59184,25039,54000,41981,2014-03-19,13,11,72,2,1.272723613,151340,35,11.927290847865113,10.988423410387995,10.128229825214035,10.896757843893464,10.644996233973952,11.927290847865113,2.4849066497880004,4.290459441148391,1.0986122886681096,3.58351893845611,127.27236129999999,Available,Unknown,Available
58570,2010-01-10,2010-02-27,Male,5,guangzhou,guangdong,CN,32,2014-03-31,56,47250,9449,42157,81326,2014-03-27,5,9,48,6,0.656791063,59920,26,11.0007823069704,10.763229096719098,9.153770020487789,10.64917974375984,11.306233343722834,11.0007823069704,2.322387720290225,3.8918202981106265,1.9459101490553132,3.295836866004329,65.6791063,Available,Available,Available
37748,,,Male,4,shenzhen,guangdong,CN,47,2014-03-31,26,53743,29101,22872,65695,2014-02-24,37,22,136,1,0.812536266,76438,22,11.244248316112698,10.891987311852073,10.278562179320224,10.037712454627359,11.09279331981866,11.244248316112698,3.1561489949598958,4.919980925828125,0.6931471805599453,3.1354942159291497,81.25362659999999,Unknown,Unknown,Available
57009,2007-12-09,,Male,5,qingdao,shandong,CN,42,2014-03-31,78,45906,34423,19311,71556,2014-03-25,7,9,36,0,0.745939544,49102,3,10.801675411712429,10.734372889867487,10.446509274518435,9.868481943337313,11.178249613881933,10.801675411712429,2.3395555239488863,3.6109179126442243,0.0,1.3862943611198906,74.5939544,Available,Unknown,Available
39209,2010-07-02,,Male,4,OSAKA,OSAKA,JP,31,2014-03-31,27,29882,27542,21899,71361,2014-03-21,11,26,122,0,0.747777778,34862,4,10.459181373890983,10.305045035813276,10.22350369881181,9.994241915804592,11.175520793766974,10.459181373890983,3.3280751166676756,4.812184355372417,0.0,1.6094379124341003,74.7777778,Available,Unknown,Available
53951,,2006-03-26,Male,4,wulumuqishi,xinjiang,CN,46,2014-03-31,34,42953,25367,11205,71847,,49,19,120,2,0.742669701,42953,2,10.66788505462424,10.66788505462424,10.141243816218184,9.32420462812523,11.182308055350786,10.66788505462424,3.018205129183827,4.795790545596741,1.0986122886681096,1.0986122886681096,74.2669701,Unknown,Available,Unknown
19985,,,Male,5,.,beijing,CN,56,2014-03-31,19,53776,15780,38658,38991,2014-03-30,2,24,69,0,1.368311149,56073,0,10.934427525970367,10.892601145448044,9.666561963748133,10.562534885899066,10.571111775864987,10.934427525970367,3.2430262850570997,4.248495242049359,0.0,0.0,136.8311149,Unknown,Unknown,Available
28119,2007-03-05,2011-02-19,Male,5,zhuzhou,hunan,CN,46,2014-03-31,48,50418,15783,31075,58282,2014-03-26,6,14,64,0,0.914743489,52618,0,10.870832550232782,10.828123367145782,9.66675204770245,10.344191096070311,10.973065734619182,10.870832550232782,2.7524402902350444,4.174387269895637,0.0,0.0,91.4743489,Available,Available,Available
11006,,2005-04-26,Male,5,haikou,hainansheng,CN,56,2014-03-31,45,52119,26743,28543,38655,2014-03-21,11,15,73,2,1.378929246,53679,3,10.890795771645564,10.861304031238781,10.194065428099934,10.259202035379737,10.562457281294487,10.890795771645564,2.81975419051961,4.304065093204169,1.0986122886681096,1.3862943611198906,137.8929246,Unknown,Available,Available
2071,2005-02-09,,Male,5,guangzhou,guangdong,CN,68,2014-03-31,75,41286,32333,23170,83606,2014-03-28,4,9,52,2,0.637296725,46372,6,10.744472672295117,10.62830295942287,10.383874587161552,10.05065677575275,11.333882527624876,10.744472672295117,2.3817958538342268,3.970291913552122,1.0986122886681096,1.9459101490553132,63.7296725,Available,Unknown,Available
43153,,,Female,5,beijing,beijing,CN,26,2014-03-31,31,44257,3408,35670,79239,2014-03-14,18,13,53,0,0.672245107,48959,1,10.798758917186207,10.697791425055811,8.856572917341328,10.482093312723077,11.280236500812487,10.798758917186207,2.667228206581955,3.9889840465642745,0.0,0.6931471805599453,67.2245107,Unknown,Unknown,Available
13880,,2011-12-22,Male,5,guangzhou,guangdong,CN,38,2014-03-31,53,44709,27911,21002,73785,,31,12,84,0,0.721889408,46970,1,10.757285668979632,10.707952469228026,10.23681198286661,9.952420563645306,11.208924290695863,10.757285668979632,2.6196392437021347,4.442651256490317,0.0,0.6931471805599453,72.1889408,Unknown,Available,Unknown
2690,2007-10-11,2007-11-28,Female,6,shenzhen,guangdong,CN,47,2014-03-31,21,50828,21285,21563,36648,2014-03-29,3,35,151,0,1.453219548,54460,1,10.905240128159793,10.836222336826216,9.96580485860099,9.97878053657156,10.509141421812947,10.905240128159793,3.6054978451748854,5.0238805208462765,0.0,0.6931471805599453,145.32195480000001,Available,Available,Available
29503,,,Male,4,guangzhou,guangdong,CN,28,2014-03-31,19,51581,20894,26713,58589,2014-02-14,47,36,127,1,0.908637628,52381,2,10.86631829984518,10.8509280534025,9.947265174882016,10.19294305153705,10.978319312538835,10.86631829984518,3.631721040332811,4.852030263919617,0.6931471805599453,1.0986122886681096,90.8637628,Unknown,Unknown,Available
19345,,2007-04-29,Female,4,wulumuqi,xinjiang,CN,42,2014-03-31,28,40223,20913,18067,83627,2014-03-24,8,26,99,4,0.636567257,40223,4,10.602219111389974,10.602219111389974,9.948174070158535,9.801897696774494,11.33413367122652,10.602219111389974,3.316204168990053,4.605170185988092,1.6094379124341003,1.6094379124341003,63.6567257,Unknown,Available,Available
48210,,2012-08-18,Male,5,guangzhou,guangdong,CN,37,2014-03-31,52,43803,15704,31514,77107,,20,11,55,0,0.690345883,49998,2,10.81975828421028,10.68748041639565,9.661734411972747,10.358218901947211,11.252962315517482,10.81975828421028,2.5027208856939462,4.02535169073515,0.0,1.0986122886681096,69.0345883,Unknown,Available,Unknown
50902,2011-10-12,,Male,4,beijing,beijing,CN,45,2014-03-31,49,42760,29982,18485,72492,,83,13,143,2,0.734195222,51504,13,10.849434169317794,10.6633817512079,10.30838583336139,9.824768967824722,11.19124528445721,10.849434169317794,2.6582178271207577,4.969813299576001,1.0986122886681096,2.639057329615259,73.4195222,Available,Unknown,Unknown
12445,,2008-07-29,Male,4,guangzhou,guangdong,CN,37,2014-03-31,56,42778,24013,25267,79156,2013-12-15,108,11,78,0,0.672366087,45497,4,10.72542364792899,10.663802606954118,10.086392272590663,10.137294052018591,11.279188501070111,10.72542364792899,2.5103380877536594,4.3694478524670215,0.0,1.6094379124341003,67.2366087,Unknown,Available,Available
21335,,2008-07-17,Male,5,qingdao,shandong,CN,47,2014-03-31,47,45581,25599,22187,74322,2014-01-30,62,13,104,3,0.715916418,47281,3,10.763884952369743,10.727268180731276,10.150347630467653,10.007306881175126,11.216175738657967,10.763884952369743,2.6786363158063646,4.653960350157523,1.3862943611198906,1.3862943611198906,71.5916418,Unknown,Available,Available
799,2006-01-05,,Male,5,zhanjiang,guangdong,CN,52,2014-03-31,70,56340,23663,35482,63555,2014-03-13,19,9,71,0,0.837163874,62550,3,11.043737502977494,10.939177790651616,10.07171018495058,10.476808987527663,11.059676686008258,11.043737502977494,2.358938029552027,4.276666119016055,0.0,1.3862943611198906,83.7163874,Available,Unknown,Available
272,,2012-01-20,Male,5,guangzhou,guangdong,CN,30,2014-03-31,45,42816,8931,38456,81656,2014-03-22,10,11,62,1,0.651134638,54987,33,10.91487025859131,10.664690498970018,9.097395612960048,10.557296012980244,11.310282826505848,10.91487025859131,2.5508646177216416,4.143134726391533,0.6931471805599453,3.5263605246161616,65.1134638,Unknown,Available,Available
47423,2005-10-08,,Male,6,wuhan,hubei,CN,59,2014-03-31,38,52357,22817,28410,40307,2014-03-31,1,18,102,0,1.318885057,55543,2,10.92493077843311,10.865860022197287,10.035304977156315,10.254531673102404,10.604305239400293,10.92493077843311,2.9641579280390777,4.634728988229636,0.0,1.0986122886681096,131.8885057,Available,Unknown,Available
53716,,2007-04-23,Female,5,changchun,jilin,CN,51,2014-03-31,55,46317,26843,22666,64857,2014-03-19,13,12,61,11,0.819298148,50563,14,10.830995139615448,10.743285933421767,10.19779761127813,10.028665401264357,11.079955543739874,10.830995139615448,2.629754936926243,4.127134385045092,2.4849066497880004,2.70805020110221,81.9298148,Unknown,Available,Available
7515,,2009-04-24,Male,6,dalianshi,liaoningsheng,CN,45,2014-03-31,68,48371,25253,25140,68714,2014-03-30,2,9,55,4,0.773164275,56955,14,10.950034318900885,10.786676412905166,10.136739837998626,10.132255258600559,11.137722794988953,10.950034318900885,2.3869811126245506,4.02535169073515,1.6094379124341003,2.70805020110221,77.31642749999999,Unknown,Available,Available
54810,,2006-06-30,Male,5,shenzhen,guangdong,CN,36,2014-03-31,40,50180,5167,33398,57173,2014-03-30,2,16,92,7,0.92916639,53657,8,10.890385851574235,10.823391747980118,8.856572917341328,10.416281238396817,10.953854528576244,10.890385851574235,2.85263142972101,4.532599493153256,2.0794415416798357,2.1972245773362196,92.916639,Unknown,Available,Available
57005,2008-03-12,,Male,5,shanghai,shanghai,CN,52,2014-03-31,51,43452,16238,25771,73865,2014-02-27,34,13,66,2,0.718881879,80485,11,11.29583853523855,10.679435173189221,9.695171035465087,10.157043910258533,11.21000791987567,11.29583853523855,2.6919208191723265,4.204692619390966,1.0986122886681096,2.4849066497880004,71.8881879,Available,Unknown,Available
31411,,2010-10-17,Male,5,changsha,hunan,CN,55,2014-03-31,48,50118,16418,30237,70972,2014-03-25,7,15,74,0,0.748179282,52869,0,10.875591349229495,10.822155456696034,9.706194479812028,10.316854690540147,11.170054802007893,10.875591349229495,2.7897282318288954,4.31748811353631,0.0,0.0,74.8179282,Unknown,Available,Available
57332,,2008-05-15,Male,4,guangzhou,guangdong,CN,60,2014-03-31,6,27912,6400,11200,73392,,90,92,178,0,0.723333333,27912,0,10.236847809109337,10.236847809109337,8.856572917341328,9.32375833901174,11.203583842207394,10.236847809109337,3.861673167219153,5.187385805840755,0.0,0.0,72.3333333,Unknown,Available,Unknown
38521,,2010-01-31,Male,6,beijing,beijing,CN,53,2014-03-31,35,50752,20086,27809,39729,,22,20,95,2,1.336175841,54684,3,10.909344727769327,10.834726008457404,9.907828118634548,10.23315094722801,10.589861848808644,10.909344727769327,3.0666840097454537,4.564348191467836,1.0986122886681096,1.3862943611198906,133.6175841,Unknown,Available,Unknown
22093,,2010-12-18,Male,5,shantou,guangdong,CN,41,2014-03-31,42,34237,19046,30099,75833,2014-03-30,2,13,43,0,0.699951868,38713,1,10.563956570705491,10.441091417334723,9.85466488783856,10.312280450736967,11.23630201987518,10.563956570705491,2.6949567244375627,3.784189633918261,0.0,0.6931471805599453,69.9951868,Unknown,Available,Available
39213,2010-01-08,,Male,4,Nakatsugawa-shi,Gifu-ken,JP,64,2014-03-31,26,39688,39156,14272,68178,,244,19,61,2,0.778251195,39688,2,10.588829350196415,10.588829350196415,10.57533448492537,9.566124919629768,11.129891878526543,10.588829350196415,2.995732273553991,4.127134385045092,1.0986122886681096,1.0986122886681096,77.8251195,Available,Unknown,Unknown
2555,,,Male,5,changsha,hunan,CN,50,2014-03-31,44,48010,24503,19121,58029,2014-03-21,11,16,77,4,0.914250116,48688,4,10.793208410867665,10.779185430302025,10.10659164851261,9.858594783645392,10.968715397184654,10.793208410867665,2.853525484550413,4.356708826689592,1.6094379124341003,1.6094379124341003,91.42501159999999,Unknown,Unknown,Available
61760,,2010-03-28,Male,5,changchun,jilin,CN,38,2014-03-31,40,51228,12342,18127,58099,2013-12-26,97,15,106,2,0.912895403,53310,2,10.88389796784759,10.844061056930125,9.42084437974393,9.805212983267788,10.969920942840002,10.88389796784759,2.830192193797683,4.672828834461906,1.0986122886681096,1.0986122886681096,91.2895403,Unknown,Available,Available
35455,2005-09-09,,Male,6,dalian,liaoning,CN,53,2014-03-31,80,50603,19680,33978,60819,2014-03-28,4,9,37,6,0.872041303,103652,43,11.548804061005127,10.831785903534561,9.887408982323437,10.433497965716953,11.015673961231355,11.548804061005127,2.3226358900817905,3.6375861597263857,1.9459101490553132,3.784189633918261,87.2041303,Available,Unknown,Available
49130,,,Male,4,shenzhen,guangdong,CN,65,2014-03-31,61,37325,23782,23492,94641,2014-03-30,2,11,136,0,0.560379117,38448,0,10.55708796679324,10.527445413743076,10.076726318721697,10.064457783419048,11.457856631142416,10.55708796679324,2.5520459523658885,4.919980925828125,0.0,0.0,56.037911699999995,Unknown,Unknown,Available
60207,,2012-01-13,Male,5,.,beijing,CN,35,2014-03-31,31,51329,19989,27004,38349,,60,22,119,0,1.382930715,51738,0,10.853967128146982,10.84603065555435,9.902987427494446,10.203777313026992,10.554509806795402,10.853967128146982,3.138388574100023,4.787491742782046,0.0,0.0,138.2930715,Unknown,Available,Unknown
19357,,,Male,5,guangzhou,guangdong,CN,45,2014-03-31,36,48837,18693,27621,68154,,22,19,104,0,0.77778575,49981,0,10.819418219594727,10.796263977345216,9.83595789574253,10.226367835637873,11.129539802004944,10.819418219594727,3.0308235931583645,4.653960350157523,0.0,0.0,77.778575,Unknown,Unknown,Unknown
23817,2011-09-03,,Male,5,changchunshi,jilinsheng,CN,45,2014-03-31,56,47336,20617,26423,64788,2014-03-31,1,12,75,0,0.818160925,48963,1,10.798840613195402,10.765047509703779,9.93391975965633,10.182027967070626,11.07889111484426,10.798840613195402,2.5774582068770022,4.330733340286331,0.0,0.6931471805599453,81.81609250000001,Available,Unknown,Available
19396,,2007-06-25,Male,4,MELBOURNE,VIC,AU,49,2014-03-31,15,40833,18803,9254,77784,2013-10-31,153,36,148,0,0.68137689,40833,0,10.617270346696145,10.617270346696145,9.841824892144022,9.132919225007598,11.261703889521222,10.617270346696145,3.6205241345261463,5.003946305945459,0.0,0.0,68.137689,Unknown,Available,Available
52639,,2010-06-25,Male,5,dalian,liaoning,CN,68,2014-03-31,82,43798,27487,26901,73921,2014-03-13,19,8,36,0,0.716978125,47328,2,10.76487849442862,10.687366265053678,10.221504824783981,10.199955912268527,11.210765762226607,10.76487849442862,2.268683541352847,3.6109179126442243,0.0,1.0986122886681096,71.6978125,Unknown,Available,Available
37704,,2012-05-24,Male,4,wusu,xinjiang,CN,39,2014-03-31,20,49369,28313,16117,58705,2014-02-17,44,33,124,0,0.902687165,57977,2,10.967818907227363,10.807098231252908,10.251111660954443,9.687691938884457,10.980297215243393,10.967818907227363,3.537138150033421,4.8283137373023015,0.0,1.0986122886681096,90.2687165,Unknown,Available,Available
62267,,,Female,5,wulumuqi,xinjiang,CN,58,2014-03-31,56,44225,7953,25645,78399,,21,11,97,0,0.675712445,53235,6,10.882490138206446,10.697068130417344,8.981430225767635,10.152142893019061,11.269579206338499,10.882490138206446,2.5308066382457635,4.584967478670572,0.0,1.9459101490553132,67.5712445,Unknown,Unknown,Unknown
11181,,,Male,5,shanghaishi,shanghaishi,CN,48,2014-03-31,25,49146,8430,29306,37662,2014-03-31,1,30,103,3,1.406549307,77186,13,11.25398632805066,10.802571086072563,9.039670667922676,10.285581674321053,10.53643345915528,11.25398632805066,3.4446824934955114,4.6443908991413725,1.3862943611198906,2.639057329615259,140.6549307,Unknown,Unknown,Available
13105,,,Male,5,yibinxian,sichuan,CN,37,2014-03-31,49,49351,37665,13343,67656,2014-03-17,15,14,81,2,0.782873803,49426,2,10.80825211257166,10.806733570889474,10.536513109754692,9.498822124598528,11.122206102007905,10.80825211257166,2.760800766487739,4.406719247264253,1.0986122886681096,1.0986122886681096,78.2873803,Unknown,Unknown,Available
16700,,2010-11-21,Male,4,changchun,jilin,CN,31,2014-03-31,49,45906,24035,24192,74834,,27,14,68,5,0.707764519,48543,5,10.790225882148258,10.734372889867487,10.087307985453819,10.093818614103787,11.223040968963247,10.790225882148258,2.7502046406431946,4.23410650459726,1.791759469228055,1.791759469228055,70.7764519,Unknown,Available,Unknown
61568,,,Male,4,N,N,JP,47,2014-03-31,43,47569,41168,18355,53829,,82,15,42,0,0.983912203,47569,0,10.769957589426328,10.769957589426328,10.625440824937742,9.817711775514724,10.893586211555004,10.769957589426328,2.7975716524400145,3.7612001156935624,0.0,0.0,98.3912203,Unknown,Unknown,Unknown
49899,,2011-03-28,Male,5,shanghai,shanghai,CN,49,2014-03-31,62,50933,19136,29500,66150,2014-03-27,5,11,66,4,0.800625699,60642,25,11.012759491388055,10.838285955966024,9.859378912910065,10.292179440058462,11.099695286586813,11.012759491388055,2.556082928128669,4.204692619390966,1.6094379124341003,3.258096538021482,80.0625699,Unknown,Available,Available
14982,,2012-03-14,Male,4,Shibuya-ku,Tokyo-to,JP,42,2014-03-31,19,56183,48879,12700,60783,2013-09-20,194,29,93,0,0.870773078,60877,2,11.016627140484776,10.936387297838856,10.797123593845477,9.44943600950432,11.015081875427407,11.016627140484776,3.4213630512204523,4.543294782270004,0.0,1.0986122886681096,87.0773078,Unknown,Available,Available
30180,,2008-04-29,Male,5,guangzhou,guangdong,CN,36,2014-03-31,45,46845,25962,21255,71078,2014-03-15,17,15,46,4,0.744562453,72532,36,11.19179690969702,10.754620905152855,10.164427726544904,9.96439448743965,11.171547213514586,11.19179690969702,2.8251596090334856,3.8501476017100584,1.6094379124341003,3.6109179126442243,74.4562453,Unknown,Available,Available
44809,,2009-06-22,Male,4,shanghaishi,shanghaishi,CN,35,2014-03-31,43,48174,4352,9636,64372,2013-11-23,130,14,61,5,0.821854844,48756,8,10.794604055861562,10.782595493282567,8.856572917341328,9.173365135851288,11.072449569522252,10.794604055861562,2.7269186856869667,4.127134385045092,1.791759469228055,2.1972245773362196,82.18548439999999,Unknown,Available,Available
1080,,,Male,6,guangzhou,guangdong,CN,62,2014-03-31,29,50094,35245,12600,36412,2013-05-23,314,13,46,0,1.452817752,52796,3,10.87420964989832,10.821676481693363,10.470107326624314,9.441531454869693,10.502681132721646,10.87420964989832,2.696074009959109,3.8501476017100584,0.0,1.3862943611198906,145.2817752,Unknown,Unknown,Available
24741,2012-06-12,,Male,4,guangzhou,guangdong,CN,50,2014-03-31,63,41799,16240,21678,81102,2014-03-28,4,10,65,0,0.652203891,44104,0,10.694328433692867,10.640651618512848,9.695294188174604,9.984099329028517,11.30347523078802,10.694328433692867,2.447941455638211,4.189654742026425,0.0,0.0,65.22038909999999,Available,Unknown,Available
30721,,2009-03-14,Male,5,beijing,beijing,CN,41,2014-03-31,46,51278,17416,29602,53322,2014-03-19,13,14,96,4,0.99180976,55163,7,10.918065845594228,10.845036590624378,9.765202019731785,10.295630986527803,10.884123036775899,10.918065845594228,2.716899816158928,4.574710978503383,1.6094379124341003,2.0794415416798357,99.180976,Unknown,Available,Available
21718,,2008-11-29,Male,5,guangzhou,guangdong,CN,37,2014-03-31,48,43068,18570,30177,77552,2014-03-28,4,15,111,0,0.68187255,45115,0,10.716992229759807,10.670558759761432,9.829356503193052,10.314868461073596,11.258716852575986,10.716992229759807,2.7778937742842893,4.718498871295094,0.0,0.0,68.18725500000001,Unknown,Available,Available
38331,2005-11-07,,Male,5,guangzhou,guangdong,CN,42,2014-03-31,35,52061,24632,23450,57764,,55,19,109,7,0.915299841,52184,7,10.862550376254152,10.860190595021544,10.111842286376898,10.06266841688844,10.964138334917118,10.862550376254152,2.9972017812984024,4.700480365792417,2.0794415416798357,2.0794415416798357,91.5299841,Available,Unknown,Unknown
29214,,2005-10-13,Male,5,Unknown,Unknown,CN,48,2014-03-31,42,42542,20010,25080,71689,2014-03-20,12,16,66,2,0.737411458,46054,5,10.737591613422335,10.658270608129456,9.904037401341563,10.129865866360268,11.180106546846918,10.737591613422335,2.865679145319682,4.204692619390966,1.0986122886681096,1.791759469228055,73.7411458,Unknown,Available,Available
40610,2011-06-11,,Female,4,SHIBA MINATO-KU,TOKYO,JP,29,2014-03-31,20,55158,32378,18725,64600,2014-02-15,46,35,93,0,0.818,62199,3,11.03811027872727,10.917975202663861,10.385265343493456,9.837668211498835,11.075985169527042,11.03811027872727,3.60664135579125,4.543294782270004,0.0,1.3862943611198906,81.8,Available,Unknown,Available
62709,,2008-04-30,Male,4,yanji,jilin,CN,48,2014-03-31,55,47037,24186,20338,59171,,59,11,70,3,0.892817934,48734,4,10.794152736771311,10.758711064661831,10.093570577723847,9.920295504185495,10.988203736012126,10.794152736771311,2.553487913798438,4.2626798770413155,1.3862943611198906,1.6094379124341003,89.2817934,Unknown,Available,Unknown
16947,,,Male,4,songyuan,jilin,CN,38,2014-03-31,29,53852,24114,17114,61479,,59,19,129,0,0.859254217,53976,0,10.896313308888274,10.894013391339179,10.090589332503072,9.747710550964285,11.026467197652533,10.896313308888274,3.0046212210420338,4.867534450455582,0.0,0.0,85.9254217,Unknown,Unknown,Unknown
57666,,2010-01-20,Male,4,huadu,guangdong,CN,51,2014-03-31,42,47700,14732,26287,74767,2014-03-27,5,16,182,1,0.706091324,48969,1,10.798963144696364,10.77270764101727,9.597845154707354,10.17686784027705,11.222145264940208,10.798963144696364,2.8698371553714694,5.209486152841421,0.6931471805599453,0.6931471805599453,70.6091324,Unknown,Available,Available
26258,,2011-04-25,Male,4,kunming,yunnan,CN,43,2014-03-31,28,47584,20428,21548,64639,2014-03-19,13,24,99,2,0.816719473,47584,2,10.770272864506444,10.770272864506444,9.924710738987654,9.97808469074291,11.076588693194976,10.770272864506444,3.2552434691962184,4.605170185988092,1.0986122886681096,1.0986122886681096,81.6719473,Unknown,Available,Available
47852,,2007-10-30,Male,4,guangzhou,guangdong,CN,38,2014-03-31,46,57511,24340,21105,67640,,151,12,84,1,0.780097428,57783,2,10.964467199730683,10.959748900663708,10.099917450331915,9.957312639231036,11.121969587054622,10.964467199730683,2.6100697927420065,4.442651256490317,0.6931471805599453,1.0986122886681096,78.0097428,Unknown,Available,Unknown
27985,,2006-10-31,Female,4,guangzhou,guangdong,CN,40,2014-03-31,49,50088,34520,15193,65723,,30,14,205,5,0.802753678,64565,33,11.075443235428446,10.821556702087694,10.449323113491568,9.628655892063167,11.093219434571722,11.075443235428446,2.7394950340252113,5.327876168789581,1.791759469228055,3.5263605246161616,80.2753678,Unknown,Available,Unknown
20398,,2005-09-19,Male,5,guangzhou,guangdong,CN,37,2014-03-31,57,43066,26190,22363,73819,2014-03-19,13,12,112,0,0.714524987,44619,0,10.705937467986523,10.670512321570657,10.173171119285234,10.015207802146536,11.209384976583989,10.705937467986523,2.6210388241125804,4.727387818712341,0.0,0.0,71.4524987,Unknown,Available,Available
21780,,,Male,6,beijing,beijing,CN,49,2014-03-31,82,51357,23755,28749,58614,2014-03-31,1,8,28,4,0.89987375,59326,8,10.990819793335792,10.84657599679566,10.075590409135751,10.266393046225497,10.978745915505929,10.990819793335792,2.301349762387289,3.367295829986474,1.6094379124341003,2.1972245773362196,89.987375,Unknown,Unknown,Available
44410,,2010-08-21,Male,4,wulumuqi,xinjiang,CN,29,2014-03-31,29,37652,21083,14036,77601,,88,22,75,1,0.679622943,37652,1,10.536167911328556,10.536167911328556,9.956269737975097,9.549451979534325,11.259348479035063,10.536167911328556,3.16758253048065,4.330733340286331,0.6931471805599453,0.6931471805599453,67.9622943,Unknown,Available,Unknown
2134,2005-04-05,2005-04-13,Male,4,Unknown,Unknown,CN,45,2014-03-31,52,42947,21169,26451,70566,,32,13,72,5,0.747067285,47289,8,10.764054135637922,10.667745360554026,9.96034036412891,10.183087048794553,11.164317892109255,10.764054135637922,2.6855773454774243,4.290459441148391,1.791759469228055,2.1972245773362196,74.7067285,Available,Available,Unknown
46125,2007-03-01,,Male,5,beijing,beijing,CN,67,2014-03-31,29,49955,22275,26956,35893,,32,24,89,0,1.468002396,55818,9,10.929869592203938,10.818897896982977,10.01126514470956,10.201998282870223,10.488325429589223,10.929869592203938,3.253967144569126,4.499809670330265,0.0,2.302585092994046,146.8002396,Available,Unknown,Unknown
48114,,2008-03-25,Female,5,beijing,beijing,CN,47,2014-03-31,35,44615,14559,22734,54234,,23,20,80,1,0.971369805,45817,4,10.732432305993294,10.70584781806939,9.586033321750676,10.031660866259111,10.901081735474317,10.732432305993294,3.0584308679076764,4.394449154672439,0.6931471805599453,1.6094379124341003,97.1369805,Unknown,Available,Unknown
51625,2012-08-07,,Male,5,shanghai,shanghai,CN,37,2014-03-31,52,47920,22035,24738,69052,,20,11,82,1,0.762866391,51035,3,10.840286545041634,10.777309100685118,10.000432758592607,10.116136224757685,11.142629604671352,10.840286545041634,2.5186447897516038,4.418840607796598,0.6931471805599453,1.3862943611198906,76.2866391,Available,Unknown,Unknown
56537,2007-08-01,,Male,4,zhuhai,guangdong,CN,41,2014-03-31,67,39888,22331,20447,82048,,32,10,42,2,0.641917414,46858,8,10.754898371671898,10.593855875645637,10.01377590643025,9.925640357177262,11.315071908753534,10.754898371671898,2.4423470353692043,3.7612001156935624,1.0986122886681096,2.1972245773362196,64.1917414,Available,Unknown,Unknown
27640,2006-01-09,2006-07-25,Male,4,fanyu,guangdong,CN,41,2014-03-31,19,42789,22073,4574,67880,2013-06-23,283,23,76,0,0.775889216,42789,0,10.664059709410862,10.664059709410862,10.002155724332829,9.077809308899132,11.125511451119438,10.664059709410862,3.203198012103824,4.343805421853684,0.0,0.0,77.5889216,Available,Available,Available
19167,2007-01-11,,Male,4,beijing,beijing,CN,39,2014-03-31,36,50039,19504,26662,64434,2014-01-28,64,19,199,3,0.817238259,76530,10,11.245451166489799,10.820577964580847,9.878426121940757,10.191032115533917,11.073412242722492,11.245451166489799,2.997159825616503,5.298317366548036,1.3862943611198906,2.3978952727983707,81.72382590000001,Available,Unknown,Available
17759,,,Male,5,shanghaishi,shanghai,CN,56,2014-03-31,36,58130,2515,10211,64237,2014-03-21,11,20,62,1,0.819461058,58130,1,10.970454363368692,10.970454363368692,8.856572917341328,9.231318778361375,11.070350214885682,10.970454363368692,3.064725145107609,4.143134726391533,0.6931471805599453,0.6931471805599453,81.9461058,Unknown,Unknown,Available
34733,2010-12-02,,Male,5,.,.,JP,54,2014-03-31,49,44468,51514,50751,69810,,21,14,118,0,0.753950723,46994,1,10.757796492054402,10.702547596181969,10.849628306379168,10.83470630499452,11.15354686945718,10.757796492054402,2.752864216892003,4.77912349311153,0.0,0.6931471805599453,75.3950723,Available,Unknown,Unknown
12543,,,Male,5,beijing,beijing,CN,41,2014-03-31,22,52288,23705,21617,39768,2014-03-31,1,33,119,2,1.323486723,54676,5,10.909198424665611,10.864541302883799,10.073483459639446,9.981281579976148,10.590842993304264,10.909198424665611,3.5526232640268027,4.787491742782046,1.0986122886681096,1.791759469228055,132.3486723,Unknown,Unknown,Available
47576,,2010-01-15,Male,5,shenzhen,guangdong,CN,46,2014-03-31,54,44926,21399,27612,69123,2014-03-30,2,13,77,1,0.761393458,49503,5,10.809808753372792,10.712794229303016,9.971146201009942,10.226041955305488,11.143657272173883,10.809808753372792,2.6915628269164626,4.356708826689592,0.6931471805599453,1.791759469228055,76.1393458,Unknown,Available,Available
26103,2012-03-09,,Male,5,Unknown,guangdong,CN,52,2014-03-31,19,46666,23286,21814,43462,2013-12-29,94,34,179,0,1.210662188,46666,0,10.750792555754964,10.750792555754964,10.055650543933236,9.99035308555771,10.679665280420206,10.750792555754964,3.5648268053496177,5.19295685089021,0.0,0.0,121.06621879999999,Available,Unknown,Available
11064,2005-02-12,2005-03-18,Male,5,beijing,beijing,CN,47,2014-03-31,48,45938,27365,18909,72522,2014-03-27,5,15,67,3,0.72545531,53288,7,10.883485209867995,10.735069708483318,10.217056645939756,9.847446161652503,11.19165903191167,10.883485209867995,2.780535783655268,4.219507705176107,1.3862943611198906,2.0794415416798357,72.545531,Available,Available,Available
53178,,2010-02-24,Female,4,haerbin,heilongjiang,CN,36,2014-03-31,63,49558,19806,26812,70241,,24,11,57,6,0.748315087,65169,13,11.084754519326426,10.810919157976958,9.893790689557264,10.196642123515149,11.159701701707727,11.084754519326426,2.514047784721609,4.060443010546419,1.9459101490553132,2.639057329615259,74.8315087,Unknown,Available,Unknown
5308,2011-04-10,,Female,4,changchun,jilin,CN,46,2014-03-31,44,42651,15732,26209,70269,,23,15,103,2,0.747928674,43954,2,10.690921662285279,10.66082944513807,9.663515696240424,10.173896296317452,11.160100244186243,10.690921662285279,2.8110824271962493,4.6443908991413725,1.0986122886681096,1.0986122886681096,74.79286739999999,Available,Unknown,Unknown
19615,,,Male,4,guangzhou,guangdong,CN,38,2014-03-31,34,46440,23306,23704,62200,2014-01-22,70,19,70,4,0.844919936,47550,6,10.769558098246616,10.74593796874106,10.056509023618531,10.073441275336219,11.038126355768453,10.769558098246616,3.010770150769278,4.2626798770413155,1.6094379124341003,1.9459101490553132,84.4919936,Unknown,Unknown,Available
23581,2011-09-05,,Female,4,shanghai,shanghai,CN,40,2014-03-31,32,45115,17029,17220,44298,2014-01-25,67,20,76,1,1.186242043,46240,2,10.741622129409992,10.716992229759807,9.742731773656734,9.7538848483049,10.698717382415014,10.741622129409992,3.089575101869946,4.343805421853684,0.6931471805599453,1.0986122886681096,118.6242043,Available,Unknown,Available
2257,,2005-08-17,Female,4,Unknown,Unknown,NL,45,2014-03-31,13,60768,31360,6770,52254,2013-06-13,293,34,216,0,1.005550006,63168,3,11.053568953468252,11.014835069506102,10.353320361711043,9.077809308899132,10.863890859028604,11.053568953468252,3.5742165458872543,5.37989735354046,0.0,1.3862943611198906,100.5550006,Unknown,Available,Available
47064,,2005-07-13,Male,6,.,beijing,CN,40,2014-03-31,41,49505,21736,26643,69751,2014-02-17,44,17,122,5,0.753241244,75647,11,11.233846281325715,10.809849153332399,9.986771156672866,10.19031926353307,11.15270137310765,11.233846281325715,2.8986705607108596,4.812184355372417,1.791759469228055,2.4849066497880004,75.3241244,Unknown,Available,Available
21226,,2008-04-19,Male,5,shanghai,shanghai,CN,64,2014-03-31,56,47671,21130,16045,66736,,31,12,55,1,0.786896278,50082,3,10.821436908133153,10.772099502426816,9.958496435566927,9.6832148763136,11.108514800740668,10.821436908133153,2.6100697927420065,4.02535169073515,0.6931471805599453,1.3862943611198906,78.6896278,Unknown,Available,Unknown
54659,2006-03-01,2006-06-27,Male,5,guangzhoushi,guangdongsheng,CN,37,2014-03-31,45,35519,14362,21721,82182,2014-03-19,13,16,69,2,0.638975445,36549,3,10.506436465177925,10.477851197106107,9.572410734431823,9.986080850839981,11.316703747003517,10.506436465177925,2.8504437242062366,4.248495242049359,1.0986122886681096,1.3862943611198906,63.8975445,Available,Available,Available
29207,2005-06-09,2005-09-20,Male,5,guangzhou,guangdong,CN,54,2014-03-31,51,47080,18417,30266,78236,2014-03-30,2,14,72,2,0.671176441,47821,7,10.775241063642547,10.759624801590439,9.821083726281312,10.317813289076488,11.267497960415284,10.775241063642547,2.733067964077498,4.290459441148391,1.0986122886681096,2.0794415416798357,67.11764409999999,Available,Available,Available
49389,,2009-12-24,Male,4,shanghai,shanghai,CN,30,2014-03-31,47,48908,25380,23719,62300,2014-03-30,2,13,49,4,0.842580096,57105,32,10.952664468932817,10.797716707607764,10.141756141595407,10.074073853111662,11.03973275601109,10.952664468932817,2.686071294146398,3.912023005428146,1.6094379124341003,3.4965075614664802,84.2580096,Unknown,Available,Available
16196,2012-11-04,,Male,5,.,beijing,CN,49,2014-03-31,48,49323,18205,32596,48023,2014-03-23,9,10,44,0,1.093051455,53523,2,10.887885430424879,10.80616605699042,9.809506489065233,10.391975538580404,10.779456164931679,10.887885430424879,2.450638192879791,3.8066624897703196,0.0,1.0986122886681096,109.3051455,Available,Unknown,Available
26011,,2008-04-23,Male,6,shanghai,shanghai,CN,46,2014-03-31,72,52054,15299,34902,69727,2014-03-29,3,9,49,8,0.75271387,76068,48,11.239396102118166,10.860056130908854,9.635608107380527,10.460328064381565,11.152357237744347,11.239396102118166,2.357393329518374,3.912023005428146,2.1972245773362196,3.8918202981106265,75.271387,Unknown,Available,Available
28444,2010-07-06,2011-03-20,Female,4,guangzhou,guangdong,CN,31,2014-03-31,57,48020,30270,19525,77295,2014-02-27,34,12,61,3,0.678728637,72322,88,11.188897476506575,10.779393694214807,10.317945437479338,9.879502189785617,11.255397486794188,11.188897476506575,2.5947215155818735,4.127134385045092,1.3862943611198906,4.48863636973214,67.8728637,Available,Available,Available
38565,,,Male,5,guangzhou,guangdong,CN,39,2014-03-31,26,49284,19380,30020,37863,,20,28,187,5,1.385577213,62346,16,11.040470834473451,10.805375054099539,9.872048483700748,10.309652415758565,10.541756071586084,11.040470834473451,3.3782698770184507,5.236441962829949,1.791759469228055,2.833213344056216,138.5577213,Unknown,Unknown,Unknown
49038,,2009-01-20,Male,6,guangzhou,guangdong,CN,42,2014-03-31,27,51028,25780,22609,38894,,86,21,103,4,1.348791073,58285,23,10.973117206279754,10.840149377550114,10.15739306550038,10.026147565272016,10.568620986640875,10.973117206279754,3.1014773306162935,4.6443908991413725,1.6094379124341003,3.1780538303479458,134.8791073,Unknown,Available,Unknown
36880,,2006-04-17,Male,4,wuxishi,jiangsu,CN,36,2014-03-31,41,46962,20749,19463,62686,,27,17,79,1,0.836819386,51750,11,10.854199034612414,10.7571153366182,9.940301525658844,9.876321884463358,11.045909368600698,10.854199034612414,2.9055340056358423,4.382026634673881,0.6931471805599453,2.4849066497880004,83.68193860000001,Unknown,Available,Unknown
9587,,,Male,6,dalianshi,liaoning,CN,41,2014-03-31,72,51529,25945,28454,57835,2014-03-24,8,10,94,8,0.906908446,89073,43,11.397222763916492,10.84991944132227,10.163772734130958,10.256079171037225,10.965366698148017,11.397222763916492,2.4068182128800153,4.553876891600541,2.1972245773362196,3.784189633918261,90.69084459999999,Unknown,Unknown,Available
9609,2006-04-01,,Male,5,wuhan,hubei,CN,40,2014-03-31,68,46484,31636,25020,64120,2014-03-20,12,10,105,1,0.817871803,51937,6,10.85780597850694,10.746884958889959,10.362082600698466,10.127470751247781,11.06852720235983,10.85780597850694,2.45203390491596,4.663439094112067,0.6931471805599453,1.9459101490553132,81.78718029999999,Available,Unknown,Available
56098,2004-12-04,,Male,5,beijing,beijing,CN,48,2014-03-31,74,48549,23020,28622,62827,2014-03-21,11,9,43,0,0.834571601,55349,3,10.921431938136783,10.790349473719472,10.044162121818896,10.261965869419956,11.048156112962923,10.921431938136783,2.3256057439522975,3.784189633918261,0.0,1.3862943611198906,83.45716010000001,Available,Unknown,Available
2657,,2007-07-24,Female,5,guangzhou,guangdong,CN,50,2014-03-31,49,42439,25605,24294,75576,2014-03-31,1,14,103,0,0.693752911,62256,28,11.039026257804146,10.655846592727919,10.150581978006125,10.098025846840004,11.232907283075203,11.039026257804146,2.7634323471640445,4.6443908991413725,0.0,3.367295829986474,69.3752911,Unknown,Available,Available
53670,,2006-10-23,Male,5,anshan,liaoning,CN,42,2014-03-31,46,48311,11490,22034,60237,2014-02-22,39,14,75,1,0.870313595,50979,2,10.839188677930107,10.785435255987737,9.349319399257634,10.000387377276088,11.006058661391418,10.839188677930107,2.738687170779617,4.330733340286331,0.6931471805599453,1.0986122886681096,87.03135950000001,Unknown,Available,Available
29203,,2007-08-29,Male,6,shenzhen,guangdong,CN,40,2014-03-31,44,49366,10459,33368,70539,2014-03-29,3,16,74,4,0.743063837,52935,5,10.876838915691895,10.807037463759448,9.255313737618915,10.41538260426014,11.163935203790043,10.876838915691895,2.848149127271662,4.31748811353631,1.6094379124341003,1.791759469228055,74.3063837,Unknown,Available,Available
37164,,,Male,5,shenzhen,guangdong,CN,33,2014-03-31,54,49692,25370,25282,54913,,26,12,51,2,0.954376013,56610,6,10.943958591598234,10.8136193570947,10.141362068450333,10.137887512106037,10.913523604095793,10.943958591598234,2.6377087120678517,3.9512437185814275,1.0986122886681096,1.9459101490553132,95.4376013,Unknown,Unknown,Unknown
53677,2007-01-09,,Male,6,shenyangshi,liaoningsheng,CN,54,2014-03-31,46,50567,24923,22078,64946,2014-03-28,4,14,58,3,0.806643365,52296,3,10.864694287031115,10.831074244152134,10.123586473664112,10.002382209510342,11.08132683165554,10.864694287031115,2.713958637862014,4.07753744390572,1.3862943611198906,1.3862943611198906,80.6643365,Available,Unknown,Available
38379,,2007-02-13,Male,4,shenyang,liaoning,CN,46,2014-03-31,54,43727,26592,20743,71253,2014-03-30,2,13,82,2,0.735079646,47573,3,10.770041672500454,10.685743908167849,10.18840330224294,9.9400123272185,11.174006236905964,10.770041672500454,2.6708902562798533,4.418840607796598,1.0986122886681096,1.3862943611198906,73.5079646,Unknown,Available,Available
56070,2004-11-11,2005-02-14,Male,5,guangzhoushi,guangdongsheng,CN,37,2014-03-31,58,44655,30371,18299,66810,2014-03-29,3,12,55,7,0.783947912,58712,28,10.980416446373079,10.706743955776103,10.321276410333125,9.814656338829513,11.109623016626696,10.980416446373079,2.61752388229963,4.02535169073515,2.0794415416798357,3.367295829986474,78.3947912,Available,Available,Available
52946,,2011-08-20,Male,4,shenyang,liaoning,CN,47,2014-03-31,42,43768,20020,23701,69770,2014-03-16,16,16,62,0,0.750047872,43768,0,10.686681083225299,10.686681083225299,9.904537001671699,10.073314711748393,11.152973729638365,10.686681083225299,2.8781016650300018,4.143134726391533,0.0,0.0,75.0047872,Unknown,Available,Available
31091,,2009-03-30,Male,4,wulumuqi,xinjiang,CN,43,2014-03-31,39,48574,16780,23171,60958,2014-02-22,39,16,116,0,0.858228124,49628,0,10.812330619275127,10.79086427424564,9.728002573001161,10.050699932216515,11.017956786026502,10.812330619275127,2.8845066383261195,4.762173934797756,0.0,0.0,85.8228124,Unknown,Available,Available
19263,2007-03-05,,Male,4,haikou,hainan,US,63,2014-03-31,16,51788,42740,6268,47254,2014-03-29,3,45,154,0,1.106824396,51788,0,10.854933050484659,10.854933050484659,10.662913925885341,9.077809308899132,10.763313747429157,10.854933050484659,3.8473066907795785,5.043425116919247,0.0,0.0,110.6824396,Available,Unknown,Available
41846,,2011-09-30,Male,5,guangzhou,guangdong,CN,28,2014-03-31,55,54250,28692,16526,65113,2014-03-31,1,13,178,3,0.80317141,60529,23,11.010894388885733,10.90137670441254,10.264408469559651,9.712750686140826,11.083894858839356,11.010894388885733,2.6612950016867956,5.187385805840755,1.3862943611198906,3.1780538303479458,80.317141,Unknown,Available,Available
36961,,2010-03-28,Male,5,guangzhou,guangdong,CN,44,2014-03-31,37,49762,32304,15367,53716,2014-02-24,37,16,98,0,0.972195808,50409,0,10.827944847076676,10.815027014984796,10.382977295992266,9.640042704448392,10.891484803954917,10.827944847076676,2.855831432707886,4.59511985013459,0.0,0.0,97.2195808,Unknown,Available,Available
35618,,2006-10-16,Male,5,changchun,jilin,CN,59,2014-03-31,51,46506,18932,18741,65122,2014-03-28,4,14,57,18,0.801868339,92236,26,11.432116630563204,10.747358117880204,9.84866171025235,9.838522273683768,11.084033068411356,11.432116630563204,2.7356653681351832,4.060443010546419,2.9444389791664403,3.295836866004329,80.1868339,Unknown,Available,Available
59541,,2011-06-29,Male,5,guangzhou,guangdong,CN,28,2014-03-31,63,45730,19163,31805,72541,2014-03-29,3,11,54,3,0.719675218,49761,4,10.815006919531392,10.730531683896064,9.860788798003012,10.367410230215862,11.191920983452134,10.815006919531392,2.5448985601121783,4.007333185232471,1.3862943611198906,1.6094379124341003,71.9675218,Unknown,Available,Available
11768,,2006-12-27,Male,6,shenyang,liaoning,CN,49,2014-03-31,69,45019,17571,27183,68104,2014-03-20,12,10,59,6,0.766470398,48390,6,10.787069125000578,10.714862114460724,9.77406200509567,10.210383843911714,11.128805910881441,10.787069125000578,2.448720543088819,4.0943445622221,1.9459101490553132,1.9459101490553132,76.6470398,Unknown,Available,Available
15017,2011-10-12,,Male,5,guangzhou,guangdong,CN,29,2014-03-31,46,46242,14089,33013,79069,2014-03-29,3,14,64,1,0.660163275,52359,30,10.865898220023837,10.741665380134448,9.553220604892726,10.404686992907486,11.278088815064972,10.865898220023837,2.7543681760555314,4.174387269895637,0.6931471805599453,3.4339872044851463,66.0163275,Available,Unknown,Available
44842,,2005-10-31,Male,4,shenyang,liaoning,CN,37,2014-03-31,70,46980,18384,19419,74716,2014-02-21,40,9,71,2,0.698464854,63028,19,11.051350216920406,10.757498543639837,9.819290393735372,9.874058741845316,11.221462922203763,11.051350216920406,2.3395736623438332,4.276666119016055,1.0986122886681096,2.995732273553991,69.8464854,Unknown,Available,Available
20636,,2008-09-21,Male,4,guangzhoushi,guangdong,CN,33,2014-03-31,34,51117,19205,26587,66311,2014-03-27,5,21,94,5,0.786851503,66664,36,11.107435356549558,10.841891964655394,9.862978009197919,10.188215265161473,11.102126155271362,11.107435356549558,3.1047225571265264,4.553876891600541,1.791759469228055,3.6109179126442243,78.68515029999999,Unknown,Available,Available
12608,2008-09-01,,Male,4,Unknown,OSAKA,JP,66,2014-03-31,27,60628,35093,23795,66897,2014-03-13,19,25,78,0,0.779255124,70588,5,11.164629603976666,11.012528605444684,10.465785454671082,10.077272778307796,11.110924350303225,11.164629603976666,3.282933461024121,4.3694478524670215,0.0,1.791759469228055,77.9255124,Available,Unknown,Available
49795,2010-07-07,,Male,4,zhongshanshi,guangdongsheng,CN,53,2014-03-31,22,55778,20508,42455,55901,2014-03-27,5,26,65,2,0.932533944,64647,4,11.076712447913284,10.929152733448172,9.928619093173733,10.65622352450773,10.93135543667848,11.076712447913284,3.2975989810857564,4.189654742026425,1.0986122886681096,1.6094379124341003,93.2533944,Available,Unknown,Available
30951,,,Female,5,guangzhou,guangdong,CN,52,2014-03-31,64,42161,22767,25102,80350,,32,10,42,4,0.648725078,44348,7,10.6998454395692,10.649274620420252,10.033111320329633,10.130742639890052,11.29415981663893,10.6998454395692,2.4782709253193396,3.7612001156935624,1.6094379124341003,2.0794415416798357,64.8725078,Unknown,Unknown,Unknown
37079,2007-03-07,2007-08-17,Male,6,xuchang,henan,CN,44,2014-03-31,77,44438,26659,28472,72039,2014-03-21,11,9,46,0,0.723545579,53077,4,10.879517808761141,10.701872741250162,10.1909195937327,10.256711548798602,11.184976799289892,10.879517808761141,2.345089881318252,3.8501476017100584,0.0,1.6094379124341003,72.3545579,Available,Available,Available
58647,2010-05-09,,Male,4,dongguan,guangdong,CN,37,2014-03-31,45,47464,28736,17884,72156,2014-02-23,38,15,79,5,0.722256223,47464,5,10.767747876315898,10.767747876315898,10.265940770051001,9.791717651693117,11.186599579592892,10.767747876315898,2.7796658923881963,4.382026634673881,1.791759469228055,1.791759469228055,72.2256223,Available,Unknown,Available
5758,,2012-03-13,Male,4,guangzhou,guangdong,CN,64,2014-03-31,24,51751,29678,18317,43077,2013-10-28,156,20,140,0,1.209802679,52583,0,10.870167169943413,10.854218357723822,10.298195003991331,9.815639461962933,10.670767704937301,10.870167169943413,3.0730958100668753,4.948759890378168,0.0,0.0,120.9802679,Unknown,Available,Available
59608,,2011-08-20,Male,5,dalian,liaoning,CN,47,2014-03-31,67,42972,27535,25219,67051,,31,10,54,0,0.777202726,57539,5,10.960235637105539,10.668327290482809,10.22324951845132,10.135392609518911,11.113223716751168,10.960235637105539,2.4410286431937824,4.007333185232471,0.0,1.791759469228055,77.7202726,Unknown,Available,Unknown
62020,,2012-01-21,Male,4,dandongshi,liaoningsheng,CN,43,2014-03-31,34,31455,17910,24730,85229,2013-12-27,96,19,64,0,0.611359866,33611,1,10.42263842504811,10.356345022946893,9.793170328225258,10.115812796414458,11.353108763516344,10.42263842504811,2.9987579944403167,4.174387269895637,0.0,0.6931471805599453,61.1359866,Unknown,Available,Available
38801,2007-11-11,,Male,5,guangzhou,guangdong,CN,43,2014-03-31,52,49823,29232,20423,68345,,32,13,73,0,0.762165484,57923,5,10.966887085448493,10.816252074633725,10.283053487118604,9.924465958921319,11.132338318127967,10.966887085448493,2.6694044860724855,4.304065093204169,0.0,1.791759469228055,76.2165484,Available,Unknown,Unknown
46511,,2010-10-17,Female,4,guangzhoushi,guangdongsheng,CN,32,2014-03-31,71,40739,24145,25772,86106,2014-03-21,11,10,61,3,0.60493508,53101,35,10.879969871304157,10.614965689780798,10.091874013892333,10.157082711306167,11.363345987924099,10.879969871304157,2.414637454324586,4.127134385045092,1.3862943611198906,3.58351893845611,60.493508,Unknown,Available,Available
2654,,2008-05-28,Male,5,beijing,beijing,CN,37,2014-03-31,34,50335,30683,17291,48212,2014-03-27,5,20,144,2,1.080389322,59870,26,10.999947526636095,10.826475805858005,10.331496625079186,9.757999245787522,10.78338397321718,10.999947526636095,3.082743650626954,4.976733742420574,1.0986122886681096,3.295836866004329,108.0389322,Unknown,Available,Available
8944,2008-11-11,2010-03-24,Male,5,wulumuqi,xinjiang,CN,50,2014-03-31,28,40186,16469,23057,79281,2014-03-20,12,24,91,0,0.657000795,43105,1,10.671417477539759,10.60129883922295,9.709295823171686,10.045768059792898,11.280766395729064,10.671417477539759,3.2233104218918185,4.5217885770490405,0.0,0.6931471805599453,65.7000795,Available,Available,Available
51534,,2012-06-18,Female,4,wulumuqi,xinjiang,CN,30,2014-03-31,21,44151,11925,29727,64337,2014-03-31,1,32,168,1,0.809487076,47722,3,10.77316874095837,10.695393505119338,9.386476169683052,10.299844641613564,11.071905715448201,10.77316874095837,3.5145260669691587,5.1298987149230735,0.6931471805599453,1.3862943611198906,80.9487076,Unknown,Available,Available
20347,,2005-10-20,Female,6,guangzhou,guangdong,CN,38,2014-03-31,24,47231,44743,7972,64340,2014-03-28,4,29,108,4,0.809431147,86528,15,11.368234896848463,10.762826907960145,10.708712636501424,9.077809308899132,11.07195234310307,11.368234896848463,3.42128414015787,4.6913478822291435,1.6094379124341003,2.772588722239781,80.9431147,Unknown,Available,Available
47593,2007-08-01,2007-09-27,Male,6,guangzhou,guangdong,CN,39,2014-03-31,58,43060,12808,36440,77626,2014-03-22,10,11,113,0,0.670858733,47706,4,10.772833416633738,10.67037299405789,9.457903327831136,10.50344979336838,11.2596705837992,10.772833416633738,2.525026643563381,4.736198448394496,0.0,1.6094379124341003,67.0858733,Available,Available,Available
57071,2008-01-07,,Male,5,guangzhoushi,guangdong,CN,40,2014-03-31,73,46585,22077,30001,78027,2014-03-14,18,9,61,9,0.667315673,59193,51,10.98857546438435,10.7490553457913,10.002336916578297,10.309019325088835,11.264823015614823,10.98857546438435,2.3053590198989315,4.127134385045092,2.302585092994046,3.9512437185814275,66.73156730000001,Available,Unknown,Available
46108,,2007-02-22,Male,5,shenzhenshi,guangdong,CN,38,2014-03-31,44,51929,27186,20982,58643,2014-03-20,12,16,100,9,0.887773647,109067,77,11.59972681990677,10.857651936838364,10.21049419685733,9.951467865054695,10.979240547058156,11.59972681990677,2.8602055361238348,4.61512051684126,2.302585092994046,4.356708826689592,88.7773647,Unknown,Available,Available
40709,,2010-08-16,Male,5,guangzhou,guangdong,CN,34,2014-03-31,40,48200,32952,12490,68353,,32,17,200,0,0.760788115,49700,3,10.813780332606648,10.783135046711445,10.402837582827095,9.43276366396591,11.132455362751363,10.813780332606648,2.910118520886865,5.303304908059076,0.0,1.3862943611198906,76.0788115,Unknown,Available,Unknown
14554,2011-11-06,2011-11-22,Male,6,yantai,shandong,CN,36,2014-03-31,84,46970,16093,31641,68048,2014-03-28,4,8,54,2,0.763973225,55443,4,10.923128781333244,10.757285668979632,9.686201810706079,10.362240631009008,11.12798331289449,10.923128781333244,2.2769583092816714,4.007333185232471,1.0986122886681096,1.6094379124341003,76.3973225,Available,Available,Available
3848,2009-02-09,,Female,4,guangzhou,guangdong,CN,39,2014-03-31,31,54916,17171,26373,100373,2013-12-21,102,20,164,0,0.517901029,55373,0,10.921865448493632,10.913578233480955,9.751035429344451,10.180133955367644,11.516658488559337,10.921865448493632,3.0618320754145207,5.10594547390058,0.0,0.0,51.7901029,Available,Unknown,Available
32615,2011-12-06,,Female,5,guangzhou,guangdong,CN,33,2014-03-31,56,45667,18079,30843,68540,,20,12,91,2,0.758141523,49090,2,10.801430997592224,10.729153112796217,9.802561633946167,10.336697520952852,11.135187385342592,10.801430997592224,2.5677426556460894,4.5217885770490405,1.0986122886681096,1.0986122886681096,75.8141523,Available,Unknown,Unknown
43953,2011-03-06,,Male,4,shenzhen,guangdong,CN,36,2014-03-31,46,44109,34380,11951,79994,2014-01-29,63,14,108,2,0.649567093,53609,5,10.889490896821583,10.694441793098985,10.445259365192133,9.388653907372598,11.289719411702812,10.889490896821583,2.7557816037115357,4.6913478822291435,1.0986122886681096,1.791759469228055,64.9567093,Available,Unknown,Available
45918,2006-10-09,,Male,5,guangzhoushi,guangdong,CN,47,2014-03-31,45,49517,23927,30169,43281,2014-03-19,13,16,49,3,1.2000067,59895,13,11.00036500391052,10.81009151882074,10.082804600309784,10.314603332153107,10.675492123173568,11.00036500391052,2.849128799204221,3.912023005428146,1.3862943611198906,2.639057329615259,120.00067000000001,Available,Unknown,Available
20153,2005-01-11,,Male,5,guangzhou,Unknown,CN,38,2014-03-31,42,49613,22641,26376,55383,2014-03-14,18,17,92,1,0.937671488,69415,27,11.147872667473326,10.812028330950222,10.027561867638054,10.180247697287351,10.922046022357861,11.147872667473326,2.90783358501988,4.532599493153256,0.6931471805599453,3.332204510175204,93.7671488,Available,Unknown,Available
59974,,2012-12-27,Female,4,WALNUT,CALIFORNIA,US,15,2014-03-31,5,60066,12600,15709,50895,,87,93,350,0,1.019951469,60066,0,11.003215884862435,11.003215884862435,9.441531454869693,9.662052731249666,10.837539613988925,11.003215884862435,3.861673167219153,5.675121665433755,0.0,0.0,101.9951469,Unknown,Available,Unknown
47429,,,Male,4,rugao,jiangsu,CN,43,2014-03-31,41,39301,14778,24265,79338,,25,17,93,2,0.654149336,39301,2,10.579030687147712,10.579030687147712,9.600962533214572,10.096831472611818,11.281485090006031,10.579030687147712,2.9231615807191558,4.543294782270004,1.0986122886681096,1.0986122886681096,65.4149336,Unknown,Unknown,Unknown
32166,,2011-04-17,Male,6,dalian,liaoning,CN,31,2014-03-31,75,46233,21477,31852,64012,2014-03-21,11,9,59,5,0.810686278,84131,34,11.340142272994967,10.741470737141523,9.974784434418162,10.36888684808733,11.066841466714719,11.340142272994967,2.3603439271845033,4.0943445622221,1.791759469228055,3.5553480614894135,81.0686278,Unknown,Available,Available
9580,2006-03-01,2006-03-17,Male,5,shenzhen,guangdong,CN,47,2014-03-31,55,47181,23903,22767,79075,2014-03-24,8,13,58,3,0.656156434,48768,5,10.794850144085432,10.761767742906777,10.081801087932543,10.033111320329633,11.278164694315828,10.794850144085432,2.6574064683354033,4.07753744390572,1.3862943611198906,1.791759469228055,65.6156434,Available,Available,Available
48248,,2010-11-28,Male,4,SVITA,OSAKA,JP,58,2014-03-31,38,36090,40954,7511,72817,2014-03-30,2,19,123,0,0.712546658,36090,0,10.493798805759472,10.493798805759472,10.620229181949702,9.077809308899132,11.195718456370107,10.493798805759472,3.0064850655174187,4.820281565605037,0.0,0.0,71.25466580000001,Unknown,Available,Available
32134,2011-03-07,,Male,4,beijingshi,beijing,CN,59,2014-03-31,58,42898,21209,19170,76146,2014-03-31,1,12,70,1,0.681298295,44660,3,10.706855916545168,10.666603794621116,9.962228047558728,9.861153999520049,11.240420961618181,10.706855916545168,2.61752388229963,4.2626798770413155,0.6931471805599453,1.3862943611198906,68.1298295,Available,Unknown,Available
58221,2009-09-12,2009-09-15,Male,5,guangzhou,guangdong,CN,40,2014-03-31,64,39887,14574,36124,77633,2014-03-31,1,11,50,1,0.668124509,49660,21,10.812975195790544,10.59383080576334,9.587063011218692,10.494740425414733,11.259760754544008,10.812975195790544,2.5250935218606863,3.9318256327243257,0.6931471805599453,3.091042453358316,66.8124509,Available,Available,Available
39825,,2010-09-20,Male,4,Unknown,Unknown,KH,38,2014-03-31,50,28260,32763,15670,87826,2014-02-26,35,13,53,2,0.590458406,28730,2,10.265731958189729,10.249238041316636,10.397085630635493,9.659567149523216,11.383124249433804,10.265731958189729,2.6804622442617028,3.9889840465642745,1.0986122886681096,1.0986122886681096,59.0458406,Unknown,Available,Available
2478,2008-05-10,2010-07-18,Male,4,wulumuqi,xinjiang,CN,42,2014-03-31,39,43157,21649,15418,71091,2014-01-26,66,16,86,2,0.729428338,45128,3,10.717280334365933,10.67262307909541,9.982760733430636,9.643355794171352,11.171730091879882,10.717280334365933,2.885976146335021,4.465908118654584,1.0986122886681096,1.3862943611198906,72.94283379999999,Available,Available,Available
500,2013-03-12,,Male,5,beijing,beijing,CN,41,2014-03-31,65,46618,0,47063,75026,2014-03-30,2,5,20,2,0.69095287,61944,18,11.034002173549839,10.749763462338244,8.856572917341328,10.759263656544292,11.225603327733996,11.034002173549839,1.9002401122221249,3.044522437723423,1.0986122886681096,2.9444389791664403,69.095287,Available,Unknown,Available
21225,2008-05-12,2009-03-21,Male,4,sanshui,guangdong,CN,39,2014-03-31,69,35914,28057,19637,90823,,118,8,56,2,0.570273169,43638,20,10.683706524927356,10.488910314508901,10.242029075278717,9.885221743729236,11.41667884684437,10.683706524927356,2.2966853709082775,4.04305126783455,1.0986122886681096,3.044522437723423,57.0273169,Available,Available,Unknown
46081,,2007-08-30,Male,5,nanning,guangxi,CN,44,2014-03-31,62,43344,28651,19525,71204,2014-03-14,18,11,66,2,0.727114207,44088,2,10.693965597214751,10.676946635302741,10.262978527734342,9.879502189785617,11.173318319653529,10.693965597214751,2.540698009403496,4.204692619390966,1.0986122886681096,1.0986122886681096,72.71142069999999,Unknown,Available,Available
17650,2005-11-04,,Female,4,changchun,jilin,CN,53,2014-03-31,46,39605,13178,20961,78058,2014-03-19,13,15,56,3,0.66311371,39605,3,10.586735900916826,10.586735900916826,9.486379932643889,9.950466553730122,11.265220229994082,10.586735900916826,2.8147431620603927,4.04305126783455,1.3862943611198906,1.3862943611198906,66.311371,Available,Unknown,Available
8736,2005-11-03,,Male,5,haerbin,heilongjiang,CN,42,2014-03-31,40,53275,14578,32114,48705,2014-03-16,16,17,75,0,1.062421107,55780,0,10.929188588593389,10.883241227320921,9.587337416104821,10.377078489691893,10.7935575047672,10.929188588593389,2.9226100087388214,4.330733340286331,0.0,0.0,106.2421107,Available,Unknown,Available
39836,,2010-02-13,Female,4,shenzhen,guangdong,CN,49,2014-03-31,10,57949,4494,23029,55746,,121,64,372,0,0.927492197,57949,0,10.967335848767897,10.967335848767897,8.856572917341328,10.044552992814731,10.928578876215273,10.967335848767897,3.861673167219153,5.675121665433755,0.0,0.0,92.7492197,Unknown,Available,Unknown
39579,2004-11-01,,Male,4,dongguan,guangdong,CN,56,2014-03-31,36,49412,10641,23621,66349,,24,17,88,0,0.779253945,49412,0,10.807968826450786,10.807968826450786,9.272563715156315,10.069933760171793,11.102699039760354,10.807968826450786,2.9246965005139263,4.48863636973214,0.0,0.0,77.9253945,Available,Unknown,Unknown
30331,2009-04-07,,Male,4,wuhan,hubei,CN,37,2014-03-31,41,48324,46198,2945,46235,,23,17,268,0,1.117744998,48797,2,10.79544460739483,10.785704304076532,10.740713431813928,9.077809308899132,10.741513994414158,10.79544460739483,2.9041650800285006,5.594711379601839,0.0,1.0986122886681096,111.7744998,Available,Unknown,Unknown
30325,2008-06-12,2009-07-13,Female,5,shenzhen,guangdong,CN,40,2014-03-31,44,43061,15209,23295,71723,2014-03-25,7,16,73,2,0.720284428,51328,5,10.846011173580045,10.670396216658126,9.62970838525334,10.056036950996413,11.180580698612255,10.846011173580045,2.8799820541384125,4.304065093204169,1.0986122886681096,1.791759469228055,72.02844280000001,Available,Available,Available
18201,,2010-10-29,Male,4,guangzhou,guangdong,CN,52,2014-03-31,34,45795,29094,17134,56621,2014-03-31,1,22,147,3,0.912387983,52372,13,10.866146470337812,10.731952030043702,10.27832161709077,9.74887843430871,10.944152881249387,10.866146470337812,3.140750469765552,4.997212273764115,1.3862943611198906,2.639057329615259,91.2387983,Unknown,Available,Available
2045,,,Female,4,zhuhaishi,guangdongsheng,CN,49,2014-03-31,32,38233,15587,24541,74287,2014-03-25,7,20,71,0,0.694945145,38733,1,10.564473046287677,10.551480451088963,9.6542566664586,10.108141214536493,11.215704710259702,10.564473046287677,3.0673024661603483,4.276666119016055,0.0,0.6931471805599453,69.49451450000001,Unknown,Unknown,Available
288,,2011-09-22,Male,5,guangzhou,guangdong,CN,30,2014-03-31,56,45005,18676,29477,75409,2014-03-19,13,12,60,1,0.684551314,48601,5,10.791419961305229,10.714551093197692,9.835048099313607,10.291399501396704,11.230695171196693,10.791419961305229,2.6351536164607303,4.110873864173311,0.6931471805599453,1.791759469228055,68.4551314,Unknown,Available,Available
50522,2011-07-11,2011-07-19,Female,4,guangzhou,guangdong,CN,29,2014-03-31,41,50471,24094,25780,65636,,20,17,62,3,0.786322597,56201,5,10.936707622437186,10.829174006050646,10.089759629074432,10.15739306550038,11.091894840320453,10.936707622437186,2.8903717578961645,4.143134726391533,1.3862943611198906,1.791759469228055,78.63225969999999,Available,Available,Unknown
23412,2011-06-01,,Female,4,changchun,jilin,CN,36,2014-03-31,39,46038,16996,22471,59686,2014-02-21,40,17,129,1,0.864602754,47538,2,10.769305705774984,10.737244142356664,9.740792136877351,10.02002536878408,10.996869520224648,10.769305705774984,2.8918326785650366,4.867534450455582,0.6931471805599453,1.0986122886681096,86.4602754,Available,Unknown,Available
12647,2009-01-03,,Male,5,wuhan,hubei,CN,40,2014-03-31,53,36368,20147,28187,74249,2014-03-22,10,13,50,4,0.695000202,38460,4,10.557400019844792,10.501472042414694,9.91086030686554,10.246651634446913,11.215193056664946,10.557400019844792,2.6621405000128973,3.9318256327243257,1.6094379124341003,1.6094379124341003,69.5000202,Available,Unknown,Available
37273,,2007-11-29,Male,4,guangzhou,guangdong,CN,39,2014-03-31,66,58153,18842,29710,68037,,27,10,101,5,0.758270794,63304,10,11.055719593954354,10.97084994319928,9.843896771122491,10.299272626590986,11.127821651603933,11.055719593954354,2.460246088163158,4.624972813284271,1.791759469228055,2.3978952727983707,75.8270794,Unknown,Available,Unknown
51570,2012-06-12,,Male,6,shenzhen,guangdong,CN,59,2014-03-31,26,43430,0,38752,37631,2014-01-30,62,16,85,0,1.370714305,46766,2,10.75293310498079,10.678928750822154,8.856572917341328,10.564963451139608,10.5356100312583,10.75293310498079,2.8656235882069705,4.454347296253507,0.0,1.0986122886681096,137.0714305,Available,Unknown,Available
12869,2009-01-09,,Male,4,langfang,hebei,CN,52,2014-03-31,39,46831,24759,21817,65794,2014-01-30,62,17,127,0,0.783891236,46831,0,10.754322008931666,10.754322008931666,10.116984726798533,9.990490596157702,11.094299126584241,10.754322008931666,2.922029077851842,4.852030263919617,0.0,0.0,78.3891236,Available,Unknown,Available
26864,,2005-12-14,Male,5,haerbin,heilongjiang,CN,37,2014-03-31,76,51786,14603,31153,63132,2014-03-25,7,9,40,4,0.816826807,62428,7,11.041785189987408,10.854894431499561,9.589050742775527,10.34669792688655,11.052998891221021,11.041785189987408,2.3621110722766656,3.713572066704308,1.6094379124341003,2.0794415416798357,81.68268069999999,Unknown,Available,Available
12344,,2010-10-27,Male,4,fanyu,guangdong,CN,51,2014-03-31,45,38075,26974,17223,77263,2014-03-19,13,16,114,0,0.667262208,38963,1,10.570393421890847,10.547339441371197,10.202665790126336,9.754059039044199,11.254983408113324,10.570393421890847,2.849128799204221,4.74493212836325,0.0,0.6931471805599453,66.72622080000001,Unknown,Available,Available
28030,2006-12-03,2009-08-24,Male,4,zhanjiangshi,guangdongsheng,CN,47,2014-03-31,37,50103,17486,31576,52469,2013-12-30,93,16,159,0,0.982461263,52558,0,10.869691627102307,10.82185612420525,9.76921302671366,10.36018428646371,10.867996856680758,10.869691627102307,2.8637869242118863,5.075173815233827,0.0,0.0,98.2461263,Available,Available,Available
31637,,2011-04-14,Male,5,wuhan,hubei,CN,55,2014-03-31,72,42831,18475,30443,73121,2014-03-25,7,10,35,4,0.704958083,57471,30,10.959053151661871,10.665040765760134,9.824227871550496,10.323644209387282,11.199884558051558,10.959053151661871,2.4004528185791174,3.58351893845611,1.6094379124341003,3.4339872044851463,70.4958083,Unknown,Available,Available
36830,,2006-10-25,Male,5,guangzhou,guangdong,CN,43,2014-03-31,53,45793,27840,22796,74640,,31,12,50,2,0.690445874,50221,33,10.824208456689599,10.731908357153642,10.234265033343494,10.034384227337895,11.220445233073493,10.824208456689599,2.6349279361077302,3.9318256327243257,1.0986122886681096,3.5263605246161616,69.0445874,Unknown,Available,Unknown
23239,,,Female,6,guangzhou,guangdong,CN,52,2014-03-31,39,46678,30311,15975,64352,2014-02-20,41,17,116,0,0.800816602,53030,5,10.878631927203992,10.7510496637203,10.319298952698437,9.67884287509565,11.072138831984212,10.878631927203992,2.9402751979112116,4.762173934797756,0.0,1.791759469228055,80.0816602,Unknown,Unknown,Available
21532,,2008-11-20,Male,5,MAKATI CITY,METRO MANILA,PH,54,2014-03-31,35,47511,37409,17894,46076,2013-12-16,107,17,113,0,1.118377463,47511,0,10.768737589695696,10.768737589695696,10.529693327342192,9.792276623200125,10.738069189083738,10.768737589695696,2.924109897591206,4.736198448394496,0.0,0.0,111.8377463,Unknown,Available,Available
55170,,2009-04-23,Male,5,guangzhou,guangdong,CN,42,2014-03-31,76,45086,19447,31426,75477,2014-03-29,3,9,66,2,0.682545411,48604,5,10.79148168525517,10.716349235602204,9.875499515995958,10.355422675029144,11.231596502046113,10.79148168525517,2.3583351080670116,4.204692619390966,1.0986122886681096,1.791759469228055,68.2545411,Unknown,Available,Available
19582,,2011-08-19,Male,4,guangzhou,guangdong,CN,35,2014-03-31,40,47288,23426,21586,63573,,31,17,121,5,0.809896025,48790,5,10.795301148603121,10.764032989294652,10.061644482330784,9.979846560634877,11.05995986071321,10.795301148603121,2.9142997118139315,4.804021044733257,1.791759469228055,1.791759469228055,80.9896025,Unknown,Available,Unknown
59398,2012-09-12,2012-09-13,Male,5,guangzhoushi,guangdong,CN,30,2014-03-31,58,34330,12565,34449,86027,2014-03-31,1,9,79,0,0.598479547,48570,24,10.79078192396869,10.44380401506915,9.438750032962892,10.447264276441805,11.362428103640873,10.79078192396869,2.3898888249271373,4.382026634673881,0.0,3.2188758248682006,59.847954699999995,Available,Available,Available
10489,,2011-04-28,Male,5,guangzhou,guangdong,CN,58,2014-03-31,42,50627,13890,36603,66529,2014-03-31,1,17,140,0,0.773845391,59080,2,10.98666466270383,10.832260061912338,9.53899642739739,10.50791280303527,11.105408252735932,10.98666466270383,2.922374488785488,4.948759890378168,0.0,1.0986122886681096,77.38453910000001,Unknown,Available,Available
10816,2012-11-02,,Male,4,guangzhou,guangdong,CN,38,2014-03-31,33,44575,16080,33186,69734,,49,14,65,1,0.738067083,51441,3,10.848210238404517,10.704950876579533,9.685393729854024,10.409913511957432,11.152457622792795,10.848210238404517,2.7448641742249262,4.189654742026425,0.6931471805599453,1.3862943611198906,73.8067083,Available,Unknown,Unknown
46269,2007-03-06,,Male,4,wuhan,hubei,CN,40,2014-03-31,59,48093,23045,21425,69893,2014-03-23,9,12,83,4,0.735930494,63766,39,11.062991094138104,10.780912708188415,10.04524749757396,9.972360416822504,11.154735087627833,11.062991094138104,2.5741903476832033,4.430816798843313,1.6094379124341003,3.6888794541139363,73.5930494,Available,Unknown,Available
48719,,2011-05-30,Female,5,guangzhou,guangdong,CN,53,2014-03-31,26,46676,22320,25056,39659,,111,19,80,0,1.296921254,51511,8,10.84957006921802,10.751006816983072,10.013283218359012,10.128908508594378,10.588098402073786,10.84957006921802,3.0017143452315387,4.394449154672439,0.0,2.1972245773362196,129.69212539999998,Unknown,Available,Unknown
18171,,2010-03-24,Male,4,beijing,beijing,CN,46,2014-03-31,42,48881,23688,21223,70791,2014-03-23,9,17,80,4,0.726525406,52849,15,10.875212991298383,10.797164509538696,10.072766084358127,9.962887895817575,11.167501278947187,10.875212991298383,2.9157911865085704,4.394449154672439,1.6094379124341003,2.772588722239781,72.65254060000001,Unknown,Available,Available
13581,,2011-01-19,Male,4,shunde,guangdong,CN,52,2014-03-31,33,46070,33085,19917,68920,2014-03-18,14,22,104,4,0.74590177,50764,6,10.834962419735323,10.737938963793802,10.406865511166961,9.899379124491585,11.140716200112923,10.834962419735323,3.1368519893896103,4.653960350157523,1.6094379124341003,1.9459101490553132,74.590177,Unknown,Available,Available
44859,2007-08-08,,Male,5,Unknown,beijing,CN,57,2014-03-31,70,48346,26543,23957,62459,2014-03-31,1,10,53,0,0.822804079,51926,3,10.857594165094508,10.786159451386606,10.186559012430227,10.084057576291276,11.042281630837069,10.857594165094508,2.4391914635243768,3.9889840465642745,0.0,1.3862943611198906,82.2804079,Available,Unknown,Available
23987,2011-04-01,,Male,5,Osaka-shi,Osaka-fu,JP,61,2014-03-31,44,50985,20397,47397,65358,2014-03-29,3,16,82,0,0.786177362,62777,4,11.047359972609103,10.839306364217828,9.923192135810464,10.766335312700145,11.08765042953924,11.047359972609103,2.838670383764172,4.418840607796598,0.0,1.6094379124341003,78.6177362,Available,Unknown,Available
38012,,2005-01-25,Male,5,beijing,beijing,CN,42,2014-03-31,60,39586,29738,16610,97713,2014-03-23,9,12,78,2,0.525715616,58721,45,10.980569722653874,10.586256060517686,10.300214594701007,9.717820405491077,11.489800123568491,10.980569722653874,2.5727416050439276,4.3694478524670215,1.0986122886681096,3.828641396489095,52.5715616,Unknown,Available,Available
39230,,2010-03-24,Female,4,guangzhou,guangdong,CN,31,2014-03-31,36,53944,20492,24988,60680,2014-01-29,63,18,79,1,0.845719018,57493,10,10.959435873514742,10.89572028798544,9.927838643399959,10.126191007021934,11.013385913221205,10.959435873514742,2.972609855986938,4.382026634673881,0.6931471805599453,2.3978952727983707,84.5719018,Unknown,Available,Available
1824,,2012-10-30,Female,5,dongguan,guangdong,CN,40,2014-03-31,60,41648,17098,34132,74825,2014-03-27,5,8,26,3,0.685834414,46247,4,10.741773498762312,10.637032637702912,9.746775261248594,10.43801993724675,11.222920697148803,10.741773498762312,2.273348272831708,3.295836866004329,1.3862943611198906,1.6094379124341003,68.5834414,Unknown,Available,Available
60269,2012-01-01,,Female,5,changchunshi,jilinsheng,CN,41,2014-03-31,43,44729,16014,25711,69298,2014-03-30,2,17,69,1,0.740439407,45893,4,10.73408966854992,10.708399696426893,9.681281062043258,10.154713087977294,11.14618575505945,10.73408966854992,2.9100187554356034,4.248495242049359,0.6931471805599453,1.6094379124341003,74.0439407,Available,Unknown,Available
47188,,2005-03-28,Male,5,Unknown,Unknown,CN,37,2014-03-31,61,42416,29776,15623,71531,2014-01-23,69,11,74,0,0.717274049,43389,4,10.677984278792396,10.65530450425995,10.301491562412671,9.656563472556515,11.177900181007926,10.677984278792396,2.486294575340241,4.31748811353631,0.0,1.6094379124341003,71.7274049,Unknown,Available,Available
31230,2009-11-10,,Male,5,wuhan,hubei,CN,49,2014-03-31,54,50753,24841,24605,60679,2014-03-26,6,13,66,0,0.845511462,52383,0,10.866356480170861,10.834745711532069,10.12029104810414,10.110745594620115,11.013369433462469,10.866356480170861,2.6786926367576283,4.204692619390966,0.0,0.0,84.5511462,Available,Unknown,Available
49710,2010-10-06,,Male,4,YOKOHAMA CITY,KANAGAWAKEY,JP,60,2014-03-31,20,55339,20140,32400,61515,2014-03-16,16,35,127,0,0.833807364,66719,5,11.108260037032629,10.921251253340916,9.910512817472881,10.385944565501662,11.027052582559815,11.108260037032629,3.6037801237248717,4.852030263919617,0.0,1.791759469228055,83.3807364,Available,Unknown,Available
5261,2011-05-11,,Male,6,shantou,guangdong,CN,45,2014-03-31,80,48047,32879,26391,67870,2014-03-23,9,9,92,1,0.755703256,50936,2,10.838344853984122,10.779955790223111,10.400619849170116,10.180816212908418,11.125364123639649,10.838344853984122,2.3164130945688783,4.532599493153256,0.6931471805599453,1.0986122886681096,75.5703256,Available,Unknown,Available
13858,,,Female,4,shamen,fujian,CN,41,2014-03-31,8,59632,26136,18100,52310,2013-10-14,170,75,351,0,0.980220226,59632,0,10.995964391098154,10.995964391098154,10.171107213950854,9.803722464346553,10.864961952985603,10.995964391098154,3.861673167219153,5.675121665433755,0.0,0.0,98.0220226,Unknown,Unknown,Available
3939,,2009-07-13,Male,5,wuhan,hubei,CN,45,2014-03-31,66,51965,13118,34973,59480,2014-03-21,11,11,44,1,0.861908373,60076,3,11.003382351769197,10.8583449375591,9.48181684008103,10.462360207273605,10.993412212806673,11.003382351769197,2.4887454264144506,3.8066624897703196,0.6931471805599453,1.3862943611198906,86.1908373,Unknown,Available,Available
1225,2007-10-12,,Male,4,ROSEMEAD,L.A.,US,42,2014-03-31,5,58684,13420,13500,50481,,86,147,270,3,1.015233256,58684,3,10.979939436534224,10.979939436534224,9.504575923397805,9.510519035757246,10.829372116081604,10.979939436534224,3.861673167219153,5.602118820879701,1.3862943611198906,1.3862943611198906,101.52332559999999,Available,Unknown,Unknown
14631,,,Female,5,foshan,guangdong,CN,45,2014-03-31,15,53712,8249,23593,69081,2014-02-22,39,40,142,0,0.741636774,53712,0,10.89141033686003,10.89141033686003,9.017968479328726,10.068747721401788,11.143049483781295,10.89141033686003,3.7153127111473094,4.962844630259907,0.0,0.0,74.16367740000001,Unknown,Unknown,Available
24495,,2012-03-15,Female,4,beijing,.,CN,41,2014-03-31,45,44806,18712,24684,111205,2014-03-28,4,15,120,0,0.460557709,44806,1,10.710119656197318,10.710119656197318,9.836973748477789,10.113951050692963,11.619139616177534,10.710119656197318,2.8318755513751985,4.795790545596741,0.0,0.6931471805599453,46.0557709,Unknown,Available,Available
13357,,2010-04-13,Male,5,nanning,guangxi,CN,48,2014-03-31,24,47246,25798,20162,40937,,32,28,103,2,1.251077754,47246,2,10.76314443884269,10.76314443884269,10.15809101046861,9.911604520638075,10.619814006043478,10.76314443884269,3.3821770570274383,4.6443908991413725,1.0986122886681096,1.0986122886681096,125.1077754,Unknown,Available,Unknown
56405,,2005-10-18,Male,5,guangzhou,guangdong,CN,36,2014-03-31,37,53151,21201,25063,58957,2013-11-27,126,16,179,2,0.868407483,73006,20,11.198310605944295,10.880911012413021,9.961850795833042,10.129187832632027,10.9845806049853,11.198310605944295,2.8763855159214247,5.19295685089021,1.0986122886681096,3.044522437723423,86.8407483,Unknown,Available,Available
59947,,2011-10-27,Female,4,zhuhai,guangdong,CN,33,2014-03-31,41,40459,22918,20870,68831,,151,14,80,2,0.743698915,44608,20,10.705690911372514,10.608069110721736,10.039721539859407,9.94611591459175,11.139424032067456,10.705690911372514,2.726217505057659,4.394449154672439,1.0986122886681096,3.044522437723423,74.3698915,Unknown,Available,Unknown
5592,,2012-04-16,Male,4,EAGLE,IDAHO,US,44,2014-03-31,6,61442,12600,13368,51544,2013-10-26,158,111,536,0,0.992950489,61442,0,11.0258651947545,11.0258651947545,9.441531454869693,9.500693872983122,10.850210491530484,11.0258651947545,3.861673167219153,5.675121665433755,0.0,0.0,99.29504890000001,Unknown,Available,Available
19994,2012-12-07,,Male,5,shenzhen,guangdong,CN,47,2014-03-31,23,46614,4140,26633,35733,2014-03-27,5,21,128,0,1.432148434,48833,2,10.796182070555096,10.749677656730794,8.856572917341328,10.18994387406209,10.483857895493113,10.796182070555096,3.1195576238269798,4.859812404361672,0.0,1.0986122886681096,143.21484339999998,Available,Unknown,Available
10280,2009-01-01,,Male,4,guangzhou,guangdong,CN,41,2014-03-31,32,52080,30068,7649,65372,2014-02-21,40,21,140,2,0.782574344,55880,5,10.930979708701113,10.860555477926988,10.311250019692975,9.077809308899132,11.087864608165031,10.930979708701113,3.122791151701305,4.948759890378168,1.0986122886681096,1.791759469228055,78.25743440000001,Available,Unknown,Available
56698,2008-03-05,,Male,4,guangzhou,guangdong,CN,51,2014-03-31,5,58783,7020,17300,55013,,30,94,184,0,0.92993238,58783,0,10.981624988014852,10.981624988014852,8.85666093701725,9.758519582283522,10.915342977277955,10.981624988014852,3.861673167219153,5.220355825078325,0.0,0.0,92.993238,Available,Unknown,Unknown
31153,,2009-08-17,Female,4,foshan,guangdong,CN,28,2014-03-31,72,34139,43517,3437,90966,2013-05-18,319,5,28,3,0.562365059,35663,17,10.48189705562565,10.438224996348431,10.680929924591467,9.077809308899132,11.418252082367522,10.48189705562565,1.906930855420852,3.367295829986474,1.3862943611198906,2.8903717578961645,56.2365059,Unknown,Available,Available
17963,,2007-10-14,Female,5,.,beijing,CN,32,2014-03-31,75,45696,23668,22120,65997,2014-03-14,18,9,104,3,0.77504826,62201,35,11.038142432551167,10.729787929213312,10.071921454044812,10.004282662571022,11.097379717519113,11.038142432551167,2.3616186245680475,4.653960350157523,1.3862943611198906,3.58351893845611,77.50482600000001,Unknown,Available,Available
5891,2011-08-01,,Male,4,wulumuqi,xinjiang,CN,37,2014-03-31,26,47210,21210,17914,54038,2014-02-26,35,25,92,0,0.946324994,51174,3,10.84300641052949,10.762382195268975,9.962275194019217,9.793393629739054,10.897461287091668,10.84300641052949,3.258096538021482,4.532599493153256,0.0,1.3862943611198906,94.6324994,Available,Unknown,Available
37374,,2009-10-21,Male,4,guangzhou,guangdong,CN,34,2014-03-31,4,60484,0,36300,48928,2014-01-25,67,95,274,0,1.045,60484,0,11.010150679393949,11.010150679393949,8.856572917341328,10.499600568082863,10.79812554671483,11.010150679393949,3.861673167219153,5.616771097666572,0.0,0.0,104.5,Unknown,Available,Available
43755,,2009-11-30,Male,4,JEONJU-SI,JEOLLABUK-DO,KR,54,2014-03-31,39,38083,24991,20289,72182,2014-02-22,39,17,118,1,0.707918318,39597,2,10.586533890916645,10.547549525405582,10.126311052639412,9.91788343281986,11.18695984009284,10.586533890916645,2.9416650522281595,4.77912349311153,0.6931471805599453,1.0986122886681096,70.79183180000001,Unknown,Available,Available
47220,,2005-04-25,Male,4,guangzhou,guangdong,CN,39,2014-03-31,39,50872,41845,4002,56478,2013-11-17,136,15,279,1,0.90452725,75421,49,11.230854288625691,10.837087609932846,10.641751491899196,9.077809308899132,10.941624166627946,11.230854288625691,2.8065450970376475,5.634789603169249,0.6931471805599453,3.912023005428146,90.452725,Unknown,Available,Available
26442,,2010-09-19,Male,4,wulumuqi,xinjiang,CN,35,2014-03-31,30,37786,15658,21596,83155,2014-03-29,3,22,167,0,0.614307618,66110,50,11.099090426517867,10.53972040711132,9.658801110545443,9.980309695137413,11.328473640767005,11.099090426517867,3.160662087782275,5.123963979403259,0.0,3.9318256327243257,61.4307618,Unknown,Available,Available
38373,2007-04-09,,Male,4,beijing,beijing,CN,59,2014-03-31,21,51067,18900,28517,43408,2014-03-16,16,32,116,0,1.176802202,51067,0,10.840913356940241,10.840913356940241,9.846970109700957,10.258290745842064,10.67842207186152,10.840913356940241,3.5248888540047054,4.762173934797756,0.0,0.0,117.6802202,Available,Unknown,Available
34855,,2012-08-15,Male,6,beijing,beijing,CN,47,2014-03-31,73,47005,13844,32347,61341,,21,7,52,0,0.832736343,53369,1,10.88500406932799,10.758030532118873,9.535679435605061,10.384307474215714,11.02422004228832,10.88500406932799,2.1941333847417788,3.970291913552122,0.0,0.6931471805599453,83.2736343,Unknown,Available,Unknown
38561,,,Male,4,.,beijing,CN,37,2014-03-31,36,45882,29138,15536,54878,2014-02-25,36,19,95,3,0.930500383,46083,6,10.738221097157943,10.73384995707422,10.27983276207044,9.650979555092,10.912886040659409,10.738221097157943,3.023903150451243,4.564348191467836,1.3862943611198906,1.9459101490553132,93.05003830000001,Unknown,Unknown,Available
11812,,2008-03-18,Male,5,shenzhen,guangdong,CN,55,2014-03-31,41,48123,17584,22558,71744,2014-03-24,8,17,92,2,0.711605709,48123,2,10.781536292153415,10.781536292153415,9.774801544908083,10.023889378388423,11.180873444782508,10.781536292153415,2.9431223232816937,4.532599493153256,1.0986122886681096,1.0986122886681096,71.1605709,Unknown,Available,Available
52847,2010-12-04,2011-01-27,Male,5,zhanjiang,guangdong,CN,47,2014-03-31,54,44349,13428,37931,62325,2014-03-30,2,12,81,0,0.818561893,49968,2,10.819158092130804,10.699867987737726,9.505171826581176,10.543550362003618,11.040133953188832,10.819158092130804,2.6089592984302015,4.406719247264253,0.0,1.0986122886681096,81.85618930000001,Available,Available,Available
30350,,,Male,5,zhengzhou,henan,CN,45,2014-03-31,72,49968,26523,23188,58750,2014-03-18,14,9,60,0,0.867902468,57984,20,10.967939635390804,10.819158092130804,10.185805262488758,10.051433307284436,10.981063453138141,10.967939635390804,2.377195956755155,4.110873864173311,0.0,3.044522437723423,86.7902468,Unknown,Unknown,Available
8316,,2010-11-25,Male,4,kelamayi,xinjiang,CN,38,2014-03-31,25,47852,19280,24318,53179,2014-03-19,13,26,63,0,0.958813441,50316,1,10.8260982711551,10.775889090840558,9.866875434039397,10.099013216813665,10.88143766479701,10.8260982711551,3.3126697040331656,4.1588830833596715,0.0,0.6931471805599453,95.88134409999999,Unknown,Available,Available
1771,,,Male,5,guangzhoushi,guangdong,CN,37,2014-03-31,48,39912,11161,25112,75931,2014-03-13,19,11,48,1,0.671169351,46662,11,10.750706838407863,10.594457364348266,9.320270431348378,10.131140919328166,11.237593481910432,10.750706838407863,2.4972416079284385,3.8918202981106265,0.6931471805599453,2.4849066497880004,67.11693509999999,Unknown,Unknown,Available
57536,2010-01-12,,Male,5,shenyang,liaoning,CN,51,2014-03-31,31,43746,14167,24413,49318,2014-03-29,3,22,92,0,1.033152399,43746,0,10.68617831800606,10.68617831800606,9.55874117946267,10.102912017229745,10.806064681322521,10.68617831800606,3.168284038892393,4.532599493153256,0.0,0.0,103.3152399,Available,Unknown,Available
23089,2011-07-10,,Male,4,Unknown,Unknown,SG,39,2014-03-31,28,29400,18315,11600,79016,,31,24,90,0,0.644642857,29400,0,10.288783966353765,10.288783966353765,9.815530273776986,9.358846580275406,11.277418298172556,10.288783966353765,3.242302957662038,4.51085950651685,0.0,0.0,64.4642857,Available,Unknown,Unknown
27626,,2006-01-30,Male,6,guangzhou,guangdong,CN,38,2014-03-31,70,45555,28723,24428,71655,2014-03-29,3,10,59,4,0.71046989,50517,7,10.830084987398923,10.726697617394242,10.265488289230207,10.103526230135241,11.179632170155031,10.830084987398923,2.441716716760161,4.0943445622221,1.6094379124341003,2.0794415416798357,71.04698900000001,Unknown,Available,Available
17940,2006-04-12,2006-09-29,Male,4,haerbin,heilongjiang,CN,41,2014-03-31,36,44458,33148,9943,69635,2014-03-19,13,19,164,0,0.731010986,44998,2,10.714395546283317,10.70232269513748,10.40876782924649,9.204724633190548,11.15103695397861,10.714395546283317,2.997159825616503,5.10594547390058,0.0,1.0986122886681096,73.1010986,Available,Available,Available
51310,,,Male,4,shenzhen,guangdong,CN,50,2014-03-31,20,45713,19704,23564,38948,2013-11-15,138,19,115,1,1.306759012,49938,5,10.818557539604447,10.730159875701064,9.888627689629104,10.067517839357832,10.570008377028364,10.818557539604447,3.0242685808956518,4.7535901911063645,0.6931471805599453,1.791759469228055,130.6759012,Unknown,Unknown,Available
60039,2012-04-02,,Male,5,KUALA LUMPUR,Unknown,MY,45,2014-03-31,42,35425,8631,29234,81359,,20,17,123,0,0.625529935,38111,0,10.548284472155027,10.475201292812542,9.06323150693797,10.283121900609771,11.306639030722442,10.548284472155027,2.906501139999382,4.820281565605037,0.0,0.0,62.5529935,Available,Unknown,Unknown
37995,,2004-11-15,Female,4,guangzhoushi,guangdongsheng,CN,38,2014-03-31,47,50343,29216,20240,63275,2014-03-30,2,15,55,1,0.804304228,64258,49,11.070677070768497,10.82663472520677,10.282506010629309,9.915465529295535,11.05526138931847,11.070677070768497,2.8138454046695562,4.02535169073515,0.6931471805599453,3.912023005428146,80.4304228,Unknown,Available,Available
36856,2006-06-09,2008-02-15,Female,4,guangzhou,guangdong,CN,40,2014-03-31,4,60484,12600,23500,48928,2013-07-18,258,113,182,6,1.04,60484,6,11.010150679393949,11.010150679393949,9.441531454869693,10.064798252418377,10.79812554671483,11.010150679393949,3.861673167219153,5.209486152841421,1.9459101490553132,1.9459101490553132,104.0,Available,Available,Available
115,,2008-10-24,Male,5,shenyangshi,liaoning,CN,53,2014-03-31,78,51073,20023,25090,61691,,27,9,53,3,0.824487527,87859,44,11.38349991752977,10.841030840443734,9.90468683311161,10.13026449508276,11.029909541843505,11.38349991752977,2.309057607506115,3.9889840465642745,1.3862943611198906,3.8066624897703196,82.4487527,Unknown,Available,Unknown
38033,,2006-06-17,Male,6,Arcadia,California,US,50,2014-03-31,16,42011,13360,8230,73903,2013-11-22,131,39,207,5,0.688235254,45859,8,10.733348556411896,10.645710570742667,9.500095294588894,9.077809308899132,11.210522232670387,10.733348556411896,3.7103147349155674,5.337538079701318,1.791759469228055,2.1972245773362196,68.8235254,Unknown,Available,Available
44946,,2006-07-13,Male,4,wulumuqishi,xinjiang,CN,46,2014-03-31,27,44695,14989,24974,72240,2014-01-29,63,24,121,2,0.703860742,47614,3,10.770903116628146,10.707639291138985,9.615138591096644,10.125630603516754,11.187763030741458,10.770903116628146,3.2491811743933803,4.804021044733257,1.0986122886681096,1.3862943611198906,70.38607420000001,Unknown,Available,Available
29241,2005-07-03,,Male,5,guangzhou,guangdong,CN,42,2014-03-31,53,47347,30117,16368,63349,2014-03-13,19,13,70,1,0.80251401,50916,7,10.837952134989147,10.765279859073784,10.312878278646764,9.703144581144354,11.056430185749285,10.837952134989147,2.683389638964884,4.2626798770413155,0.6931471805599453,2.0794415416798357,80.251401,Available,Unknown,Available
57082,2008-03-08,,Male,4,dalian,liaoning,CN,38,2014-03-31,52,36925,21202,23084,76209,2014-03-17,15,13,52,0,0.666775184,40634,4,10.612385043187306,10.516671188955689,9.96189796008255,10.046938334941089,11.241247966660163,10.612385043187306,2.697537620382872,3.970291913552122,0.0,1.6094379124341003,66.6775184,Available,Unknown,Available
19612,,2011-04-24,Female,6,wangcheng,hunan,CN,44,2014-03-31,21,49761,42206,8670,48396,2014-02-21,40,30,157,3,1.049754525,52782,12,10.873944448154012,10.815006919531392,10.650341363045323,9.077809308899132,10.787193107312595,10.873944448154012,3.4468078929142076,5.062595033026967,1.3862943611198906,2.5649493574615367,104.9754525,Unknown,Available,Available
38206,2005-07-02,2005-09-17,Male,5,foshan,guangdong,CN,45,2014-03-31,54,47841,33294,16586,69039,2014-01-26,66,12,75,3,0.735568592,48766,3,10.794809133586739,10.775659193770734,10.413162514544723,9.716374535006043,11.142441325757309,10.794809133586739,2.5836414905591596,4.330733340286331,1.3862943611198906,1.3862943611198906,73.5568592,Available,Available,Available
38605,,,Male,4,shenzhen,guangdong,CN,42,2014-03-31,31,49562,26164,16629,64387,2014-03-26,6,18,157,1,0.788709677,49562,1,10.810999866598701,10.810999866598701,10.172177918806309,9.718963572186974,11.07268255932612,10.810999866598701,2.983997017504204,5.062595033026967,0.6931471805599453,0.6931471805599453,78.87096770000001,Unknown,Unknown,Available
989,,2009-08-17,Male,4,wulumuqi,xinjiang,CN,38,2014-03-31,27,41373,19176,17361,74301,2014-03-14,18,24,67,0,0.683212339,43837,1,10.688256300143298,10.630407943202995,9.861466923273516,9.762039188951753,11.215893148243975,10.688256300143298,3.22958748049357,4.219507705176107,0.0,0.6931471805599453,68.3212339,Unknown,Available,Available
38249,2005-08-09,2005-08-19,Male,5,guangzhoushi,guangdong,CN,41,2014-03-31,44,45701,18853,26489,72244,2014-03-17,15,16,71,3,0.702576961,47328,3,10.76487849442862,10.729897339600843,9.844480371956095,10.184522582266116,11.187818399427712,10.76487849442862,2.8562028624413425,4.276666119016055,1.3862943611198906,1.3862943611198906,70.2576961,Available,Available,Available
48040,,2010-01-20,Male,4,hangzhoushi,zhejiang,CN,35,2014-03-31,49,40550,20693,25677,73116,2014-03-26,6,14,67,6,0.694149571,56199,43,10.936672035881783,10.610315720151938,9.937599082164896,10.15338987315103,11.199816176839953,10.936672035881783,2.7515353132547147,4.219507705176107,1.9459101490553132,3.784189633918261,69.4149571,Unknown,Available,Available
4935,,2011-01-14,Female,4,changchun,jilin,CN,33,2014-03-31,54,45886,18699,23685,65360,2014-03-15,17,13,77,4,0.776467258,50598,6,10.83168709223442,10.73393713153216,9.836278802842678,10.07263943528144,11.087681029294444,10.83168709223442,2.6417491213481745,4.356708826689592,1.6094379124341003,1.9459101490553132,77.6467258,Unknown,Available,Available
29316,,2006-03-22,Female,5,guangzhou,guangdong,CN,47,2014-03-31,38,44832,29860,12897,70963,2014-03-15,17,17,119,2,0.715050942,45819,13,10.732475956007487,10.710699754384043,10.304308560150634,9.464827539570322,11.16992798518054,10.732475956007487,2.940162422456323,4.787491742782046,1.0986122886681096,2.639057329615259,71.5050942,Unknown,Available,Available
43196,,,Male,4,foshan,guangdong,CN,40,2014-03-31,31,52557,14456,34549,65140,2014-03-19,13,16,72,0,0.778791372,58026,2,10.9686636984504,10.869672600684126,9.578934005308442,10.450162829195817,11.084309430262897,10.9686636984504,2.875446107491519,4.290459441148391,0.0,1.0986122886681096,77.8791372,Unknown,Unknown,Available
10991,2004-11-08,,Female,5,guangzhoushi,guangdong,CN,37,2014-03-31,30,51574,19080,20036,56023,,27,24,93,2,0.905490781,60795,26,11.015279276316353,10.850792337939453,9.856448354530341,9.905335843393745,10.933535449335354,11.015279276316353,3.2298498719411053,4.543294782270004,1.0986122886681096,3.295836866004329,90.5490781,Available,Unknown,Unknown
29108,,,Male,6,dongguan,guangdong,CN,29,2014-03-31,19,47166,2007,41034,63836,2014-02-21,40,37,185,2,0.794303684,49147,2,10.802591432987462,10.761449774510156,8.856572917341328,10.622180640063812,11.064088238538305,10.802591432987462,3.6506582412937387,5.225746673713202,1.0986122886681096,1.0986122886681096,79.43036839999999,Unknown,Unknown,Available
14410,,2012-03-27,Male,5,dalian,liaoning,CN,62,2014-03-31,36,45043,28018,8771,34714,2014-02-18,43,19,165,0,1.460571527,46133,1,10.739305484260235,10.715395068816916,10.24063813046042,9.079320109537779,10.478804808879547,10.739305484260235,3.0252910757955354,5.111987788356544,0.0,0.6931471805599453,146.0571527,Unknown,Available,Available
2577,,2007-07-26,Female,6,shenzhen,guangdong,CN,55,2014-03-31,28,45957,19270,19199,46152,2014-03-16,16,25,94,5,1.098501473,47378,10,10.765934371538163,10.735483214914881,9.86635665419792,9.862665558015873,10.739717243235356,10.765934371538163,3.293089611680497,4.553876891600541,1.791759469228055,2.3978952727983707,109.8501473,Unknown,Available,Available
32891,,2012-01-28,Male,5,guangzhou,guangdong,CN,38,2014-03-31,69,44758,26726,35526,70121,2014-03-28,4,10,104,0,0.722842658,50070,1,10.821197277163698,10.70904782080006,10.193429569388753,10.478048249762029,11.157991861161213,10.821197277163698,2.421674464355607,4.653960350157523,0.0,0.6931471805599453,72.2842658,Unknown,Available,Available
49348,,2011-01-26,Male,5,guangzhou,guangdong,CN,46,2014-03-31,63,39583,22491,27049,74355,2014-03-16,16,11,73,1,0.681498218,42625,3,10.660219674721183,10.586180275192214,10.020914969412093,10.205442284274628,11.216619648027034,10.660219674721183,2.5218501647206173,4.304065093204169,0.6931471805599453,1.3862943611198906,68.1498218,Unknown,Available,Available
37784,,2012-08-31,Male,6,zhuhai,guangdong,CN,40,2014-03-31,60,41475,9751,28055,77799,2014-03-23,9,9,61,2,0.651002327,49605,10,10.811867073138947,10.632870225678168,9.185227671161108,10.241957791820013,11.261896710166482,10.811867073138947,2.3665938127804127,4.127134385045092,1.0986122886681096,2.3978952727983707,65.1002327,Unknown,Available,Available
41520,,2012-03-29,Male,5,dalian,liaoning,CN,45,2014-03-31,61,44169,17644,27024,61428,,31,11,73,0,0.824465553,46680,1,10.751092508621763,10.695801104590572,9.77820773610937,10.204517642507408,11.025637315334281,10.751092508621763,2.5230584160197562,4.304065093204169,0.0,0.6931471805599453,82.4465553,Unknown,Available,Unknown
52926,,2012-03-16,Male,5,huolinguoleshi,neimenggu,CN,58,2014-03-31,31,45796,15197,29522,36910,2014-03-23,9,24,77,2,1.371955839,47202,3,10.762212728875873,10.731973865773508,9.62891911922973,10.292924899567096,10.516264888585782,10.762212728875873,3.2202082699688237,4.356708826689592,1.0986122886681096,1.3862943611198906,137.1955839,Unknown,Available,Available
57494,,2010-06-18,Male,5,guangzhou,guangdong,CN,37,2014-03-31,52,43929,15947,31282,70809,2014-03-20,12,11,62,4,0.714735556,67252,33,11.116216906134532,10.690352736969825,9.677088708501246,10.350830097988764,11.167755512645819,11.116216906134532,2.5043247358374097,4.143134726391533,1.6094379124341003,3.5263605246161616,71.47355560000001,Unknown,Available,Available
31558,2010-05-05,,Male,6,changchun,changchun,CN,45,2014-03-31,34,45109,16038,27234,41626,2014-03-25,7,19,75,3,1.215350022,47167,5,10.761470975549008,10.716859230402441,9.682778535337379,10.212258189817774,10.636504274176522,10.761470975549008,3.0167225492381116,4.330733340286331,1.3862943611198906,1.791759469228055,121.5350022,Available,Unknown,Available
38896,2008-01-08,,Male,5,Unknown,beijing,CN,58,2014-03-31,27,48569,10253,36751,51390,2014-03-31,1,24,99,0,0.984149445,50294,0,10.825660947568439,10.790761335339791,9.235423152343646,10.51194792492888,10.847218338835674,10.825660947568439,3.2446935077442167,4.605170185988092,0.0,0.0,98.4149445,Available,Unknown,Available
3045,,2008-09-18,Male,5,changshaxian,hunan,CN,52,2014-03-31,42,38440,10681,22260,71920,2014-03-25,7,17,86,0,0.702774055,40592,0,10.611350916931753,10.556879877314014,9.276315360899716,10.010591547450328,11.183323573386991,10.611350916931753,2.8903717578961645,4.465908118654584,0.0,0.0,70.2774055,Unknown,Available,Available
8356,,2011-06-23,Male,5,wulumuqi,xinjiang,CN,37,2014-03-31,50,39619,10824,16427,73216,2014-03-26,6,14,125,2,0.690326978,41355,2,10.629972792706583,10.587089320252542,9.28961355287069,9.70674247507645,11.201182913422926,10.629972792706583,2.7480555358466283,4.836281906951478,1.0986122886681096,1.0986122886681096,69.0326978,Unknown,Available,Available
59818,,2012-03-28,Male,5,beijing,beijing,CN,57,2014-03-31,40,46519,6470,26169,56367,2014-03-26,6,18,106,0,0.896432487,49416,0,10.808049773531675,10.747637606632601,8.856572917341328,10.172368995524192,10.939656900581019,10.808049773531675,2.961830721705896,4.672828834461906,0.0,0.0,89.6432487,Unknown,Available,Available
19272,,2007-09-25,Male,4,zengcheng,guangdong,CN,46,2014-03-31,19,53169,16960,18095,60804,,146,31,140,3,0.830982666,53169,3,10.881249606498384,10.881249606498384,9.738671869871839,9.803446198355902,11.0154273014151,10.881249606498384,3.4931348770216246,4.948759890378168,1.3862943611198906,1.3862943611198906,83.0982666,Unknown,Available,Unknown
9910,,2007-01-19,Male,5,.,beijing,CN,61,2014-03-31,31,45562,13179,31932,61901,2014-03-15,17,23,132,0,0.816110725,47062,1,10.7592424086558,10.7268512626277,9.486455808056498,10.371395236823,11.03330776832843,10.7592424086558,3.193216078224422,4.890349128221754,0.0,0.6931471805599453,81.6110725,Unknown,Available,Available
60677,,2012-05-27,Male,5,guangzhou,guangdong,CN,44,2014-03-31,18,51192,23800,19531,35956,2014-03-25,7,39,306,0,1.404529425,51192,0,10.843358082930738,10.843358082930738,10.077482875583607,9.87980942518155,10.490079059076491,10.843358082930738,3.6962054942790017,5.675121665433755,0.0,0.0,140.4529425,Unknown,Available,Available
18915,,,Male,5,guangzhou,guangdong,CN,69,2014-03-31,49,46391,21886,25933,69083,2014-03-18,14,14,54,1,0.731013129,49043,3,10.800473133352277,10.744882309556276,9.993648132244084,10.16331012810883,11.14307843446381,10.800473133352277,2.752864216892003,4.007333185232471,0.6931471805599453,1.3862943611198906,73.10131290000001,Unknown,Unknown,Available
54754,,2006-06-26,Male,5,beijing,Unknown,CN,54,2014-03-31,23,45703,14862,31808,37887,2014-03-27,5,23,90,2,1.332791987,47046,3,10.75890238102528,10.729941100404298,9.606630182148894,10.367504547593908,10.542389718243678,10.75890238102528,3.211576522459849,4.51085950651685,1.0986122886681096,1.3862943611198906,133.2791987,Unknown,Available,Available
2465,,2007-12-15,Male,5,guangzhou,guangdong,CN,45,2014-03-31,70,42496,19895,38857,70833,2014-03-28,4,10,60,0,0.71282439,45063,2,10.71583898057455,10.657188764185747,9.898273985483241,10.567669254803059,11.168094390398915,10.71583898057455,2.4391914635243768,4.110873864173311,0.0,1.0986122886681096,71.282439,Unknown,Available,Available
60536,,2012-04-26,Male,4,shenzhen,guangdong,CN,46,2014-03-31,10,41767,48526,5609,93191,2013-12-29,94,68,483,0,0.541591677,41767,0,10.639885775090388,10.639885775090388,10.78987562305597,9.077809308899132,11.442417160079613,10.639885775090388,3.861673167219153,5.675121665433755,0.0,0.0,54.1591677,Unknown,Available,Available
53541,2005-12-06,,Female,4,shenyang,liaoning,CN,53,2014-03-31,46,45278,32317,11540,58349,2014-03-15,17,15,95,4,0.864927077,64809,31,11.079215191421762,10.720598627827538,10.383379629532193,9.353661191420406,10.974214637714702,11.079215191421762,2.8227007635350287,4.564348191467836,1.6094379124341003,3.4657359027997265,86.49270770000001,Available,Unknown,Available
47081,2004-11-06,,Male,5,shenzhen,guangdong,CN,42,2014-03-31,60,44694,14648,19853,60099,2014-03-30,2,12,81,4,0.839483852,51440,19,10.84819079884696,10.707616917521953,9.59212735272977,9.896160777149667,11.0037651205233,10.84819079884696,2.5662522890466404,4.406719247264253,1.6094379124341003,2.995732273553991,83.9483852,Available,Unknown,Available
62372,,2011-05-26,Male,4,alamutu,hasakesitan,CN,47,2014-03-31,29,42226,31499,13229,63714,2013-11-19,134,18,102,0,0.791779044,45145,1,10.717656961343524,10.650815105859214,10.357742824813725,9.490242257109001,11.06217529264638,10.717656961343524,2.993944962765226,4.634728988229636,0.0,0.6931471805599453,79.1779044,Unknown,Available,Available
9297,,,Male,5,beijing,beijing,CN,44,2014-03-31,39,43321,24707,20344,67841,2014-02-28,33,17,58,0,0.743163426,46798,6,10.753617114156082,10.676415868100923,10.114882356815789,9.92059046043579,11.1249367511633,10.753617114156082,2.9077635004068845,4.07753744390572,0.0,1.9459101490553132,74.3163426,Unknown,Unknown,Available
31003,2009-04-02,,Male,5,guangzhou,guangdong,CN,40,2014-03-31,56,41020,25169,22634,68934,2014-03-26,6,13,50,2,0.731220008,71631,16,11.179297180480747,10.621839409681249,10.133408088129361,10.02725265987006,11.14091931060573,11.179297180480747,2.639057329615259,3.9318256327243257,1.0986122886681096,2.833213344056216,73.1220008,Available,Unknown,Available
50416,,,Male,5,haikou,hainan,CN,48,2014-03-31,62,46242,11697,44499,73418,2014-03-28,4,9,49,0,0.68649037,54750,4,10.91055091235213,10.741665380134448,9.36717316600297,10.703244468154331,11.203938036691111,10.91055091235213,2.390415806377588,3.912023005428146,0.0,1.6094379124341003,68.649037,Unknown,Unknown,Available
35110,,2012-04-21,Male,4,haerbin,heilongjiang,CN,39,2014-03-31,24,32998,23179,14076,75942,2014-03-14,18,30,60,0,0.6636279,32998,0,10.404232536959167,10.404232536959167,10.051045116893743,9.552297538827965,11.237738337877763,10.404232536959167,3.4381859509476973,4.110873864173311,0.0,0.0,66.36279,Unknown,Available,Available
20897,,2008-01-27,Male,5,xuchang,henan,CN,33,2014-03-31,48,53019,28213,18182,59196,2014-02-27,34,13,89,6,0.851339449,55256,7,10.919750308187213,10.878424479843016,10.247573587634447,9.808242370619395,10.988626143912366,10.919750308187213,2.687992222086555,4.499809670330265,1.9459101490553132,2.0794415416798357,85.1339449,Unknown,Available,Available
24241,2011-12-04,,Male,4,dongguan,guangdong,CN,66,2014-03-31,6,27912,11350,5700,73392,,202,98,173,0,0.686666667,27912,0,10.236847809109337,10.236847809109337,9.337061124755339,9.077809308899132,11.203583842207394,10.236847809109337,3.861673167219153,5.159055299214529,0.0,0.0,68.66666670000001,Available,Unknown,Unknown
33167,,2012-07-23,Male,4,zhuhai,guangdong,CN,56,2014-03-31,4,60484,25200,0,48928,2013-02-23,403,71,194,0,1.03,60484,0,11.010150679393949,11.010150679393949,10.134638955251866,9.077809308899132,10.79812554671483,11.010150679393949,3.861673167219153,5.272999558563747,0.0,0.0,103.0,Unknown,Available,Available
47441,2005-10-08,2005-12-28,Male,4,.,beijing,CN,44,2014-03-31,24,46557,25541,18293,38472,,30,30,211,3,1.309841183,48657,4,10.792571513972067,10.748454126156252,10.148079435056207,9.81432841621631,10.557711975549612,10.792571513972067,3.4339872044851463,5.356586274672012,1.3862943611198906,1.6094379124341003,130.9841183,Available,Available,Unknown
4136,,2009-04-30,Male,5,zhuhai,guangdong,CN,39,2014-03-31,59,37556,21003,23358,77920,2014-03-24,8,12,50,3,0.646664656,39631,3,10.58739215172914,10.533615057927772,9.95246817475775,10.058737627806687,11.26345077190963,10.58739215172914,2.5898360382738614,3.9318256327243257,1.3862943611198906,1.3862943611198906,64.6664656,Unknown,Available,Available
13969,,2010-11-19,Male,5,zhongqing,zhongqing,CN,33,2014-03-31,73,52734,33160,18057,59725,2014-03-29,3,10,78,6,0.843651067,59471,12,10.993260892537034,10.873034650710714,10.409129765609965,9.801344078867425,10.997522715461125,10.993260892537034,2.404188559372654,4.3694478524670215,1.9459101490553132,2.5649493574615367,84.3651067,Unknown,Available,Available
18071,2007-08-03,,Male,4,wulumuqishi,xinjiang,CN,37,2014-03-31,27,36009,14090,25473,78853,2014-03-26,6,25,169,2,0.63883175,36009,2,10.49155195664292,10.49155195664292,9.553291574695105,10.145413603149704,11.27535332033722,10.49155195664292,3.272781089529476,5.135798437050262,1.0986122886681096,1.0986122886681096,63.883175,Available,Unknown,Available
59189,,2011-03-19,Male,5,zhengzhou,henan,CN,54,2014-03-31,52,47856,25246,20721,44279,,26,12,80,0,1.136604711,51316,3,10.8457773602789,10.775972676672808,10.136462615763627,9.938951216811697,10.698288386822574,10.8457773602789,2.6249527235331485,4.394449154672439,0.0,1.3862943611198906,113.6604711,Unknown,Available,Unknown
35539,2006-08-11,,Female,5,liaoyuan,jilin,CN,46,2014-03-31,30,45456,3862,22322,52579,2014-03-19,13,23,210,3,0.956941174,48429,12,10.787874735397274,10.724522103148011,8.856572917341328,10.01337281606537,10.870091098283872,10.787874735397274,3.2174955623439936,5.351858133476067,1.3862943611198906,2.5649493574615367,95.6941174,Available,Unknown,Available
45852,,,Male,4,ARCADIA,CA,US,69,2014-03-31,8,35707,0,16838,75870,,59,35,97,0,0.662752076,35707,0,10.483130032299252,10.483130032299252,8.856572917341328,9.73145290361031,11.236789808685486,10.483130032299252,3.6070494359438237,4.584967478670572,0.0,0.0,66.2752076,Unknown,Unknown,Unknown
47688,,2007-10-26,Female,5,guangzhou,guangdong,CN,40,2014-03-31,48,43571,22321,23679,66246,,59,14,89,1,0.759022582,55167,30,10.918138354023364,10.682170021202337,10.01332801821566,10.072386088997941,11.101145459804293,10.918138354023364,2.7249282389592966,4.499809670330265,0.6931471805599453,3.4339872044851463,75.90225819999999,Unknown,Available,Unknown
28179,2007-04-11,2007-06-17,Female,4,guangzhou,guangdong,CN,33,2014-03-31,39,46880,28160,18296,69980,2013-12-27,96,16,73,1,0.718097456,51684,3,10.852922883002584,10.75536775508141,10.2456933210051,9.814492390964565,11.155979055616665,10.852922883002584,2.8622008809294686,4.304065093204169,0.6931471805599453,1.3862943611198906,71.8097456,Available,Available,Available
45041,,2007-11-14,Male,4,Unknown,Unknown,Unknown,49,2014-03-31,46,44113,19660,13741,61442,2014-03-13,19,15,95,1,0.817299242,44113,1,10.694532471372533,10.694532471372533,9.886392257107492,9.528212115591021,11.0258651947545,10.694532471372533,2.795925402554702,4.564348191467836,0.6931471805599453,0.6931471805599453,81.7299242,Unknown,Available,Available
29359,2005-11-07,2005-11-25,Male,4,guangzhoushi,guangdongsheng,CN,35,2014-03-31,57,44631,37964,8946,71391,2014-02-27,34,12,116,4,0.703237803,82471,37,11.320214120776221,10.706206369525365,10.544419961647334,9.099073559547596,11.17594109723226,11.320214120776221,2.590713494076383,4.762173934797756,1.6094379124341003,3.6375861597263857,70.32378030000001,Available,Available,Available
48674,,,Male,5,guangzhou,guangdong,CN,37,2014-03-31,63,41221,20785,25251,75542,2014-03-27,5,11,91,5,0.664296683,47518,15,10.76888491004406,10.626727373403243,9.942034962148368,10.136660639487516,11.232457309536642,10.76888491004406,2.5308766609026785,4.5217885770490405,1.791759469228055,2.772588722239781,66.4296683,Unknown,Unknown,Available
49252,2009-08-04,2009-08-14,Male,5,shenzhenshi,guangdong,CN,48,2014-03-31,13,55034,9189,32984,45122,2014-03-22,10,59,267,2,1.111672798,55034,2,10.915724625457493,10.915724625457493,9.125871215349733,10.403808191656971,10.717147373323323,10.915724625457493,3.861673167219153,5.5909869805108565,1.0986122886681096,1.0986122886681096,111.1672798,Available,Available,Available
33185,,2011-11-20,Male,5,guangzhou,guangdong,CN,36,2014-03-31,80,46884,27557,25725,63517,2014-01-23,69,8,68,3,0.789717084,52201,4,10.862876087313007,10.755453073853726,10.224048153553849,10.155257432638662,11.059078609279222,10.862876087313007,2.224965607286861,4.23410650459726,1.3862943611198906,1.6094379124341003,78.9717084,Unknown,Available,Available
56213,2005-04-11,2005-04-25,Male,5,shanghai,shanghai,CN,53,2014-03-31,48,53273,18633,39897,40001,2014-03-21,11,15,89,14,1.253854154,61145,19,11.021019726056748,10.883203686260382,9.83274314801037,10.594081476308356,10.596684731846114,11.021019726056748,2.772588722239781,4.499809670330265,2.70805020110221,2.995732273553991,125.38541540000001,Available,Available,Available
53977,,2006-09-27,Female,5,wulumuqishi,xinjiang,CN,53,2014-03-31,38,45232,16469,10942,64229,2014-02-27,34,17,83,3,0.780875617,48305,6,10.785311055528036,10.719582187930941,9.709295823171686,9.300455261418444,11.070225670251839,10.785311055528036,2.891872133436317,4.430816798843313,1.3862943611198906,1.9459101490553132,78.0875617,Unknown,Available,Available
38368,,2008-07-23,Female,5,changsha,hunan,CN,47,2014-03-31,55,45595,24778,21036,59442,,28,13,78,0,0.843655664,64127,29,11.068636365004481,10.727575272356669,10.117751799243743,9.954038071134029,10.992773149181277,11.068636365004481,2.6403792069788548,4.3694478524670215,0.0,3.4011973816621555,84.3655664,Unknown,Available,Unknown
48379,,2009-01-27,Male,4,shunde,guangdong,CN,48,2014-03-31,48,44811,27720,8741,73233,,32,14,98,1,0.68475141,44811,2,10.710231239678613,10.710231239678613,10.229945527689226,9.077809308899132,11.201415072985869,10.710231239678613,2.760548443115372,4.59511985013459,0.6931471805599453,1.0986122886681096,68.475141,Unknown,Available,Unknown
22032,,2011-10-29,Male,5,guiyang,guizhou,CN,55,2014-03-31,47,44483,24955,18340,71277,2014-02-27,34,14,79,1,0.703431963,46449,2,10.746131744241985,10.702884852938732,10.124869553230678,9.816894269951032,11.174343003389657,10.746131744241985,2.7464344439989494,4.382026634673881,0.6931471805599453,1.0986122886681096,70.3431963,Unknown,Available,Available
39972,2009-01-06,2009-08-28,Male,4,Unknown,Unknown,AU,48,2014-03-31,14,40925,17469,11585,67744,2014-01-23,69,46,194,0,0.739888108,40925,0,10.619520836882774,10.619520836882774,9.768240403128102,9.35755275165657,11.123505935280532,10.619520836882774,3.861673167219153,5.272999558563747,0.0,0.0,73.98881080000001,Available,Available,Available
14576,,2011-05-27,Male,4,guangzhoushi,guangdong,CN,36,2014-03-31,40,46159,18948,24605,68953,2014-03-24,8,18,107,2,0.726904413,50127,14,10.822335013191973,10.739868901181982,9.849506438669614,10.110745594620115,11.141194894591692,10.822335013191973,2.9511639541679484,4.68213122712422,1.0986122886681096,2.70805020110221,72.6904413,Unknown,Available,Available
36757,2006-07-08,,Female,5,guangzhou,guangdong,CN,46,2014-03-31,42,44646,10667,33802,71856,2014-01-26,66,15,72,0,0.69738811,46568,0,10.748690362694553,10.706542394797626,9.275003885301905,10.428304834928856,11.182433311953016,10.748690362694553,2.772588722239781,4.290459441148391,0.0,0.0,69.738811,Available,Unknown,Available
13499,2010-09-03,,Male,5,zhuzhou,hunan,CN,37,2014-03-31,55,41359,14237,30789,69792,2014-03-27,5,13,65,0,0.717866661,44500,0,10.703266939811954,10.630069509182311,9.563669725663818,10.334945240918547,11.153288997188483,10.703266939811954,2.6508917874975557,4.189654742026425,0.0,0.0,71.78666609999999,Available,Unknown,Available
48512,,2008-07-28,Female,5,guangzhou,guangdong,CN,39,2014-03-31,39,44015,21519,23009,65506,2014-03-24,8,18,96,0,0.764808109,44781,7,10.709561551951284,10.692308483164355,9.976738014275721,10.043684183029411,11.089912286142134,10.709561551951284,2.9824870470439704,4.574710978503383,0.0,2.0794415416798357,76.4808109,Unknown,Available,Available
30898,2009-03-02,,Male,5,haerbin,heilongjiang,CN,48,2014-03-31,60,45244,26077,18122,70108,2014-02-27,34,11,41,4,0.714509328,49450,5,10.808737559293304,10.719847445785234,10.168847325983418,9.80493712880685,11.157806452798765,10.808737559293304,2.526406380992856,3.7376696182833684,1.6094379124341003,1.791759469228055,71.4509328,Available,Unknown,Available
62921,,,Male,5,wulumuqishi,xinjiang,CN,41,2014-03-31,37,45146,9811,26324,69234,2014-03-31,1,19,84,2,0.723418118,48599,3,10.791378809888585,10.717679111454828,9.19136140537838,10.178274337002176,11.145261794088814,10.791378809888585,3.0418734293396446,4.442651256490317,1.0986122886681096,1.3862943611198906,72.3418118,Unknown,Unknown,Available
4060,,2009-03-26,Male,5,guangzhou,guangdong,CN,39,2014-03-31,45,41792,31611,15911,65795,2014-02-28,33,15,76,1,0.760955544,50195,21,10.823690621230199,10.640484140374335,10.361292074324865,9.674828820533808,11.094314325192048,10.823690621230199,2.8170404849736586,4.343805421853684,0.6931471805599453,3.091042453358316,76.0955544,Unknown,Available,Available
14085,,2012-04-20,Male,4,NAGAOKA-SHI,NIIGATA-KEN,JP,39,2014-03-31,18,49290,55908,3650,58140,2013-06-15,291,24,103,0,0.861111111,49290,0,10.805496787584513,10.805496787584513,10.931480647972702,9.077809308899132,10.970626373827352,10.805496787584513,3.249005566228906,4.6443908991413725,0.0,0.0,86.1111111,Unknown,Available,Available
47597,,,Male,4,beijing,beijing,CN,58,2014-03-31,45,46325,11568,33388,50740,2014-03-30,2,16,174,1,0.98647162,50976,3,10.839129829592064,10.743458637536872,9.35608438602889,10.415981783402664,10.834489541275977,10.839129829592064,2.855686200117425,5.1647859739235145,0.6931471805599453,1.3862943611198906,98.647162,Unknown,Unknown,Available
14891,,2011-10-26,Male,4,guangzhou,guangdong,CN,45,2014-03-31,33,44672,21408,22315,65742,2014-03-14,18,22,102,3,0.761302364,44672,3,10.707124571258316,10.707124571258316,9.971566673346722,10.01305918896542,11.093508480494004,10.707124571258316,3.1422647224963605,4.634728988229636,1.3862943611198906,1.3862943611198906,76.1302364,Unknown,Available,Available
24798,2012-06-10,,Male,4,Unknown,Unknown,JP,49,2014-03-31,31,42834,32294,23654,66750,,30,21,58,0,0.749679101,47722,6,10.77316874095837,10.665110804398145,10.382667698466573,10.071329788065249,11.108724557423686,10.77316874095837,3.092556458038245,4.07753744390572,0.0,1.9459101490553132,74.9679101,Available,Unknown,Unknown
8884,2007-01-05,,Male,6,wulumuqishi,xinjiang,CN,54,2014-03-31,25,46707,17692,21053,61795,,26,29,162,2,0.809548669,49678,4,10.813337587580296,10.751670735195605,9.780924360113003,9.95484584481127,11.031593916431941,10.813337587580296,3.4011973816621555,5.093750200806762,1.0986122886681096,1.6094379124341003,80.9548669,Available,Unknown,Unknown
38124,,2005-05-14,Male,5,Unknown,Unknown,CN,41,2014-03-31,80,40524,29534,22840,69279,2014-03-21,11,9,65,0,0.722001472,44298,4,10.698717382415014,10.609674346603876,10.293331279741336,10.036312445648633,11.145911543236316,10.698717382415014,2.3101513333685677,4.189654742026425,0.0,1.6094379124341003,72.2001472,Unknown,Available,Available
38175,,,Female,5,guangzhoushi,guangdong,CN,39,2014-03-31,50,44749,24324,22324,66558,2014-03-30,2,14,67,4,0.751283542,53953,41,10.89588711066259,10.708846723703001,10.099259907054206,10.0134624057447,11.105844051343766,10.89588711066259,2.7597515756470594,4.219507705176107,1.6094379124341003,3.7376696182833684,75.1283542,Unknown,Unknown,Available
49660,,2010-03-23,Male,5,shanghaishi,Unknown,CN,43,2014-03-31,56,47801,21036,21610,62996,2014-03-16,16,12,62,0,0.79376262,49163,3,10.802916927334872,10.77482275860842,9.954038071134029,9.980957723303026,11.050842385192228,10.802916927334872,2.637757784143134,4.143134726391533,0.0,1.3862943611198906,79.376262,Unknown,Available,Available
11007,,,Male,5,foshanshi,guangdongsheng,CN,60,2014-03-31,33,45931,26654,17789,48122,2014-03-25,7,21,112,0,1.038886788,48664,1,10.792715364860594,10.73491732089608,10.19073202925686,9.786391780659882,10.781515512284951,10.792715364860594,3.1023420086122493,4.727387818712341,0.0,0.6931471805599453,103.8886788,Unknown,Unknown,Available
30516,,2009-10-16,Male,5,dalian,liaoning,CN,48,2014-03-31,48,40643,22144,29871,71341,2014-03-21,11,15,84,0,0.700609047,42724,0,10.66253950798379,10.612606502605772,10.0053670163573,10.304676865781504,11.175240493283022,10.66253950798379,2.783170831820318,4.442651256490317,0.0,0.0,70.06090470000001,Unknown,Available,Available
39015,2008-04-04,2009-04-20,Male,5,guangzhou,guangdong,CN,55,2014-03-31,62,41387,24523,26250,73746,2014-03-20,12,11,65,0,0.677760421,43088,0,10.671023023099933,10.630746262724841,10.107407508882579,10.17545936253226,11.208395595408593,10.671023023099933,2.4998221806386605,4.189654742026425,0.0,0.0,67.7760421,Available,Available,Available
26483,2011-03-06,,Female,4,wulumuqi,xinjiang,CN,28,2014-03-31,26,39324,20190,17241,78820,,55,27,69,4,0.634111774,41788,5,10.640388425985996,10.579615727926479,9.912992239550373,9.75510354676987,11.274934737803758,10.640388425985996,3.333632062166389,4.248495242049359,1.6094379124341003,1.791759469228055,63.4111774,Available,Unknown,Unknown
22364,,2010-08-17,Male,4,guangzhou,guangdong,CN,37,2014-03-31,53,47392,29619,17210,65144,2014-03-15,17,13,101,0,0.767083231,51196,3,10.843436215560919,10.766229817452608,10.29620508782179,9.75330399326998,11.084370833637031,10.843436215560919,2.6847028368427517,4.624972813284271,0.0,1.3862943611198906,76.7083231,Unknown,Available,Available
9787,,,Male,4,shenzhen,guangdong,CN,59,2014-03-31,20,48742,17565,25516,37568,2014-03-31,1,30,135,0,1.329684306,50518,2,10.830104782127586,10.79431687637241,9.773720494477063,10.147100175689678,10.533934521232142,10.830104782127586,3.4541559554519616,4.912654885736052,0.0,1.0986122886681096,132.9684306,Unknown,Unknown,Available
26725,2007-05-11,,Male,5,changchun,jilin,CN,56,2014-03-31,34,48140,20650,24296,39877,,30,20,72,4,1.252192492,51092,6,10.841402780506945,10.78188948386747,9.935519023366792,10.0981081649171,10.593580072366844,10.841402780506945,3.071570350142125,4.290459441148391,1.6094379124341003,1.9459101490553132,125.21924920000001,Available,Unknown,Unknown
49798,2010-09-11,,Male,4,guangzhou,guangdong,CN,38,2014-03-31,42,41906,29536,14794,76022,2014-03-27,5,16,101,0,0.656594802,46241,14,10.741643755006049,10.64320815639566,10.293398993717526,9.60204456483431,11.238791205063716,10.741643755006049,2.879472467506622,4.624972813284271,0.0,2.70805020110221,65.6594802,Available,Unknown,Available
35714,2008-01-04,,Male,5,changchun,jilin,CN,38,2014-03-31,55,42254,22452,19022,63712,2014-03-27,5,13,51,9,0.783405795,44019,9,10.692399355080452,10.651477968978583,10.019179514532201,9.853404052368141,11.062143902371083,10.692399355080452,2.6651684735931713,3.9512437185814275,2.302585092994046,2.302585092994046,78.34057949999999,Available,Unknown,Available
50632,,,Male,4,beijing,beijing,CN,43,2014-03-31,41,37559,29011,17110,77240,,49,16,52,0,0.646040264,37559,2,10.533694933322199,10.533694933322199,10.275464816483304,9.747476810531971,11.254685683118405,10.533694933322199,2.8875901149342877,3.970291913552122,0.0,1.0986122886681096,64.60402640000001,Unknown,Unknown,Unknown
35901,2006-05-08,2006-05-15,Male,4,beijing,beijing,CN,55,2014-03-31,46,40777,19195,21771,80054,2014-02-22,39,15,91,2,0.623314013,43563,2,10.681986400195576,10.61589799927692,9.862457202978137,9.988380019554091,11.290469177436155,10.681986400195576,2.786382044235131,4.5217885770490405,1.0986122886681096,1.0986122886681096,62.3314013,Available,Available,Available
3059,,,Male,5,zhuhai,guangdong,CN,40,2014-03-31,55,38976,19025,22929,86826,2014-03-20,12,13,64,6,0.574586069,46534,34,10.74795999661981,10.570727007554888,9.853561743766402,10.04020137585195,11.371672912187172,10.74795999661981,2.645649311113443,4.174387269895637,1.9459101490553132,3.5553480614894135,57.4586069,Unknown,Unknown,Available
56434,2005-11-06,,Male,5,shanghaishi,shanghai,CN,52,2014-03-31,23,47621,9443,28242,42591,,60,28,127,0,1.171318588,54713,4,10.909874897161721,10.77105011831893,9.153134898205403,10.248600918259545,10.659421721194839,10.909874897161721,3.392064898190626,4.852030263919617,0.0,1.6094379124341003,117.1318588,Available,Unknown,Unknown
30971,,,Male,5,guangzhou,guangdong,CN,39,2014-03-31,41,43525,15285,28934,63850,2014-02-18,43,12,71,6,0.781289272,46779,7,10.75321104013817,10.681113739674013,9.63469265580283,10.272807214007939,11.064307523045168,10.75321104013817,2.608229865819999,4.276666119016055,1.9459101490553132,2.0794415416798357,78.12892719999999,Unknown,Unknown,Available
26855,,2008-07-19,Male,6,beijing,beijing,CN,38,2014-03-31,52,44328,6321,35659,67646,2014-03-16,16,7,37,7,0.73737235,50844,8,10.836537068225239,10.699394369397588,8.856572917341328,10.481784891417131,11.122058286717621,10.836537068225239,2.1840664927388405,3.6375861597263857,2.0794415416798357,2.1972245773362196,73.737235,Unknown,Available,Available
5702,2011-08-10,,Male,4,anshanshi,liaoning,CN,40,2014-03-31,38,45879,26982,15201,61022,2014-02-19,42,18,120,2,0.817397004,45879,2,10.733784571243307,10.733784571243307,10.20296231705686,9.629182277125986,11.019006121270596,10.733784571243307,2.9752537419759677,4.795790545596741,1.0986122886681096,1.0986122886681096,81.7397004,Available,Unknown,Available
17531,2011-04-01,2011-09-24,Male,5,shanghai,shanghai,CN,46,2014-03-31,19,45716,19145,18512,50833,2013-11-27,126,32,146,0,0.980998761,51189,1,10.843299479451629,10.73022549895797,9.859849095506299,9.826228466989177,10.836320701029594,10.843299479451629,3.51650822827216,4.990432586778736,0.0,0.6931471805599453,98.0998761,Available,Available,Available
26947,,,Male,4,shanghaishi,shanghai,CN,43,2014-03-31,46,43700,16245,21480,64983,2014-01-17,75,14,60,5,0.76707385,48514,8,10.7896283074594,10.685126264117057,9.6956020036109,9.974924102473977,11.08189636473079,10.7896283074594,2.7343675094195836,4.110873864173311,1.791759469228055,2.1972245773362196,76.70738499999999,Unknown,Unknown,Available
54423,,2012-07-23,Female,5,guangzhou,guangdong,CN,37,2014-03-31,63,45301,13825,37413,74483,2014-03-24,8,9,77,5,0.669037767,86088,35,11.36313692383358,10.721106460606913,9.53430615650521,10.52980024490885,11.218339616201654,11.36313692383358,2.3831239554393675,4.356708826689592,1.791759469228055,3.58351893845611,66.9037767,Unknown,Available,Available
11875,,2007-12-27,Male,4,guangzhou,guangdong,CN,49,2014-03-31,12,29209,7414,6578,75349,2013-11-23,130,36,203,0,0.661214217,29209,0,10.282266395381786,10.282266395381786,8.911260254572033,9.077809308899132,11.229899204054641,10.282266395381786,3.613371901581281,5.318119993844216,0.0,0.0,66.1214217,Unknown,Available,Available
10988,2004-12-03,,Male,5,guangzhoushi,guangdongsheng,CN,43,2014-03-31,53,47605,30200,18266,65388,,20,13,79,4,0.761607634,48499,7,10.789319076925574,10.770714082695992,10.315630315397533,9.812851432276684,11.088109327580149,10.789319076925574,2.6847028368427517,4.382026634673881,1.6094379124341003,2.0794415416798357,76.1607634,Available,Unknown,Unknown
26764,2007-08-12,,Male,4,changchun,jilin,CN,45,2014-03-31,39,42223,22027,21380,59207,2014-03-19,13,18,111,0,0.841060348,42223,0,10.650744058743106,10.650744058743106,10.000069650382372,9.97025795616998,10.988811946877302,10.650744058743106,2.9798168184352574,4.718498871295094,0.0,0.0,84.10603479999999,Available,Unknown,Available
11083,,,Male,4,Unknown,Unknown,CN,47,2014-03-31,42,48673,23271,21188,65703,2014-03-30,2,17,59,1,0.757844999,52419,14,10.867043476877397,10.792900285602038,10.055006200175038,9.961237458077033,11.092915085420028,10.867043476877397,2.9118203011710224,4.0943445622221,0.6931471805599453,2.70805020110221,75.7844999,Unknown,Unknown,Available
10061,,2007-01-26,Female,4,guangzhou,guangdong,CN,58,2014-03-31,6,27912,5700,10600,73392,2014-03-25,7,101,144,0,0.678333333,27912,0,10.236847809109337,10.236847809109337,8.856572917341328,9.268703615273097,11.203583842207394,10.236847809109337,3.861673167219153,4.976733742420574,0.0,0.0,67.83333329999999,Unknown,Available,Available
47685,,,Female,5,xinhui,guangdong,CN,55,2014-03-31,20,50135,20720,23931,37123,2014-03-20,12,36,187,3,1.34056892,55390,5,10.922172404664506,10.822494591904512,9.938902957757083,10.082971754509922,10.522018939715283,10.922172404664506,3.6165916868432864,5.236441962829949,1.3862943611198906,1.791759469228055,134.056892,Unknown,Unknown,Available
8066,2009-10-07,2009-12-23,Male,5,hashi,heilongjiang,CN,39,2014-03-31,44,44910,10371,28538,66742,2014-03-13,19,10,66,0,0.745605166,49316,1,10.80602412817762,10.712438032589617,9.246865146658555,10.259026851874566,11.10860470184951,10.80602412817762,2.4692813320227147,4.204692619390966,0.0,0.6931471805599453,74.5605166,Available,Available,Available
37661,,2013-01-28,Male,4,zhongshan,guangdong,CN,42,2014-03-31,7,45326,7020,11326,64498,2014-01-29,63,61,116,0,0.771047784,47070,0,10.759412379123841,10.721658160407951,8.85666093701725,9.334944535200714,11.074404998787708,10.759412379123841,3.861673167219153,4.762173934797756,0.0,0.0,77.1047784,Unknown,Available,Available
20245,,,Male,4,wuhan,hubei,CN,59,2014-03-31,21,41598,14287,10306,67339,2014-01-16,76,28,122,0,0.738517055,41598,0,10.635831407498888,10.635831407498888,9.56717530311628,9.240578555036793,11.117509692715066,10.635831407498888,3.3724549127965013,4.812184355372417,0.0,0.0,73.8517055,Unknown,Unknown,Available
17772,,2006-09-23,Male,5,dalian,liaoningsheng,CN,46,2014-03-31,56,41918,23759,25564,62433,2014-03-26,6,13,88,3,0.796528438,44262,4,10.697904392600355,10.643494463748558,10.075758773476581,10.148979507514099,11.041865277763653,10.697904392600355,2.644238688163458,4.48863636973214,1.3862943611198906,1.6094379124341003,79.6528438,Unknown,Available,Available
8641,,2007-05-29,Male,4,changchun,jilin,CN,34,2014-03-31,35,40711,22203,15868,65275,2014-03-28,4,21,128,0,0.761810647,40711,0,10.614278168268669,10.614278168268669,10.008027731810053,9.672122799562842,11.086379713250825,10.614278168268669,3.09903184347137,4.859812404361672,0.0,0.0,76.18106470000001,Unknown,Available,Available
19078,2006-12-04,2009-09-16,Male,5,guangzhou,guangdong,CN,35,2014-03-31,30,44753,26492,18815,46669,2014-03-24,8,23,93,0,1.064747263,77259,41,11.254931636220272,10.708936105183218,10.184635826136912,9.842462850698354,10.75085683894386,11.254931636220272,3.18235491241901,4.543294782270004,0.0,3.7376696182833684,106.47472630000001,Available,Available,Available
5890,,2011-10-31,Female,4,wulumuqi,xinjiang,CN,34,2014-03-31,20,38876,18102,17396,63827,,84,32,120,2,0.77832422,38876,2,10.568158095103524,10.568158095103524,9.803832949375943,9.764053056544551,11.063947244530318,10.568158095103524,3.4981011873336056,4.795790545596741,1.0986122886681096,1.0986122886681096,77.83242200000001,Unknown,Available,Unknown
32082,,,Female,4,guangzhou,guangdong,CN,40,2014-03-31,6,34892,3200,18900,73392,2014-02-27,34,136,396,0,0.676666667,34892,0,10.460041515007148,10.460041515007148,8.856572917341328,9.846970109700957,11.203583842207394,10.460041515007148,3.861673167219153,5.675121665433755,0.0,0.0,67.6666667,Unknown,Unknown,Available
47421,2005-10-07,,Male,4,guangzhou,guangdong,CN,45,2014-03-31,45,43074,30280,15574,64032,,114,13,102,0,0.775392616,43074,1,10.67069806139613,10.67069806139613,10.318275732105144,9.653422343655654,11.067153854452917,10.67069806139613,2.703494384444584,4.634728988229636,0.0,0.6931471805599453,77.5392616,Available,Unknown,Unknown
44520,,2005-12-29,Male,4,changchun,jilin,CN,57,2014-03-31,38,44917,13528,19469,46628,2014-03-31,1,19,77,4,1.064775028,46519,5,10.747637606632601,10.712593884263669,9.51259080860336,9.876630098366245,10.749977944151007,10.747637606632601,3.013147315089268,4.356708826689592,1.6094379124341003,1.791759469228055,106.4775028,Unknown,Available,Available
18148,,,Female,5,guangzhou,guangdong,CN,31,2014-03-31,35,47979,19600,23808,57674,2014-03-21,11,21,144,0,0.860810764,56811,29,10.947502850001019,10.778539536393685,9.883335864325275,10.077818939438902,10.962579083041954,10.947502850001019,3.09237845868744,4.976733742420574,0.0,3.4011973816621555,86.0810764,Unknown,Unknown,Available
13022,2009-01-07,,Female,4,changchun,jilin,CN,40,2014-03-31,42,46150,39081,7849,55805,,83,15,113,5,0.889423528,46150,5,10.739673908168612,10.739673908168612,10.57341728191989,9.077809308899132,10.929636669470522,10.739673908168612,2.8085207312452565,4.736198448394496,1.791759469228055,1.791759469228055,88.94235280000001,Available,Unknown,Unknown
41190,,2011-04-24,Male,5,guangzhou,guangdong,CN,41,2014-03-31,74,41332,27259,24393,71373,2014-03-28,4,9,66,1,0.695332689,44832,5,10.710699754384043,10.629416491370417,10.213175705250524,10.102092479403183,11.175688936352282,10.710699754384043,2.392901504576582,4.204692619390966,0.6931471805599453,1.791759469228055,69.5332689,Unknown,Available,Available
22152,2009-04-08,,Male,5,haerbin,heilongjiang,CN,62,2014-03-31,50,44460,20496,22180,70457,2014-03-27,5,14,50,1,0.704360816,46441,1,10.745959501206636,10.702367679393,9.928033812954128,10.006991345550789,11.162772066593137,10.745959501206636,2.7401814793904054,3.9318256327243257,0.6931471805599453,0.6931471805599453,70.4360816,Available,Unknown,Available
50246,,,Male,4,JAKARTA,Unknown,ID,50,2014-03-31,37,32758,15418,13044,81789,2014-02-25,36,18,97,0,0.606722787,32758,0,10.396933012470582,10.396933012470582,9.643355794171352,9.47616019757083,11.31191026572902,10.396933012470582,2.9444389791664403,4.584967478670572,0.0,0.0,60.67227870000001,Unknown,Unknown,Available
50736,,2011-09-20,Male,4,shanghai,shanghai,CN,40,2014-03-31,42,45632,22877,11010,68736,2014-01-17,75,15,47,0,0.721880965,46737,3,10.752312817275751,10.728386417979852,10.03793102908562,9.306650052113591,11.138042906739788,10.752312817275751,2.8288998939033614,3.8712010109078907,0.0,1.3862943611198906,72.1880965,Unknown,Available,Available
4262,,2009-10-13,Male,5,guangzhou,guangdong,CN,55,2014-03-31,39,37207,22135,14250,74715,2014-02-18,43,17,64,3,0.664070401,47202,13,10.762212728875873,10.524279070903933,10.004960521466762,9.564582358673212,11.221449538279193,10.762212728875873,2.936094007066662,4.174387269895637,1.3862943611198906,2.639057329615259,66.4070401,Unknown,Available,Available
20547,,2007-05-18,Male,5,shenyangshi,liaoningsheng,CN,33,2014-03-31,44,39757,17621,24848,69998,2014-03-27,5,16,141,0,0.708815109,39757,0,10.590566357694467,10.590566357694467,9.776903400426676,10.120572789266374,11.156236235215168,10.590566357694467,2.8548650692518387,4.955827057601261,0.0,0.0,70.8815109,Unknown,Available,Available
44623,,2006-05-31,Female,5,shenyang,liaoning,CN,54,2014-03-31,52,33004,12001,25964,74390,2014-03-28,4,13,66,0,0.66677376,34914,1,10.460671815280136,10.404414344122872,9.392828581549459,10.164504756278419,11.21709024576206,10.460671815280136,2.6962157433361598,4.204692619390966,0.0,0.6931471805599453,66.677376,Unknown,Available,Available
59690,2011-09-10,,Male,5,guangzhou,guangdong,CN,31,2014-03-31,50,35161,12696,29892,71090,,24,14,87,3,0.697566465,47205,21,10.762276282138824,10.467721233002734,9.449121024069791,10.30537961825751,11.171716025500638,10.762276282138824,2.7282529084863962,4.477336814478207,1.3862943611198906,3.091042453358316,69.7566465,Available,Unknown,Unknown
13567,,2010-04-28,Male,4,zhanjiang,guangdong,CN,59,2014-03-31,30,46909,24444,18691,62688,2014-02-22,39,23,80,5,0.790226678,46909,5,10.755986151322503,10.755986151322503,10.104180975012746,9.835850903820317,11.04594127263337,10.755986151322503,3.2133433074787803,4.394449154672439,1.791759469228055,1.791759469228055,79.02266780000001,Unknown,Available,Available
57739,2008-06-06,,Female,6,shenyang,liaoning,CN,45,2014-03-31,60,44577,21534,14900,63926,2014-03-14,18,11,78,1,0.77486719,48047,5,10.779955790223111,10.704995742766139,9.977434797488211,9.60918360377546,11.065497086334029,10.779955790223111,2.5557809892036047,4.3694478524670215,0.6931471805599453,1.791759469228055,77.48671900000001,Available,Unknown,Available
18952,2005-11-12,,Female,5,shenzhenshi,guangdong,CN,46,2014-03-31,40,45975,10792,32577,68431,2014-03-29,3,16,123,0,0.723708553,45975,0,10.735874800187577,10.735874800187577,9.286653054825347,10.39139249291755,11.13359583046669,10.735874800187577,2.848183683723105,4.820281565605037,0.0,0.0,72.3708553,Available,Unknown,Available
31182,,2010-10-28,Male,5,guangzhou,guangdong,CN,55,2014-03-31,48,35860,22384,16872,73455,2014-02-26,35,14,88,0,0.673834048,38538,3,10.559425994563744,10.487405632994516,10.016146370675067,9.733469990198337,11.204441866489002,10.559425994563744,2.72353256504109,4.48863636973214,0.0,1.3862943611198906,67.38340480000001,Unknown,Available,Available
20456,,2006-04-18,Female,5,guangzhoushi,guangdong,CN,48,2014-03-31,42,37778,20749,23697,69182,,31,16,99,1,0.715156833,43946,19,10.69073964139788,10.539508671673957,9.940301525658844,10.073145935376685,11.144510446685352,10.69073964139788,2.862897502232496,4.605170185988092,0.6931471805599453,2.995732273553991,71.5156833,Unknown,Available,Unknown
30707,2008-11-04,,Female,5,guangzhou,guangdong,CN,52,2014-03-31,30,37703,17516,18347,69523,2014-03-28,4,22,91,2,0.711618745,38203,3,10.550695501154628,10.537521468603567,9.770927116951647,9.817275855717062,11.14942729568337,10.550695501154628,3.1414733067914673,4.5217885770490405,1.0986122886681096,1.3862943611198906,71.1618745,Available,Unknown,Available
55039,,,Male,4,sg,sg,SG,46,2014-03-31,24,30715,24711,16610,67728,,59,28,64,1,0.730416667,31215,2,10.348686062862892,10.332538970450434,10.115044234598418,9.717820405491077,11.123269727593826,10.348686062862892,3.389535441811673,4.174387269895637,0.6931471805599453,1.0986122886681096,73.0416667,Unknown,Unknown,Unknown
11639,,,Male,5,guangzhou,guangdong,CN,56,2014-03-31,53,37236,17677,28401,79101,2014-03-17,15,12,60,0,0.625088305,44308,25,10.698943095669854,10.525058169606785,9.780076207620894,10.254214844204958,11.278493437886162,10.698943095669854,2.623832122129769,4.110873864173311,0.0,3.258096538021482,62.5088305,Unknown,Unknown,Available
8509,2005-11-11,,Male,4,shanghai,shanghaishi,CN,33,2014-03-31,33,43654,0,2738,51867,,30,21,58,6,0.953053772,46042,8,10.73733102144275,10.684073102244907,8.856572917341328,9.077809308899132,10.856457308668775,10.73733102144275,3.1231905747337927,4.07753744390572,1.9459101490553132,2.1972245773362196,95.3053772,Available,Unknown,Unknown
47205,,2006-07-25,Male,5,foshan,guangdong,CN,45,2014-03-31,57,41757,32871,15502,68291,2014-03-14,18,12,71,3,0.723710591,44522,5,10.703761188563927,10.63964632868932,10.400376510563246,9.648788832566362,11.131547908391124,10.703761188563927,2.6119063405493077,4.276666119016055,1.3862943611198906,1.791759469228055,72.3710591,Unknown,Available,Available
2901,2007-12-02,2008-06-28,Male,4,guangzhou,guangdong,CN,31,2014-03-31,46,37458,15483,28528,78361,2014-03-24,8,14,61,0,0.630668955,40826,4,10.617098906228428,10.531002280500273,9.647562511697538,10.258676392769557,11.2690943949589,10.617098906228428,2.7314773342867857,4.127134385045092,0.0,1.6094379124341003,63.0668955,Available,Available,Available
30927,,2009-09-21,Male,4,.,beijing,CN,35,2014-03-31,38,45029,13413,30375,65075,,83,13,77,2,0.759309259,46549,2,10.748282282705214,10.715084213295617,9.504054216659682,10.321408101911638,11.08331109662906,10.748282282705214,2.6953573742490464,4.356708826689592,1.0986122886681096,1.0986122886681096,75.9309259,Unknown,Available,Unknown
28007,2006-11-03,,Male,5,aomen,aomen,MO,55,2014-03-31,41,34562,26448,29045,68304,2014-03-22,10,17,53,3,0.7231698,38489,4,10.558153746277792,10.450539024706163,10.182973629388371,10.27663605916775,11.131738249321588,10.558153746277792,2.9298595294032834,3.9889840465642745,1.3862943611198906,1.6094379124341003,72.31698,Available,Unknown,Available
27790,,2006-09-14,Male,4,guangzhou,guangdong,CN,45,2014-03-31,50,41707,17794,26513,72255,,84,12,49,2,0.683592001,44209,6,10.69670628682029,10.638448235909484,9.786672797944293,10.185428174358796,11.187970647509333,10.69670628682029,2.568084156532949,3.912023005428146,1.0986122886681096,1.9459101490553132,68.3592001,Unknown,Available,Unknown
13440,2010-03-07,,Male,5,guangzhou,guangdong,CN,43,2014-03-31,55,41850,16161,31237,69145,2014-03-17,15,12,71,0,0.714214911,47003,1,10.757987983453832,10.641870970494749,9.690418086793393,10.349390581417667,11.143975490155883,10.757987983453832,2.56921375658842,4.276666119016055,0.0,0.6931471805599453,71.4214911,Available,Unknown,Available
54937,2006-10-11,,Male,5,guangzhou,guangdong,CN,37,2014-03-31,72,41207,20592,29361,72372,2014-03-30,2,10,36,4,0.682124579,45789,6,10.731821005651142,10.626387691245421,9.932706491205348,10.287456600299405,11.189588580642006,10.731821005651142,2.4017291432070516,3.6109179126442243,1.6094379124341003,1.9459101490553132,68.2124579,Available,Unknown,Available
1214,,2008-03-20,Male,4,beijing,beijing,CN,46,2014-03-31,30,45799,32841,13213,39249,2014-01-19,73,22,180,0,1.25737471,46175,1,10.740215461573598,10.732039370102276,10.399463463051783,9.48903215258983,10.577706723210554,10.740215461573598,3.163581797579061,5.198497031265826,0.0,0.6931471805599453,125.73747099999999,Unknown,Available,Available
53573,2006-02-04,,Male,5,tieling,liaoning,CN,49,2014-03-31,51,45134,22358,16117,49022,,29,13,74,0,1.006655583,49256,4,10.804806768480137,10.717413277732255,10.014984203549803,9.687691938884457,10.800044854719895,10.804806768480137,2.698673039289613,4.31748811353631,0.0,1.6094379124341003,100.66555829999999,Available,Unknown,Unknown
6233,2012-01-12,2012-03-15,Male,5,taicangshi,jiangsusheng,CN,31,2014-03-31,37,46348,12217,30635,59892,2014-02-24,37,17,80,3,0.823821045,47924,3,10.777392567913845,10.743954995788227,9.410665553209713,10.329931067029484,11.000314915838985,10.777392567913845,2.9237587738692,4.394449154672439,1.3862943611198906,1.3862943611198906,82.3821045,Available,Available,Available
6136,2011-10-08,,Male,4,guangzhou,guangdong,CN,50,2014-03-31,22,47019,12887,16519,70806,2014-03-18,14,31,172,0,0.696795893,72519,1,11.191617664868787,10.75832832209406,9.464051924856811,9.71232704707497,11.167713144850987,11.191617664868787,3.467222891995599,5.153291594497779,0.0,0.6931471805599453,69.6795893,Available,Unknown,Available
13040,,2009-07-20,Male,5,shenyang,liaoning,CN,44,2014-03-31,39,36654,10992,29987,64470,2014-03-13,19,18,93,0,0.765195595,38927,0,10.569469065023304,10.509305123657686,9.305013985578864,10.308552580622953,11.0739707892748,10.569469065023304,2.9485854952110477,4.543294782270004,0.0,0.0,76.5195595,Unknown,Available,Available
13935,,2011-05-26,Male,4,KANZAKI-GUN,HYOGO KEN,JP,61,2014-03-31,27,47343,27430,25696,65525,,22,27,94,0,0.752822587,54815,6,10.911737401123846,10.76519537463999,10.21942903970169,10.154129532552147,11.090202289425783,10.911737401123846,3.3404124905657855,4.553876891600541,0.0,1.9459101490553132,75.2822587,Unknown,Available,Unknown
48774,,,Male,5,guangzhou,guangdong,CN,46,2014-03-31,38,44325,26902,18708,50782,2014-02-28,33,18,84,2,0.971334725,45289,2,10.72084153655026,10.69932669131962,10.199993083535142,9.836759970485419,10.835316931890924,10.72084153655026,2.9780085649580705,4.442651256490317,1.0986122886681096,1.0986122886681096,97.1334725,Unknown,Unknown,Available
56714,2007-08-02,,Male,5,beijing,beijing,CN,45,2014-03-31,46,47676,19100,22476,51349,2014-03-18,14,15,61,2,0.96044402,50172,6,10.823232312381798,10.772204380296632,9.857495968685136,10.020247843144828,10.846420215356705,10.823232312381798,2.776746732595914,4.127134385045092,1.0986122886681096,1.9459101490553132,96.04440199999999,Available,Unknown,Available
20905,,2008-11-16,Male,5,wuhan,hubei,CN,48,2014-03-31,64,40313,22285,25648,70829,2014-03-24,8,11,49,1,0.696282596,42754,1,10.663241426590055,10.604454082148205,10.011713957606998,10.152259863484153,11.168037918747668,10.663241426590055,2.4914986315227154,3.912023005428146,0.6931471805599453,0.6931471805599453,69.62825959999999,Unknown,Available,Available
20089,2013-02-04,,Male,5,zhuhai,guangdong,CN,52,2014-03-31,52,36523,2901,30942,75275,2014-03-28,4,8,48,0,0.655099568,41135,1,10.624638929505672,10.505724857736231,8.856572917341328,10.339902081288228,11.228916637884744,10.624638929505672,2.218777135681442,3.8918202981106265,0.0,0.6931471805599453,65.5099568,Available,Unknown,Available
41061,2011-06-08,,Male,6,wuhan,hubei,CN,40,2014-03-31,62,48072,13499,33790,63464,2014-03-13,19,11,50,3,0.776200681,52642,5,10.87128855525674,10.78047596792754,9.51044496442652,10.427949773825027,11.058243851822278,10.87128855525674,2.53940518460816,3.9318256327243257,1.3862943611198906,1.791759469228055,77.6200681,Available,Unknown,Available
28465,,,Male,4,guangzhoushi,guangdong,CN,53,2014-03-31,39,42012,20651,22708,70495,,147,14,59,3,0.698672388,42012,3,10.645734373182417,10.645734373182417,9.93556744599954,10.030516600664669,11.163311249602069,10.645734373182417,2.7626712853831,4.0943445622221,1.3862943611198906,1.3862943611198906,69.8672388,Unknown,Unknown,Unknown
30405,,,Male,5,Unknown,beijing,CN,45,2014-03-31,53,42354,22607,22784,64362,2014-02-28,33,13,65,3,0.765140456,44521,3,10.703738728010274,10.653841756865651,10.02605910492431,10.033857703697983,11.07229421282296,10.703738728010274,2.6674952646687693,4.189654742026425,1.3862943611198906,1.3862943611198906,76.5140456,Unknown,Unknown,Available
20876,2008-11-08,,Male,4,Unknown,Unknown,SG,56,2014-03-31,25,34130,16974,15200,70550,,20,28,63,0,0.698,34130,0,10.437961341207826,10.437961341207826,9.739496952426897,9.62911649414402,11.164091131524941,10.437961341207826,3.3858016962970168,4.1588830833596715,0.0,0.0,69.8,Available,Unknown,Unknown
45061,,2012-03-27,Male,4,zhuhai,guangdong,CN,36,2014-03-31,40,38174,23219,20279,64908,,32,17,80,0,0.758355673,48821,28,10.795936309924713,10.549936130086833,10.052769255251883,9.91739045770512,11.080741567962146,10.795936309924713,2.925364831348852,4.394449154672439,0.0,3.367295829986474,75.8355673,Unknown,Available,Unknown
62381,,2013-03-28,Male,5,beijing,beijing,CN,38,2014-03-31,31,50657,1700,41102,60579,2014-03-23,9,12,92,1,0.812386305,55838,8,10.930227828966443,10.832852443897554,8.856572917341328,10.623836390521218,11.011720084581228,10.930227828966443,2.567510178067456,4.532599493153256,0.6931471805599453,2.1972245773362196,81.2386305,Unknown,Available,Available
40693,2012-06-12,,Male,4,shanghai,shanghai,CN,49,2014-03-31,46,37302,10228,5893,68106,2014-03-14,18,14,52,1,0.72254471,37602,2,10.534839113429197,10.526829031352095,9.232982102457008,9.077809308899132,11.128835276869756,10.534839113429197,2.7242151376640202,3.970291913552122,0.6931471805599453,1.0986122886681096,72.254471,Available,Unknown,Available
43675,,2009-04-22,Male,6,beijing,beijing,CN,48,2014-03-31,49,47675,16001,25091,45202,,23,14,95,0,1.088652051,51094,1,10.84144192404631,10.772183405602599,9.68046899341007,10.130304349216633,10.718918735299235,10.84144192404631,2.7462019668526825,4.564348191467836,0.0,0.6931471805599453,108.8652051,Unknown,Available,Unknown
44679,2006-12-11,,Male,5,changchun,jilin,CN,56,2014-03-31,35,42715,23520,22783,42920,2014-02-24,37,19,90,6,1.146472973,43735,6,10.685926840574835,10.662328836291437,10.065648918115544,10.033813814211703,10.667116495634444,10.685926840574835,3.0374950020852185,4.51085950651685,1.9459101490553132,1.9459101490553132,114.6472973,Available,Unknown,Available
2125,2005-04-07,2005-06-22,Male,5,guangzhou,guangdong,CN,48,2014-03-31,43,42234,24433,23313,65623,2014-03-25,7,15,68,0,0.74954391,45640,1,10.72856171434071,10.651004540161598,10.103730883964005,10.056809317479777,11.091696761682586,10.72856171434071,2.8176872736410945,4.23410650459726,0.0,0.6931471805599453,74.954391,Available,Available,Available
41877,,2011-10-31,Female,5,dalian,liaoning,CN,61,2014-03-31,57,42540,16138,27506,61806,,24,11,111,0,0.795606252,45069,1,10.715972115684695,10.658223595765195,9.688993982035823,10.22219579671801,11.031771905639792,10.715972115684695,2.549724149976047,4.718498871295094,0.0,0.6931471805599453,79.5606252,Unknown,Available,Unknown
41424,2011-09-05,,Male,5,dalian,liaoning,CN,48,2014-03-31,69,42960,24318,27727,58468,2014-03-19,13,10,57,1,0.841010809,48982,3,10.799228578120072,10.668048006379241,10.099013216813665,10.230198011955387,10.976251978235707,10.799228578120072,2.4138107282621646,4.060443010546419,0.6931471805599453,1.3862943611198906,84.1010809,Available,Unknown,Available
30711,,2008-02-17,Male,5,guangzhou,guangdong,CN,58,2014-03-31,43,39827,20921,23898,71624,2014-03-22,10,14,99,0,0.686400927,39827,0,10.592325461507976,10.592325461507976,9.948556515903705,10.08159189604006,11.179199454017041,10.592325461507976,2.709636244004279,4.605170185988092,0.0,0.0,68.6400927,Unknown,Available,Available
14853,,2012-01-25,Female,6,beijing,beijing,CN,33,2014-03-31,49,44218,14200,32105,67438,2014-03-27,5,15,66,4,0.728904327,58490,10,10.976628175230568,10.696909839954014,9.561067663645012,10.376798207539359,11.118978764570546,10.976628175230568,2.7777835389096315,4.204692619390966,1.6094379124341003,2.3978952727983707,72.89043269999999,Unknown,Available,Available
24656,,2012-06-26,Male,4,shanghai,shanghai,CN,39,2014-03-31,46,39078,2996,11746,63904,2014-02-22,39,13,139,0,0.768844517,39078,2,10.57334051729299,10.57334051729299,8.856572917341328,9.371353167823885,11.065152884565816,10.57334051729299,2.6718471526686645,4.941642422609304,0.0,1.0986122886681096,76.8844517,Unknown,Available,Available
14114,,2011-04-28,Male,5,dalian,liaoning,CN,57,2014-03-31,54,36989,14651,32932,76647,2014-02-24,37,12,98,4,0.640941589,42786,6,10.663989597114305,10.5184028848265,9.592332123898705,10.402230473559138,11.24697879133071,10.663989597114305,2.576493497495346,4.59511985013459,1.6094379124341003,1.9459101490553132,64.0941589,Unknown,Available,Available
26551,,2011-09-26,Male,4,tianjin,tianjin,CN,37,2014-03-31,42,42669,28239,4685,75918,,87,15,107,2,0.646998867,42669,2,10.661251376182046,10.661251376182046,10.248494691607178,9.077809308899132,11.237422261437313,10.661251376182046,2.7877176038961413,4.68213122712422,1.0986122886681096,1.0986122886681096,64.6998867,Unknown,Available,Unknown
46564,,2010-11-28,Male,5,zhongshan,guangdong,CN,37,2014-03-31,30,48822,23097,20364,56042,2014-02-28,33,23,107,1,0.876431962,48822,1,10.795956792284281,10.795956792284281,10.047501312675033,9.921573020082512,10.933874532208671,10.795956792284281,3.2161133920616405,4.68213122712422,0.6931471805599453,0.6931471805599453,87.64319619999999,Unknown,Available,Available
2921,2008-01-02,,Male,5,guangzhou,guangdong,CN,45,2014-03-31,26,45685,22485,25659,33928,,23,27,69,2,1.447624971,58939,5,10.984275256291685,10.729547184215814,10.020648172309706,10.152688638169627,10.478804808879547,10.984275256291685,3.3520071374713836,4.248495242049359,1.0986122886681096,1.791759469228055,144.7624971,Available,Unknown,Unknown
19311,2007-04-01,2007-05-22,Male,5,sanya,hainan,CN,47,2014-03-31,99,31849,27866,28335,78698,2014-03-27,5,7,44,0,0.623999085,37202,2,10.524144682170881,10.36879266100031,10.23519847205563,10.251888360022615,11.273385727844461,10.524144682170881,2.129203051202492,3.8066624897703196,0.0,1.0986122886681096,62.3999085,Available,Available,Available
11470,,,Female,4,guangzhou,guangdong,CN,39,2014-03-31,47,37173,13188,26983,78992,,20,15,110,5,0.621666751,45629,24,10.728320673921449,10.523364871168297,9.487138427825885,10.202999376741486,11.277114519928338,10.728320673921449,2.796750971651487,4.709530201312334,1.791759469228055,3.2188758248682006,62.1666751,Unknown,Unknown,Unknown
55324,2007-09-03,2012-02-15,Male,5,changsha,hunan,CN,36,2014-03-31,62,42537,30935,17817,64886,2014-03-21,11,11,88,2,0.756509262,48952,3,10.798615933108263,10.658153073074491,10.339675833287133,9.78796446128059,11.080402574461411,10.798615933108263,2.540698009403496,4.48863636973214,1.0986122886681096,1.3862943611198906,75.6509262,Available,Available,Available
32784,2012-04-11,,Male,4,qinhuangdao,hebei,CN,29,2014-03-31,45,43406,16630,27371,73155,2014-02-20,41,15,57,1,0.670862142,44756,1,10.709003136050958,10.67837599740519,9.71902370267014,10.217275872072388,11.200349426324467,10.709003136050958,2.800601758191212,4.060443010546419,0.6931471805599453,0.6931471805599453,67.0862142,Available,Unknown,Available
10318,2009-10-04,2009-10-26,Male,5,shunde,guangdong,CN,33,2014-03-31,64,41246,29928,16418,74962,2014-01-25,67,10,69,5,0.654643553,46198,9,10.740713431813928,10.627333661845343,10.306583188995559,9.706194479812028,11.224749937456188,10.740713431813928,2.424943184879994,4.248495242049359,1.791759469228055,2.302585092994046,65.4643553,Available,Available,Available
27625,2005-12-08,,Male,4,Unknown,beijing,CN,52,2014-03-31,38,45328,23790,18791,62453,2014-03-30,2,18,79,0,0.785643444,51729,27,10.85379316299756,10.72170228324594,10.077062636881843,9.841186526338749,11.042185564743523,10.85379316299756,2.976632102097927,4.382026634673881,0.0,3.332204510175204,78.5643444,Available,Unknown,Available
46454,2010-03-02,,Male,6,jiaozuo,henan,CN,40,2014-03-31,73,47981,17844,30413,58892,2014-03-27,5,9,54,4,0.832899036,68620,52,11.13635388931704,10.778581219559944,9.789478635924262,10.322658307700404,10.983477517076143,11.13635388931704,2.3890175987867353,4.007333185232471,1.6094379124341003,3.970291913552122,83.2899036,Available,Unknown,Available
20338,2005-07-07,,Female,6,shenzhen,guangdong,CN,37,2014-03-31,39,45054,14993,27083,60723,2014-03-27,5,18,117,0,0.807561221,46824,0,10.754172527312289,10.715639244669138,9.615405400063008,10.206698426605536,11.014094286052606,10.754172527312289,2.9838194917980685,4.770684624465665,0.0,0.0,80.7561221,Available,Unknown,Available
58690,,2010-12-24,Male,4,yilejun,qunmaxian,JP,44,2014-03-31,18,49895,34548,22814,55064,2014-02-17,44,33,161,0,0.89048489,49895,0,10.817696118205959,10.817696118205959,10.450133885216886,10.035173493361503,10.916269584599045,10.817696118205959,3.543513603723363,5.087596335232384,0.0,0.0,89.048489,Unknown,Available,Available
33734,,2012-07-13,Male,4,guangzhou,guangdong,CN,53,2014-03-31,22,51668,22694,25287,60802,2014-03-30,2,29,143,2,0.806351107,58709,5,10.980365349058232,10.852613267503855,10.029899914890565,10.138085253895454,11.01539440884224,10.980365349058232,3.4278238567929336,4.969813299576001,1.0986122886681096,1.791759469228055,80.6351107,Unknown,Available,Available
61615,2010-02-08,2010-03-19,Male,5,anshan,liaoning,CN,54,2014-03-31,39,42109,8453,33704,53361,2014-03-30,2,18,103,2,0.91837072,44432,2,10.701737715595081,10.648040521155973,9.042394981126735,10.42540147328754,10.884854161146471,10.701737715595081,2.9690640264448027,4.6443908991413725,1.0986122886681096,1.0986122886681096,91.83707199999999,Available,Available,Available
10,,2005-09-29,Female,5,Unknown,beijing,CN,45,2014-03-31,54,45135,17618,28121,62170,2014-03-20,12,12,51,2,0.78806627,47420,5,10.766820447545506,10.717435433241777,9.77673314419063,10.244307467150762,11.037643932062444,10.766820447545506,2.6268537883891,3.9512437185814275,1.0986122886681096,1.791759469228055,78.80662699999999,Unknown,Available,Available
41221,2011-04-07,2011-04-30,Male,5,shenzhen,guangdong,CN,40,2014-03-31,35,42637,13101,29445,66955,2014-03-18,14,20,98,2,0.731721007,43966,2,10.691194631509694,10.660501153424487,9.480520169291822,10.290313356425354,11.111790966222511,10.691194631509694,3.0816401008148784,4.59511985013459,1.0986122886681096,1.0986122886681096,73.1721007,Available,Available,Available
50805,,2011-10-23,Male,6,zhengzhou,henan,CN,59,2014-03-31,50,47908,17826,29977,39028,2014-02-24,37,13,51,0,1.255212412,53949,3,10.895812970686281,10.777058657190121,9.788469440951861,10.308219058290542,10.572060238529494,10.895812970686281,2.70259316184435,3.9512437185814275,0.0,1.3862943611198906,125.5212412,Unknown,Available,Available
21243,,2006-09-20,Female,4,changchun,jilin,CN,54,2014-03-31,39,45725,15770,24246,57633,2014-03-26,6,18,96,0,0.849802717,49435,1,10.808434182709625,10.730422342894173,9.665928089487558,10.096048177372545,10.961867950316359,10.808434182709625,2.975798058760556,4.574710978503383,0.0,0.6931471805599453,84.9802717,Unknown,Available,Available
18661,,2006-06-18,Male,4,wulumuqi,xinjiang,CN,47,2014-03-31,32,40761,14156,22807,67203,2014-03-30,2,23,194,1,0.728682946,43225,2,10.674197445043864,10.615505553846324,9.557964480394498,10.034866630592507,11.115488048549294,10.674197445043864,3.1887491196242683,5.272999558563747,0.6931471805599453,1.0986122886681096,72.8682946,Unknown,Available,Available
38599,2007-08-11,2008-10-31,Male,6,shenzhen,guangdong,CN,52,2014-03-31,59,46641,23312,23577,58247,,23,12,73,0,0.840673339,49982,0,10.819438226597178,10.750256701751638,10.056766423877352,10.068069352852072,10.972465036074547,10.819438226597178,2.5807391590636235,4.304065093204169,0.0,0.0,84.0673339,Available,Available,Unknown
39257,2008-09-04,,Male,5,wuhan,hubei,CN,55,2014-03-31,26,49349,20460,27202,37191,2014-03-18,14,28,151,1,1.316133473,52416,3,10.866986245174834,10.806693044861628,9.92627591416656,10.211082540319786,10.52384896337042,10.866986245174834,3.389124800427886,5.0238805208462765,0.6931471805599453,1.3862943611198906,131.61334730000002,Available,Unknown,Available
50389,,2012-02-20,Male,5,dalian,liaoning,CN,36,2014-03-31,59,38522,18898,26079,64342,2014-03-23,9,12,45,3,0.760689441,42896,4,10.666557172400957,10.559010744499384,9.846864289595038,10.16892401604059,11.071983426998507,10.666557172400957,2.5975680351189374,3.828641396489095,1.3862943611198906,1.6094379124341003,76.0689441,Unknown,Available,Available
30712,,2008-11-14,Male,4,guangzhou,guangdong,CN,36,2014-03-31,40,39961,15478,26762,68272,2014-02-28,33,17,82,2,0.716802056,41757,3,10.63964632868932,10.595684281560079,9.647239545573877,10.194775615581893,11.13126965261369,10.63964632868932,2.925364831348852,4.418840607796598,1.0986122886681096,1.3862943611198906,71.68020560000001,Unknown,Available,Available
21473,,2008-10-28,Male,5,shenzhen,guangdong,CN,42,2014-03-31,23,46057,30390,13455,33094,2014-03-20,12,32,133,6,1.478692512,46557,7,10.748454126156252,10.737656750807961,10.321901790930502,9.507180382212729,10.478804808879547,10.748454126156252,3.503371006473542,4.897839799950911,1.9459101490553132,2.0794415416798357,147.8692512,Unknown,Available,Available
19335,,2007-05-18,Male,4,guangzhou,guangdong,CN,54,2014-03-31,36,37151,20771,16549,79482,2014-03-20,12,20,77,2,0.615612843,37151,2,10.522772884497618,10.522772884497618,9.94136120496421,9.71414138080521,11.283298441298156,10.522772884497618,3.0580361570914882,4.356708826689592,1.0986122886681096,1.0986122886681096,61.5612843,Unknown,Available,Available
32114,2011-12-11,,Male,4,KANI-SHI,GIFU-KEN,JP,42,2014-03-31,32,40417,21414,25872,69200,2014-03-26,6,23,60,0,0.706966329,41117,1,10.624201260813878,10.607030509278193,9.971846890049472,10.160955232894292,11.1447705923684,10.624201260813878,3.179397013706494,4.110873864173311,0.0,0.6931471805599453,70.6966329,Available,Unknown,Available
53767,,2005-10-31,Male,5,changchun,jilin,CN,72,2014-03-31,52,43297,25329,21492,59187,,30,13,64,2,0.826500752,45772,4,10.73144967661659,10.675861723547376,10.13974474299572,9.975482579707275,10.988474097622424,10.73144967661659,2.6842395521675275,4.174387269895637,1.0986122886681096,1.6094379124341003,82.65007519999999,Unknown,Available,Unknown
5063,,2012-11-25,Female,4,Kawasaki-shi,Kanagawa-ken,JP,42,2014-03-31,22,49835,18428,35200,62709,,55,20,197,1,0.779879443,59223,5,10.989082144122934,10.816492893418754,9.821680789832037,10.468829770273567,11.046276203537067,10.989082144122934,3.0845277724678413,5.288267030694535,0.6931471805599453,1.791759469228055,77.9879443,Unknown,Available,Unknown
10608,2012-01-09,2012-08-18,Male,4,guangzhou,guangdong,CN,43,2014-03-31,20,51004,14438,20320,59370,2014-02-24,37,29,130,0,0.82367273,51004,0,10.839678946116619,10.839678946116619,9.577688157971219,9.919410113079943,10.991561170646536,10.839678946116619,3.4081904172924986,4.875197323201151,0.0,0.0,82.367273,Available,Available,Available
39790,,2010-10-16,Male,5,dongguan,guangdong,CN,44,2014-03-31,32,45046,44220,2467,32894,,27,22,216,0,1.486519426,46447,3,10.746088686264411,10.715461668144288,10.69695506835746,9.077809308899132,10.478804808879547,10.746088686264411,3.1658832947549014,5.37989735354046,0.0,1.3862943611198906,148.6519426,Unknown,Available,Unknown
47981,,2008-09-23,Male,4,beijing,beijing,CN,40,2014-03-31,46,43159,29392,14925,62014,2014-01-22,70,14,59,1,0.788479859,47939,16,10.777705507988376,10.67266941937207,10.288511829739507,9.610859937691332,11.03513157024943,10.777705507988376,2.7372493555067026,4.0943445622221,0.6931471805599453,2.833213344056216,78.8479859,Unknown,Available,Available
41245,2011-07-02,,Male,4,NANTES,.,FR,50,2014-03-31,14,32088,6630,24866,68732,,31,29,200,0,0.711088285,32088,0,10.376268571262472,10.376268571262472,8.856572917341328,10.121296902259635,11.137984712224604,10.376268571262472,3.4240120593531387,5.303304908059076,0.0,0.0,71.1088285,Available,Unknown,Unknown
31535,,,Male,5,guangzhoushi,guangdong,CN,34,2014-03-31,79,40969,27739,23094,66610,2014-03-23,9,9,30,2,0.733657259,44394,5,10.700882129466427,10.620595370540917,10.230630693868823,10.047371422864705,11.106625008055381,10.700882129466427,2.324145852105642,3.4339872044851463,1.0986122886681096,1.791759469228055,73.3657259,Unknown,Unknown,Available
46003,2006-11-03,2007-04-13,Male,6,wuhan,hubei,CN,47,2014-03-31,44,46727,20043,23665,49792,,23,16,63,0,0.981059005,48683,0,10.793105712994448,10.752098835720146,9.905685136079615,10.071794697944505,10.815629690883949,10.793105712994448,2.833213344056216,4.1588830833596715,0.0,0.0,98.1059005,Available,Available,Unknown
50690,,2011-12-22,Male,4,shenzhen,guangdong,CN,46,2014-03-31,20,45826,19440,19330,33237,2014-02-26,35,36,117,1,1.469550501,60114,17,11.00401467340901,10.732628716054485,9.87513951702064,9.869465303921691,10.478804808879547,11.00401467340901,3.6208259907984983,4.770684624465665,0.6931471805599453,2.8903717578961645,146.9550501,Unknown,Available,Available
5116,,2011-07-27,Male,6,dalian,liaoning,CN,53,2014-03-31,53,44759,20685,27318,56385,2014-03-21,11,13,59,2,0.866189767,51488,3,10.849123471604749,10.709070162425862,9.93721242193775,10.21533770979373,10.939976179722388,10.849123471604749,2.6594523262440033,4.0943445622221,1.0986122886681096,1.3862943611198906,86.6189767,Unknown,Available,Available
62674,,2007-08-23,Male,5,changchun,jilin,CN,56,2014-03-31,59,45517,20456,29849,54479,2014-02-21,40,11,61,0,0.896388517,47749,1,10.773734345908876,10.725863131103859,9.926080401188763,10.303940118820748,10.905588940823394,10.773734345908876,2.506229419284951,4.127134385045092,0.0,0.6931471805599453,89.6388517,Unknown,Available,Available
48564,2008-08-09,2011-01-27,Male,5,guangzhou,guangdong,CN,46,2014-03-31,51,42015,22901,22793,68621,2014-03-29,3,14,83,2,0.711479722,42985,3,10.66862976026722,10.645805777102522,10.038979521973285,10.03425262241568,11.13636846200927,10.66862976026722,2.739548868161581,4.430816798843313,1.0986122886681096,1.3862943611198906,71.1479722,Available,Available,Available
57201,,,Male,5,guangzhou,guangdong,CN,34,2014-03-31,87,46494,19147,36393,62188,,21,8,48,9,0.784875699,53740,24,10.89193149010949,10.747100058912297,9.8599535505124,10.502159204873188,11.037933414213066,10.89193149010949,2.212609496206233,3.8918202981106265,2.302585092994046,3.2188758248682006,78.4875699,Unknown,Unknown,Unknown
57995,,2010-09-25,Male,4,taizhong,taiwan,TW,53,2014-03-31,41,46484,32533,22077,60371,2014-02-27,34,16,105,1,0.808486856,49226,3,10.80419753244326,10.746884958889959,10.390040975326398,10.002336916578297,11.008280700279318,10.80419753244326,2.883403088580071,4.663439094112067,0.6931471805599453,1.3862943611198906,80.84868560000001,Unknown,Available,Available
56732,2007-12-10,2009-06-16,Male,5,wuhan,hubei,CN,40,2014-03-31,35,47296,11794,12894,45301,2014-03-27,5,18,61,0,1.077432507,49080,1,10.801227273515408,10.76420214752143,9.375430991841775,9.464594918315445,10.721106460606913,10.801227273515408,2.973426516069768,4.127134385045092,0.0,0.6931471805599453,107.74325069999999,Available,Available,Available
35159,,,Female,6,haerbinshi,heilongjiang,CN,31,2014-03-31,73,49536,18145,29647,57527,2014-03-30,2,9,47,0,0.848445078,54507,2,10.90610275886971,10.810475144084139,9.806205429729575,10.29714994852514,10.96002706478233,10.90610275886971,2.3902906734436855,3.8712010109078907,0.0,1.0986122886681096,84.8445078,Unknown,Unknown,Available
35921,2006-05-01,2006-07-14,Male,4,wulumuqishi,xinjiang,CN,41,2014-03-31,28,39847,21696,15257,74569,2014-03-30,2,26,124,0,0.654286232,40339,1,10.605098811508203,10.59282749475312,9.984929281123371,9.632859234650175,11.21949356053784,10.605098811508203,3.3268994578790214,4.8283137373023015,0.0,0.6931471805599453,65.4286232,Available,Available,Available
62748,,2008-11-22,Male,5,songyuan,jilin,CN,52,2014-03-31,31,45999,32595,13168,36574,,59,21,175,3,1.333376442,46327,3,10.743501808905625,10.736396675471232,10.39194486044011,9.48562086171022,10.507120225888325,10.743501808905625,3.1296802462095026,5.170483995038151,1.3862943611198906,1.3862943611198906,133.3376442,Unknown,Available,Unknown
50151,,2011-09-16,Male,5,shenzhen,guangdong,CN,46,2014-03-31,20,47594,7918,31122,52172,2014-03-19,13,36,148,0,0.934647512,50273,1,10.825243323841342,10.770482992685405,8.977020214210413,10.345702374674325,10.862320398675953,10.825243323841342,3.626443983215161,5.003946305945459,0.0,0.6931471805599453,93.4647512,Unknown,Available,Available
29194,,2005-07-15,Male,4,guangzhou,guangdong,CN,39,2014-03-31,42,45574,16614,30267,70093,2013-12-25,98,12,52,1,0.69542251,54154,10,10.899605584269837,10.727114599546864,9.718061180788695,10.317846327814411,11.157592477348064,10.899605584269837,2.5798472120497524,3.970291913552122,0.6931471805599453,2.3978952727983707,69.542251,Unknown,Available,Available
53214,,2009-10-14,Male,5,haerbin,heilongjiang,CN,48,2014-03-31,38,41606,20334,18328,67437,2014-03-20,12,19,91,1,0.722693922,41606,1,10.636023701324445,10.636023701324445,9.920098818341325,9.816239783971849,11.11896393624548,10.636023701324445,3.013147315089268,4.5217885770490405,0.6931471805599453,0.6931471805599453,72.2693922,Unknown,Available,Available
11794,2011-01-06,,Male,4,SYANEY,NSW,AU,54,2014-03-31,8,59596,36952,18000,54277,,152,79,153,2,0.897809385,59596,2,10.995360516216094,10.995360516216094,10.51740211387893,9.798182590890704,10.901874267286187,10.995360516216094,3.861673167219153,5.0369526024136295,1.0986122886681096,1.0986122886681096,89.78093849999999,Available,Unknown,Unknown
41971,2011-11-10,,Female,4,LACRESCETA,CA,US,48,2014-03-31,5,50839,17360,6300,51250,2013-09-15,199,120,192,0,0.950485463,50839,0,10.83643872530339,10.83643872530339,9.761981590241948,9.077809308899132,10.844490409005417,10.83643872530339,3.861673167219153,5.262690188904886,0.0,0.0,95.0485463,Available,Unknown,Available
57534,2010-01-07,,Male,5,dalian,liaoning,CN,47,2014-03-31,54,43662,19809,27887,47629,2014-03-25,7,13,76,1,1.022643557,45064,1,10.715861170990511,10.684256340523897,9.893942139692596,10.235951767759802,10.771218093794905,10.715861170990511,2.6551004541507943,4.343805421853684,0.6931471805599453,0.6931471805599453,102.26435570000001,Available,Unknown,Available
49064,2009-09-04,2011-05-20,Male,5,guangzhou,guangdong,CN,33,2014-03-31,66,36604,27407,20052,80259,2014-02-28,33,10,99,4,0.60671202,43901,10,10.689715156112085,10.507940122080743,10.2185902205639,9.906134047477034,11.293026643820907,10.689715156112085,2.451005098112319,4.605170185988092,1.6094379124341003,2.3978952727983707,60.671202,Available,Available,Available
62448,,2005-11-18,Male,5,changchun,jilin,CN,44,2014-03-31,35,41510,20973,17494,60412,,24,20,123,0,0.805970006,43010,1,10.669211175914377,10.633713731337494,9.951038854394351,9.769670404801788,11.008959592551948,10.669211175914377,3.0666840097454537,4.820281565605037,0.0,0.6931471805599453,80.5970006,Unknown,Available,Unknown
11035,,,Male,5,wuhan,hubei,CN,45,2014-03-31,67,44179,17991,27671,65767,2014-03-18,14,10,73,6,0.740332081,49459,10,10.808919541075408,10.696027476974109,9.797682493639151,10.228176350617005,11.09388867683197,10.808919541075408,2.472199998646763,4.304065093204169,1.9459101490553132,2.3978952727983707,74.0332081,Unknown,Unknown,Available
3519,,,Female,4,ALHAMBRA,CA,US,40,2014-03-31,6,27912,5800,10100,73392,2013-11-28,125,107,182,0,0.663333333,27912,0,10.236847809109337,10.236847809109337,8.856572917341328,9.220389707829185,11.203583842207394,10.236847809109337,3.861673167219153,5.209486152841421,0.0,0.0,66.33333329999999,Unknown,Unknown,Available
29053,,,Male,4,Unknown,Unknown,CN,46,2014-03-31,6,41872,0,21900,73392,,56,32,57,0,0.663333333,41872,0,10.642396506792736,10.642396506792736,8.856572917341328,9.994287576862567,11.203583842207394,10.642396506792736,3.502549875922443,4.060443010546419,0.0,0.0,66.33333329999999,Unknown,Unknown,Unknown
36738,,2006-12-24,Male,4,shenzhen,guangdong,CN,41,2014-03-31,46,39914,8575,22419,67154,2014-02-16,45,13,110,3,0.724942967,46355,18,10.744106012454282,10.594507472079899,9.056722883310583,10.017708696626151,11.114758659343176,10.744106012454282,2.667228206581955,4.709530201312334,1.3862943611198906,2.9444389791664403,72.4942967,Unknown,Available,Available
24060,2011-12-10,,Male,5,dalian,liaoning,CN,43,2014-03-31,57,38359,27008,18630,65176,2014-03-23,9,12,120,0,0.746886431,40179,1,10.601124638368926,10.554770528997375,10.203925422776587,9.832582139020353,11.084861924943842,10.601124638368926,2.6000406769545044,4.795790545596741,0.0,0.6931471805599453,74.6886431,Available,Unknown,Available
4983,,2010-11-23,Male,4,.,beijing,CN,59,2014-03-31,41,47338,28050,21221,33309,,58,16,381,0,1.461069981,48270,2,10.784586245241275,10.765089759059482,10.24177956093926,9.962793658433535,10.478804808879547,10.784586245241275,2.8735646395797834,5.675121665433755,0.0,1.0986122886681096,146.1069981,Unknown,Available,Unknown
1994,,2013-03-25,Male,4,guangzhou,guangdong,CN,39,2014-03-31,4,40189,25000,0,42844,2013-03-31,367,2,6,0,1.135799645,40189,0,10.601373487443247,10.601373487443247,10.12667110305036,9.077809308899132,10.66534423110322,10.601373487443247,1.5421652381059419,2.977301475242586,0.0,0.0,113.5799645,Unknown,Available,Available
48823,2009-01-05,,Female,4,shanghai,shanghai,CN,40,2014-03-31,48,42885,10328,21253,65530,2014-03-26,6,14,47,4,0.74256127,42885,4,10.666300711329177,10.666300711329177,9.242710752006634,9.96430039193264,11.090278592103282,10.666300711329177,2.7551503195358427,3.8712010109078907,1.6094379124341003,1.6094379124341003,74.256127,Available,Unknown,Available
4618,,2010-04-15,Male,5,dalian,liaoning,CN,36,2014-03-31,71,41043,26249,23613,64219,2014-03-29,3,10,50,0,0.75745636,45492,5,10.725313746949663,10.622399940982099,10.17542126801977,10.069595035467055,11.070069967643505,10.725313746949663,2.4336133554004498,3.9318256327243257,0.0,1.791759469228055,75.745636,Unknown,Available,Available
21046,,2008-12-25,Male,5,beijing,beijing,CN,62,2014-03-31,38,47972,20375,19950,53752,2014-03-26,6,18,72,0,0.904904748,50647,1,10.832655022223962,10.778393631627551,9.922113016659292,9.901034546375062,10.892154758385857,10.832655022223962,2.9515261813037323,4.290459441148391,0.0,0.6931471805599453,90.4904748,Unknown,Available,Available
15753,2013-03-01,,Female,5,zhanjiang,guangdong,CN,45,2014-03-31,14,58380,9000,43222,47938,2014-03-15,17,29,81,0,1.014575285,60158,0,11.004746336145143,10.974745773415224,9.105090961257085,10.67412803996107,10.777684648363222,11.004746336145143,3.4011973816621555,4.406719247264253,0.0,0.0,101.45752850000001,Available,Unknown,Available
8065,,2009-10-16,Male,4,haerbin,heilongjiang,CN,47,2014-03-31,36,37836,17401,22919,71086,2014-03-23,9,18,151,1,0.684074783,39330,1,10.579768290986172,10.541042738838962,9.76434042112597,10.039765170828677,11.17165975800495,10.579768290986172,2.9813435358845,5.0238805208462765,0.6931471805599453,0.6931471805599453,68.40747830000001,Unknown,Available,Available
57838,,,Male,4,wulumuqi,xinjiang,CN,54,2014-03-31,24,40607,18934,20446,60853,2013-12-18,105,26,150,1,0.799007937,44121,3,10.69471380325571,10.611720370514114,9.848767340335895,9.925591451443054,11.01623283167015,10.69471380325571,3.327535241085124,5.017279836814924,0.6931471805599453,1.3862943611198906,79.9007937,Unknown,Unknown,Available
5627,2012-01-02,,Female,4,guangzhoushi,Unknown,CN,40,2014-03-31,10,31674,13418,5043,66059,2013-12-18,105,65,288,1,0.735854615,32174,2,10.378945032464328,10.36328300518934,9.504426892100957,9.077809308899132,11.09831869894478,10.378945032464328,3.861673167219153,5.666426688112432,0.6931471805599453,1.0986122886681096,73.58546150000001,Available,Unknown,Available
20160,2005-01-06,2005-06-22,Male,6,.,beijing,CN,54,2014-03-31,61,44762,33861,13594,50123,2014-02-22,39,11,72,0,0.969567863,50451,4,10.828777668207083,10.709137184308531,10.430048720688177,9.51745735706657,10.822255214285176,10.828777668207083,2.524394421028096,4.290459441148391,0.0,1.6094379124341003,96.9567863,Available,Available,Available
36620,,2006-04-25,Male,6,guangzhou,guangdong,CN,55,2014-03-31,38,42527,23797,19330,71165,,25,17,101,1,0.682880348,42527,1,10.657917961512972,10.657917961512972,10.0773568225151,9.869465303921691,11.17277045525733,10.657917961512972,2.9315540480354905,4.624972813284271,0.6931471805599453,0.6931471805599453,68.28803479999999,Unknown,Available,Unknown
23175,2011-02-01,,Male,4,guangzhou,guangdong,CN,35,2014-03-31,38,43616,28532,14722,67098,2014-03-18,14,18,91,3,0.72410817,59483,12,10.993462647808574,10.683202261599535,10.258816591150495,9.597166175865409,11.113924419719064,10.993462647808574,2.9889525863237143,4.5217885770490405,1.3862943611198906,2.5649493574615367,72.41081700000001,Available,Unknown,Available
15254,,2011-12-26,Female,4,beijing,beijing,CN,42,2014-03-31,45,46827,32334,14614,37953,2013-11-15,138,13,68,0,1.279919374,49264,4,10.804969168756575,10.754236593599563,10.383905513880693,9.589803677545346,10.544130179113925,10.804969168756575,2.669435364848446,4.23410650459726,0.0,1.6094379124341003,127.99193740000001,Unknown,Available,Available
38951,,2008-01-16,Male,5,qianjiang,hubei,CN,45,2014-03-31,52,44946,16989,29478,57327,2014-03-24,8,14,63,0,0.847255569,48041,1,10.779830907300688,10.71323929684936,9.740380214665977,10.291433424425355,10.956544439544736,10.779830907300688,2.715862740916825,4.1588830833596715,0.0,0.6931471805599453,84.7255569,Unknown,Available,Available
47321,,2005-08-20,Female,6,guangzhoushi,guangdong,CN,38,2014-03-31,50,51534,20191,28863,58473,,21,13,74,3,0.830540591,53803,3,10.893103092828472,10.850016467470892,9.913041765340939,10.27035042286235,10.976337489980798,10.893103092828472,2.6776611224298965,4.31748811353631,1.3862943611198906,1.3862943611198906,83.0540591,Unknown,Available,Unknown
56330,,2006-06-13,Male,5,guangzhou,guangdong,CN,41,2014-03-31,49,44880,34266,12974,49989,2013-11-18,135,12,65,8,0.971115645,62190,39,11.037965573724245,10.711769821588275,10.441938070914238,9.470779708034089,10.819578264407616,11.037965573724245,2.5933872927820705,4.189654742026425,2.1972245773362196,3.6888794541139363,97.1115645,Unknown,Available,Available
35267,,2010-04-16,Male,4,wulumuqi,xinjiang,CN,49,2014-03-31,25,38289,26551,13378,71634,2014-01-17,75,26,128,1,0.677349443,40753,2,10.615309273360882,10.55294404447134,10.18686035339981,9.501441592473618,11.179339060327473,10.615309273360882,3.306581405409444,4.859812404361672,0.6931471805599453,1.0986122886681096,67.7349443,Unknown,Available,Available
37002,2007-02-05,2008-02-17,Male,6,.,beijing,CN,64,2014-03-31,22,45279,31590,12198,33292,2013-09-20,194,25,98,2,1.457156374,47873,6,10.776327838536336,10.720620712877064,10.360627548882315,9.409109260148737,10.478804808879547,10.776327838536336,3.2672123715020867,4.59511985013459,1.0986122886681096,1.9459101490553132,145.7156374,Available,Available,Available
54978,2006-11-01,,Male,4,guangzhou,guangdong,CN,39,2014-03-31,37,41992,17480,21544,64818,2014-03-18,14,19,64,2,0.748072603,52407,43,10.866814530411713,10.645258216708406,9.768869855811184,9.977899050049938,11.079354049239294,10.866814530411713,3.025830304657362,4.174387269895637,1.0986122886681096,3.784189633918261,74.8072603,Available,Unknown,Available
12048,2008-03-05,,Male,4,guangzhoushi,guangdongsheng,CN,59,2014-03-31,60,41893,21686,24762,70672,2014-03-24,8,12,63,0,0.685775413,43418,0,10.678652412305714,10.642897897565712,9.984468281668407,10.117105882625266,11.16581888361168,10.678652412305714,2.5766150760584274,4.1588830833596715,0.0,0.0,68.57754130000001,Available,Unknown,Available
58322,,2009-10-16,Female,4,shanghai,shanghai,CN,41,2014-03-31,56,28289,19440,1957,82284,,80,11,131,1,0.588995187,28289,1,10.250263664295613,10.250263664295613,9.87513951702064,9.077809308899132,11.317944110029483,10.250263664295613,2.5480237064359463,4.882801922586371,0.6931471805599453,0.6931471805599453,58.899518699999994,Unknown,Available,Unknown
52938,,2011-05-27,Male,5,guangzhou,guangdong,CN,32,2014-03-31,7,34815,7130,14750,62538,,80,68,151,0,0.774799642,61997,13,11.03485740544241,10.457832330215615,8.872206756028303,9.599066156080049,11.043545641117445,11.03485740544241,3.861673167219153,5.0238805208462765,0.0,2.639057329615259,77.4799642,Unknown,Available,Unknown
49918,,2010-10-21,Male,6,guangzhou,guangdong,CN,45,2014-03-31,48,38389,5921,41965,40606,2014-03-29,3,9,35,0,1.193269468,44647,2,10.706564792468269,10.555552287994843,8.856572917341328,10.644615045614641,10.611695744521377,10.706564792468269,2.378363401922545,3.58351893845611,0.0,1.0986122886681096,119.3269468,Unknown,Available,Available
19526,,2010-06-14,Female,4,shenyang,liaoning,CN,34,2014-03-31,59,48021,27917,18150,50030,,80,11,58,4,0.968302618,112384,61,11.629685755578928,10.779414518220722,10.237026921072703,9.806480934593978,10.82039809228969,11.629685755578928,2.5020010830060575,4.07753744390572,1.6094379124341003,4.127134385045092,96.83026179999999,Unknown,Available,Unknown
6411,,2012-03-15,Female,4,guangzhou,guangdong,CN,35,2014-03-31,55,42619,27544,15580,66702,,118,11,64,1,0.726079878,49226,24,10.80419753244326,10.660078905652608,10.223576309906816,9.653807502217354,11.108005208403501,10.80419753244326,2.5092981032133643,4.174387269895637,0.6931471805599453,3.2188758248682006,72.60798779999999,Unknown,Available,Unknown
8548,,2006-05-22,Male,5,changchun,jilin,CN,47,2014-03-31,44,44049,16848,23568,51048,2014-03-17,15,16,101,0,0.948618751,46405,0,10.745184040199312,10.693080631364326,9.732046586838385,10.067687568216387,10.840541234762362,10.745184040199312,2.868163137585366,4.624972813284271,0.0,0.0,94.8618751,Unknown,Available,Available
30436,2008-08-07,,Male,5,guangzhou,guangdong,CN,54,2014-03-31,48,38469,23857,20666,69478,2014-03-30,2,15,75,3,0.696902761,74729,9,11.221636896924336,10.557633995746341,10.079874869841891,9.936293504261306,11.148779827620494,11.221636896924336,2.804004918602026,4.330733340286331,1.3862943611198906,2.302585092994046,69.6902761,Available,Unknown,Available
57601,,2011-03-30,Male,5,taihexian,anhui,CN,47,2014-03-31,42,43875,17110,20902,54562,,24,16,86,3,0.887377112,46949,4,10.75683848463641,10.689122752531224,9.747476810531971,9.947647968321782,10.907111276342949,10.75683848463641,2.8753544109942735,4.465908118654584,1.3862943611198906,1.6094379124341003,88.7377112,Unknown,Available,Unknown
49691,,2010-04-28,Male,5,dalian,liaoning,CN,52,2014-03-31,56,38386,19507,18262,67856,,21,12,80,0,0.713490627,40303,0,10.604205998592391,10.555474139590984,9.878579916829944,9.812632434192041,11.125157828696091,10.604205998592391,2.6312346038686045,4.394449154672439,0.0,0.0,71.3490627,Unknown,Available,Unknown
14113,,2011-01-28,Male,4,wulumuqi,xinjiang,CN,42,2014-03-31,33,42344,12131,21401,65314,2014-03-20,12,21,98,2,0.741046789,42344,2,10.653605629355699,10.653605629355699,9.403601868808472,9.971239654586947,11.086976997920663,10.653605629355699,3.091042453358316,4.59511985013459,1.0986122886681096,1.0986122886681096,74.1046789,Unknown,Available,Available
11708,,2007-12-26,Male,5,wuhan,hubei,CN,62,2014-03-31,56,43588,17045,25980,64962,2014-03-29,3,12,51,2,0.744854222,45772,2,10.73144967661659,10.682560103927765,9.743670851082243,10.165120780630861,11.081573156035201,10.73144967661659,2.5870802744489083,3.9512437185814275,1.0986122886681096,1.0986122886681096,74.4854222,Unknown,Available,Available
24967,,2012-09-22,Male,5,wulumuqi,xinjiang,CN,43,2014-03-31,23,43787,8842,30251,59489,2014-03-29,3,25,98,0,0.813347173,44287,1,10.698469038977342,10.687115086224448,9.087381464575735,10.31731757697592,10.993563510181952,10.698469038977342,3.265065207268131,4.59511985013459,0.0,0.6931471805599453,81.33471730000001,Unknown,Available,Available
18693,2006-01-09,2006-02-20,Male,5,guangzhou,guangdong,CN,42,2014-03-31,65,44100,33799,16390,64116,,24,10,68,2,0.754613669,46524,5,10.747745081510452,10.694237736914808,10.42821608147111,9.70448768268936,11.06846481835507,10.747745081510452,2.4822990863809196,4.23410650459726,1.0986122886681096,1.791759469228055,75.4613669,Available,Available,Unknown
53805,,2009-06-24,Female,5,dalian,liaoning,CN,46,2014-03-31,50,39774,21512,19807,61194,2014-03-27,5,14,90,0,0.790610681,41432,0,10.631832943746039,10.590993853205987,9.976412682550684,9.893841175484322,11.02182076581644,10.631832943746039,2.7571642518623363,4.51085950651685,0.0,0.0,79.0610681,Unknown,Available,Available
43113,,2012-12-16,Female,4,MONTROUGE,MONTROUGE,FR,58,2014-03-31,7,26572,8500,13350,70952,,24,74,154,0,0.681428571,26572,0,10.187650941676283,10.187650941676283,9.04793908261736,9.499346567390095,11.169772964992372,10.187650941676283,3.861673167219153,5.043425116919247,0.0,0.0,68.1428571,Unknown,Available,Unknown
3099,,2006-04-22,Male,4,beijing,beijing,CN,49,2014-03-31,26,42899,20462,21119,61174,2014-03-21,11,23,124,1,0.790264982,45363,2,10.72247411793522,10.666627104916108,9.926373656322829,9.957975737820197,11.021493888310873,10.72247411793522,3.205993199037187,4.8283137373023015,0.6931471805599453,1.0986122886681096,79.02649819999999,Unknown,Available,Available
18920,,2006-08-15,Male,5,shenzhen,guangdong,CN,40,2014-03-31,45,45315,18075,26983,64104,2014-03-17,15,16,105,3,0.754137651,47697,3,10.772644747276225,10.72141544999338,9.802340370531171,10.202999376741486,11.068277642986802,10.772644747276225,2.847812143477369,4.663439094112067,1.3862943611198906,1.3862943611198906,75.41376509999999,Unknown,Available,Available
36172,2011-01-04,,Male,5,guangzhou,guangdong,CN,36,2014-03-31,49,40701,24241,20640,68761,2014-03-14,18,14,126,0,0.703001265,47411,28,10.766630640199391,10.614032510272494,10.095841945030458,9.935034668034257,11.138406545752078,10.766630640199391,2.760800766487739,4.844187086458591,0.0,3.367295829986474,70.3001265,Available,Unknown,Available
17821,2007-09-12,2007-09-14,Male,6,shenyang,liaoning,CN,48,2014-03-31,45,44500,11110,31188,51003,2014-03-30,2,15,76,3,0.947583279,46838,3,10.75447146820963,10.703266939811954,9.315690887584008,10.347820747529674,10.839659340003433,10.75447146820963,2.775425603858267,4.343805421853684,1.3862943611198906,1.3862943611198906,94.7583279,Available,Available,Available
48201,2008-09-04,,Male,6,guangzhou,guangdong,CN,43,2014-03-31,69,41741,12184,38273,62134,2014-03-16,16,9,125,0,0.777504426,51302,2,10.845504508981163,10.639263095151696,9.407960966059306,10.55252609347001,11.037064716240096,10.845504508981163,2.359743506822883,4.836281906951478,0.0,1.0986122886681096,77.7504426,Available,Unknown,Available
59137,2012-05-11,2012-06-21,Male,4,SHIWA-GUN,IWATE-KEN,JP,41,2014-03-31,19,45768,26147,24225,59514,2014-03-13,19,35,145,0,0.811631885,50462,2,10.828995673459891,10.731362285036713,10.17152798473262,10.095181715576748,10.99398366060198,10.828995673459891,3.5850609589311917,4.983606621708336,0.0,1.0986122886681096,81.1631885,Available,Available,Available
15200,,2012-02-20,Male,5,xiningshi,qinghai,CN,49,2014-03-31,45,35781,20192,21979,72007,2014-03-17,15,15,127,1,0.670756176,36831,2,10.514122311521609,10.485200252649769,9.913091288678823,9.997888227957612,11.184532502936921,10.514122311521609,2.808854900169381,4.852030263919617,0.6931471805599453,1.0986122886681096,67.0756176,Unknown,Available,Available
16719,,2010-04-23,Male,4,shanghai,shanghai,CN,48,2014-03-31,34,43234,31685,6698,36623,,88,19,95,8,1.318610436,82167,43,11.31652121084564,10.674405631394531,10.363630221934988,9.077809308899132,10.508459042192348,11.31652121084564,3.0167225492381116,4.564348191467836,2.1972245773362196,3.784189633918261,131.8610436,Unknown,Available,Unknown
25887,,2010-05-25,Male,5,dalian,liaoning,CN,39,2014-03-31,65,41401,21590,22483,59156,2014-03-28,4,11,57,1,0.816271553,56916,34,10.949349345263151,10.6310844678253,9.980031840175913,10.020559224121966,10.987950205599796,10.949349345263151,2.5080737090695346,4.060443010546419,0.6931471805599453,3.5553480614894135,81.6271553,Unknown,Available,Available
49402,2009-07-01,,Male,4,suzhou,jiangsu,CN,38,2014-03-31,40,41729,20889,6308,53773,2014-03-31,1,18,250,2,0.897889833,43329,4,10.676600514733956,10.638975573585599,9.947025854550612,9.077809308899132,10.892545357961163,10.676600514733956,2.9565115603607097,5.5254529391317835,1.0986122886681096,1.6094379124341003,89.7889833,Available,Unknown,Available
2642,,2007-09-13,Female,4,shenzhen,guangdong,CN,36,2014-03-31,32,42003,16405,24679,64320,2013-12-14,109,18,94,3,0.750494403,53683,17,10.890870284517696,10.645520130825885,9.705402400562695,10.113748478019325,11.071641450995672,10.890870284517696,2.9695869935655628,4.553876891600541,1.3862943611198906,2.8903717578961645,75.0494403,Unknown,Available,Available
21488,2008-07-03,,Male,4,nanhai,guangdong,CN,40,2014-03-31,43,39646,19173,24278,69652,2014-03-29,3,17,83,1,0.692856487,40852,1,10.617735537004092,10.587770562157601,9.861310473636943,10.097367058163812,11.151281050785743,10.617735537004092,2.9035125515616618,4.430816798843313,0.6931471805599453,0.6931471805599453,69.2856487,Available,Unknown,Available
11363,2005-11-10,2005-12-31,Male,5,shenzhen,guangdong,CN,52,2014-03-31,28,43083,8370,21742,39647,2014-03-18,14,25,88,3,1.217062073,48309,6,10.785393857548453,10.670906977470661,9.032528630660057,9.987047145635058,10.587795784428868,10.785393857548453,3.2764456766337346,4.48863636973214,1.3862943611198906,1.9459101490553132,121.70620729999999,Available,Available,Available
39248,,2009-02-13,Male,5,guangzhou,guangdong,CN,35,2014-03-31,48,39582,24250,20408,75725,,60,14,100,2,0.637128161,40831,5,10.617221366704461,10.58615501214069,10.096213132628804,9.92373125901317,11.234876841486686,10.617221366704461,2.717930309687872,4.61512051684126,1.0986122886681096,1.791759469228055,63.712816100000005,Unknown,Available,Unknown
4429,2009-12-06,2010-08-22,Female,4,guangzhou,guangzhou,CN,31,2014-03-31,9,45399,19500,11510,57146,,178,36,104,0,0.844156546,45399,0,10.72326738402944,10.72326738402944,9.87822102528824,9.351058378915063,10.953382174406809,10.72326738402944,3.6142905971228636,4.653960350157523,0.0,0.0,84.4156546,Available,Available,Unknown
56844,,2007-09-28,Male,4,guangzhou,guangdong,CN,43,2014-03-31,36,44790,28775,14612,58805,,141,16,81,2,0.819984355,44790,2,10.70976250536426,10.70976250536426,10.26729698537546,9.589666822474653,10.981999169497234,10.70976250536426,2.8548268203945164,4.406719247264253,1.0986122886681096,1.0986122886681096,81.9984355,Unknown,Available,Unknown
14471,2012-02-11,2012-02-24,Male,5,changsha,hunan,CN,35,2014-03-31,55,39310,22134,17740,65570,,26,13,64,1,0.735326674,40680,1,10.61351643196459,10.579259656911983,10.004915345166241,9.783633624060649,11.090888804018297,10.61351643196459,2.641699339289179,4.174387269895637,0.6931471805599453,0.6931471805599453,73.5326674,Available,Available,Unknown
36544,,2005-12-27,Male,6,guangzhou,guangdong,CN,33,2014-03-31,67,38388,26244,21930,67543,2014-03-28,4,10,45,5,0.713548406,41472,9,10.632797892075562,10.55552623920546,10.1752307736864,9.995656440007505,11.120534516349336,10.632797892075562,2.459329808257418,3.828641396489095,1.791759469228055,2.302585092994046,71.3548406,Unknown,Available,Available
32174,2011-04-06,,Male,4,Unknown,beijing,CN,43,2014-03-31,19,34570,16050,8972,93742,2014-03-24,8,31,181,0,0.514123659,34570,0,10.450770459312455,10.450770459312455,9.683526431913219,9.101975347298058,11.448312274378296,10.450770459312455,3.4726563455753348,5.204006687076795,0.0,0.0,51.4123659,Available,Unknown,Available
8955,2008-02-07,2009-12-26,Male,5,.,beijing,CN,49,2014-03-31,31,43655,21583,26330,33279,,22,21,62,0,1.447885153,44820,1,10.710432058574115,10.684096008866067,9.979707578447536,10.178502231260227,10.478804808879547,10.710432058574115,3.134043889496641,4.143134726391533,0.0,0.6931471805599453,144.7885153,Available,Available,Unknown
2838,2009-01-03,2009-01-27,Male,4,SYDNEY,N.S.W,AU,46,2014-03-31,12,58937,36000,15782,50418,,204,37,137,5,0.955632909,61353,7,11.024415647687652,10.984241322902925,10.491301994830229,9.666688690398917,10.828123367145782,11.024415647687652,3.6612279228067908,4.927253685157205,1.791759469228055,2.0794415416798357,95.5632909,Available,Available,Unknown
62619,,2007-07-18,Male,5,dalianshi,liaoning,CN,43,2014-03-31,67,45681,18939,25557,54114,2014-03-28,4,10,60,0,0.890336697,48642,2,10.79226319236964,10.729459626208579,9.84903136674007,10.148705658168648,10.898866690729246,10.79226319236964,2.482378203459958,4.110873864173311,0.0,1.0986122886681096,89.03366969999999,Unknown,Available,Available
1758,2012-08-03,2012-08-19,Male,4,nanning,guangxi,CN,44,2014-03-31,45,37784,25545,18320,66367,2014-03-23,9,13,83,1,0.725955821,37784,1,10.53966747745482,10.53966747745482,10.148236027602723,9.815803221891244,11.1029702915892,10.53966747745482,2.6551607373735306,4.430816798843313,0.6931471805599453,0.6931471805599453,72.5955821,Available,Available,Available
35961,2008-03-04,,Male,4,wulumuqi,xinjiang,CN,55,2014-03-31,17,40326,24320,15518,50436,2014-02-28,33,41,156,1,0.955150289,42790,2,10.664083079084039,10.604776498787697,10.099095453655817,9.649820358671624,10.828480311704183,10.664083079084039,3.7509735839097313,5.056245805348308,0.6931471805599453,1.0986122886681096,95.5150289,Available,Unknown,Available
56211,2005-04-06,2005-05-14,Male,5,guangzhou,guangdong,CN,45,2014-03-31,47,41622,26073,17738,61770,,28,15,64,0,0.779862231,49338,6,10.806470122346544,10.636408178080352,10.168693928222725,9.78352088448894,11.031189277647456,10.806470122346544,2.784742821648854,4.174387269895637,0.0,1.9459101490553132,77.98622309999999,Available,Available,Unknown
14985,2013-02-11,,Female,5,guangzhou,guangdong,CN,43,2014-03-31,9,24123,9600,7546,66125,2014-03-21,11,50,208,0,0.72832983,24123,0,10.090962474570878,10.090962474570878,9.169622538697624,9.077809308899132,11.099317291919597,10.090962474570878,3.861673167219153,5.342334251964811,0.0,0.0,72.832983,Available,Unknown,Available
21509,2008-08-09,2010-08-20,Male,5,guangzhou,guangdong,CN,32,2014-03-31,52,41019,28026,16797,67226,2014-03-15,17,13,120,3,0.716286556,45790,5,10.731842844242117,10.621815031626372,10.24092361024682,9.729015110685573,11.11583023153126,10.731842844242117,2.7067421566516185,4.795790545596741,1.3862943611198906,1.791759469228055,71.6286556,Available,Available,Available
61454,2006-11-07,,Male,6,Unknown,beijing,CN,53,2014-03-31,29,47924,14496,26476,43790,2014-03-16,16,25,85,1,1.099567024,57533,5,10.960131356381737,10.777392567913845,9.581697010450897,10.184031710581442,10.687183595798688,10.960131356381737,3.266304518275824,4.454347296253507,0.6931471805599453,1.791759469228055,109.9567024,Available,Unknown,Available
45627,,2006-02-14,Male,5,.,beijing,CN,49,2014-03-31,40,45620,24328,22779,47184,2014-03-20,12,14,94,4,1.020103849,48350,6,10.786242183190828,10.728123415808568,10.099424333412122,10.033638237001172,10.761831324455434,10.786242183190828,2.7515353132547147,4.553876891600541,1.6094379124341003,1.9459101490553132,102.0103849,Unknown,Available,Available
38008,2004-12-04,2005-02-27,Male,4,guangzhoushi,guangdongsheng,CN,42,2014-03-31,53,39096,22103,19867,78602,2014-03-28,4,13,40,1,0.612289891,45404,19,10.723377510123928,10.57380101668713,10.003513866603253,9.896865676227241,11.272165145627852,10.723377510123928,2.699035330316473,3.713572066704308,0.6931471805599453,2.995732273553991,61.2289891,Available,Available,Available
54021,2008-01-07,2008-10-22,Male,4,wulumuqi,xinjiang,CN,50,2014-03-31,29,39573,17633,20660,68816,2014-03-26,6,24,115,2,0.698824401,42037,3,10.646329250119924,10.585927615952386,9.777584135646972,9.936003144212808,11.139206086422238,10.646329250119924,3.2358734012929515,4.7535901911063645,1.0986122886681096,1.3862943611198906,69.8824401,Available,Available,Available
29450,,2007-07-13,Male,4,TAHARA,NAGOYA,JP,58,2014-03-31,26,34995,21370,26093,65327,,21,24,181,0,0.736086764,35695,1,10.482793916672314,10.462989048226156,9.969790141790192,10.169460681825694,11.087176013559358,10.482793916672314,3.250374491927572,5.204006687076795,0.0,0.6931471805599453,73.6086764,Unknown,Available,Unknown
51856,,2012-08-14,Male,5,guangzhoushihaizhuqu,guangdong,CN,28,2014-03-31,39,43086,12981,26219,64767,2014-02-15,46,14,45,1,0.74243658,58678,20,10.97983719053025,10.670976606464201,9.471319061593414,10.174277757317691,11.078566933207084,10.97983719053025,2.7391407881382275,3.828641396489095,0.6931471805599453,3.044522437723423,74.243658,Unknown,Available,Available
10545,,2011-09-24,Male,4,guangzhou,guangdong,CN,29,2014-03-31,40,40634,27158,16844,65110,2014-03-18,14,18,99,0,0.738475196,42234,2,10.651004540161598,10.612385043187306,10.20946376214355,9.731809155840653,11.083848784736833,10.651004540161598,2.948479388864736,4.605170185988092,0.0,1.0986122886681096,73.8475196,Unknown,Available,Available
6205,2012-02-08,,Female,5,HO CHI MINH,HO CHI MINH,VN,46,2014-03-31,66,25052,6092,33668,112328,2014-03-22,10,9,91,0,0.427987679,28223,1,10.247927958806518,10.12874885982134,8.856572917341328,10.424332811684366,11.629187344254673,10.247927958806518,2.372398140857713,4.5217885770490405,0.0,0.6931471805599453,42.7987679,Available,Unknown,Available
55978,,,Male,4,changchunshi,jilin,CN,38,2014-03-31,49,43648,13790,24308,60629,,122,6,39,6,0.792634713,49238,11,10.804441271400044,10.683935651497876,9.531771484474337,10.098601931128835,11.012545099065777,10.804441271400044,2.068970241854646,3.6888794541139363,1.9459101490553132,2.4849066497880004,79.26347129999999,Unknown,Unknown,Unknown
20482,2005-12-01,,Male,5,wuhan,hubei,CN,72,2014-03-31,59,44655,23683,22131,62121,2014-03-28,4,12,48,3,0.773296631,47140,3,10.760898389671993,10.706743955776103,10.072554993651666,10.004779804018,11.036855472494512,10.760898389671993,2.601411729947741,3.8918202981106265,1.3862943611198906,1.3862943611198906,77.3296631,Available,Unknown,Available
35607,,2006-11-27,Male,5,Unknown,beijing,CN,42,2014-03-31,51,45944,16320,28405,50637,,56,12,77,1,0.948414006,47677,1,10.772225354550736,10.735200307934985,9.700207901150696,10.254355669441074,10.832457561567356,10.772225354550736,2.569554123848285,4.356708826689592,0.6931471805599453,0.6931471805599453,94.8414006,Unknown,Available,Unknown
35784,2008-03-03,,Male,5,foshanshi,guangdongsheng,CN,39,2014-03-31,39,35836,9958,31554,74850,2014-03-31,1,18,159,1,0.641605878,35836,1,10.486736158228235,10.486736158228235,9.20623194393164,10.35948733401834,11.22325474981197,10.486736158228235,2.990455216347327,5.075173815233827,0.6931471805599453,0.6931471805599453,64.1605878,Available,Unknown,Available
46796,,2012-04-23,Male,4,changji,xinjiang,CN,34,2014-03-31,36,34854,23733,14801,90193,2014-02-14,47,18,60,1,0.532407947,36742,3,10.511703010307613,10.4589518779205,10.074663898225085,9.602517585757411,11.409718184991231,10.511703010307613,2.9914373490559023,4.110873864173311,0.6931471805599453,1.3862943611198906,53.2407947,Unknown,Available,Available
49936,2010-11-11,,Male,4,dongguanshi,guangdong,CN,54,2014-03-31,22,50188,27996,30394,58776,,83,28,124,0,0.816712774,58628,13,10.978984733698187,10.82355115816278,10.239852640559992,10.322033400182823,10.981505900902489,10.978984733698187,3.3900240811763895,4.8283137373023015,0.0,2.639057329615259,81.6712774,Available,Unknown,Unknown
14191,2012-07-08,,Male,4,SUZUKA-SHI,MIE-KEN,JP,68,2014-03-31,23,48323,21355,31744,60789,2014-03-16,16,26,80,0,0.789565217,56789,8,10.947115532871479,10.785683610639454,9.969088009620076,10.36549051160455,11.015180580742769,10.947115532871479,3.3305798142856005,4.394449154672439,0.0,2.1972245773362196,78.95652170000001,Available,Unknown,Available
17173,2012-07-11,,Male,5,shenyang,liaoning,CN,32,2014-03-31,57,43724,9581,34813,73958,,22,10,80,0,0.648521188,49496,1,10.809667340659555,10.685675299886803,9.167641617443067,10.457774883712654,11.211266164587588,10.809667340659555,2.4729304589822485,4.394449154672439,0.0,0.6931471805599453,64.8521188,Available,Unknown,Unknown
41481,,2011-12-19,Male,4,shenzhen,guangdong,CN,41,2014-03-31,30,48804,19076,22122,61336,2014-03-21,11,24,81,0,0.781273314,96304,2,11.475275517518323,10.795588045609065,9.856238699935517,10.004373070309986,11.0241385287448,11.475275517518323,3.224377901843858,4.406719247264253,0.0,1.0986122886681096,78.1273314,Unknown,Available,Available
17460,2011-02-07,2011-04-18,Male,4,wulumuqi,xinjiang,CN,46,2014-03-31,20,36725,21524,7526,61770,,112,30,144,0,0.775476121,40184,1,10.60124907064682,10.511240230079125,9.97697032929593,9.077809308899132,11.031189277647456,10.60124907064682,3.44747813417591,4.976733742420574,0.0,0.6931471805599453,77.5476121,Available,Available,Unknown
850,,2006-10-16,Female,4,guangzhou,guangdong,CN,31,2014-03-31,9,51385,13648,7600,57245,,244,49,108,0,0.836728099,51385,0,10.84712104080199,10.84712104080199,9.521421537856195,9.077809308899132,10.9551130499799,10.84712104080199,3.861673167219153,4.6913478822291435,0.0,0.0,83.6728099,Unknown,Available,Unknown
18028,2006-06-01,2006-08-18,Male,5,shenyangshi,liaoning,CN,42,2014-03-31,49,44607,19051,24792,60047,,58,12,78,5,0.797296951,52805,11,10.874380099601867,10.705668494120196,9.854927361920751,10.118316634246252,11.002899521374802,10.874380099601867,2.6057713522279458,4.3694478524670215,1.791759469228055,2.4849066497880004,79.7296951,Available,Available,Unknown
2016,2004-12-01,2005-01-13,Male,5,guangzhoushi,guangdongsheng,CN,48,2014-03-31,62,40448,22948,25844,66309,2014-03-20,12,11,68,0,0.721804431,42404,0,10.6550215587958,10.607797200302183,10.041029641554612,10.15987243763014,11.102095994362914,10.6550215587958,2.534217105566403,4.23410650459726,0.0,0.0,72.1804431,Available,Available,Available
12591,,2009-07-27,Female,4,shenzhen,guangdong,CN,40,2014-03-31,34,40345,17925,18944,66083,2014-02-20,41,20,93,2,0.724151749,44196,17,10.696412192459125,10.605247536194296,9.794007451917308,9.8492953234527,11.098681939050481,10.696412192459125,3.0517115412242592,4.543294782270004,1.0986122886681096,2.8903717578961645,72.4151749,Unknown,Available,Available
56206,2005-04-03,,Female,5,shunde,guangdong,CN,37,2014-03-31,35,43645,6335,23847,65727,2014-03-20,12,20,91,4,0.728040683,52040,17,10.859787148429518,10.683866919038945,8.856572917341328,10.079455635357908,11.09328029328823,10.859787148429518,3.084335520263105,4.5217885770490405,1.6094379124341003,2.8903717578961645,72.8040683,Available,Unknown,Available
45015,2008-02-01,2008-04-16,Male,4,wulumuqi,xinjiang,CN,49,2014-03-31,33,40284,20275,18805,59608,,32,21,169,0,0.802731513,40784,1,10.616069645734681,10.603734470211297,9.91719319959224,9.841931246837023,10.995561848364485,10.616069645734681,3.106546639894281,5.135798437050262,0.0,0.6931471805599453,80.2731513,Available,Available,Unknown
51544,2012-07-08,2012-07-18,Male,5,guangzhou,guangdong,CN,37,2014-03-31,73,40796,21016,28961,66134,2014-03-20,12,8,43,3,0.723123658,48020,6,10.779393694214807,10.616363828277068,9.953086913027413,10.273739904888547,11.099453386460148,10.779393694214807,2.2498287405430215,3.784189633918261,1.3862943611198906,1.9459101490553132,72.3123658,Available,Available,Available
39417,,2008-07-29,Male,4,guangzhou,guangdong,CN,43,2014-03-31,7,45323,8300,10535,68035,2014-02-26,35,88,207,1,0.702750937,83106,11,11.327884213156308,10.721591972500457,9.024131268455035,9.262553243423117,11.127792255833983,11.327884213156308,3.861673167219153,5.337538079701318,0.6931471805599453,2.4849066497880004,70.2750937,Unknown,Available,Available
51113,,2011-11-13,Male,4,huizhou,guangdong,CN,50,2014-03-31,36,36604,12025,25665,67741,2014-03-19,13,19,109,0,0.705557196,38596,1,10.560929832225296,10.507940122080743,9.394826251599515,10.152922437804406,11.123461650589004,10.560929832225296,3.004267175933007,4.700480365792417,0.0,0.6931471805599453,70.5557196,Unknown,Available,Available
23225,,2011-02-21,Male,6,dongguanshi,guangdong,CN,49,2014-03-31,59,42397,20263,26112,66953,2014-03-28,4,11,74,1,0.713847475,66081,34,11.098651674080669,10.654856470296197,9.916601191681512,10.170188553599166,11.111761095413756,11.098651674080669,2.5569599671072023,4.31748811353631,0.6931471805599453,3.5553480614894135,71.3847475,Unknown,Available,Available
13859,,2010-11-26,Male,4,anshan,liaoning,CN,42,2014-03-31,34,39553,22148,16929,60529,,26,21,130,2,0.789585653,41645,14,10.636960604567639,10.585422105881971,10.005547627727275,9.736842475127181,11.010894388885733,10.636960604567639,3.092418916053284,4.875197323201151,1.0986122886681096,2.70805020110221,78.9585653,Unknown,Available,Unknown
6328,,2012-04-15,Male,4,xining,qinghai,CN,58,2014-03-31,21,37744,27550,11091,33276,,28,34,167,0,1.435951136,37744,0,10.538608295573725,10.538608295573725,10.22379411156297,9.313979406735669,10.478804808879547,10.538608295573725,3.5681232529781366,5.123963979403259,0.0,0.0,143.5951136,Unknown,Available,Unknown
15956,,2012-09-26,Male,5,foshan,guangdong,CN,46,2014-03-31,39,40680,22050,21787,59751,2014-03-31,1,14,102,0,0.799607538,41406,0,10.631205227646237,10.61351643196459,10.001113231320568,9.989114638503565,10.997957942036903,10.631205227646237,2.7425363772072777,4.634728988229636,0.0,0.0,79.96075379999999,Unknown,Available,Available
39236,2009-07-02,,Male,4,KUSATSU,SHIGA,JP,52,2014-03-31,29,45370,24539,25675,63052,,20,24,149,2,0.757211349,49354,4,10.806794356851988,10.722628413411364,10.108059718264903,10.153311982431669,11.051730921545808,10.806794356851988,3.248434627109745,5.0106352940962555,1.0986122886681096,1.6094379124341003,75.7211349,Available,Unknown,Unknown
38515,,2009-10-22,Male,4,fugangshi,guangzhou,JP,62,2014-03-31,40,48555,45073,6633,61731,2013-04-22,345,9,51,1,0.773243589,49355,2,10.806814618018425,10.790473050017694,10.716060862578612,9.077809308899132,11.030557714020722,10.806814618018425,2.3671236141628667,3.9512437185814275,0.6931471805599453,1.0986122886681096,77.32435890000001,Unknown,Available,Available
9766,,2012-01-23,Male,6,wuhan,hubei,CN,35,2014-03-31,62,48976,15045,34923,40078,2014-03-20,12,11,58,0,1.190853336,57581,4,10.960965297845682,10.799106079140744,9.618867454120167,10.460929550930699,10.598607785347687,10.960965297845682,2.4876351648362998,4.07753744390572,0.0,1.6094379124341003,119.0853336,Unknown,Available,Available
23538,,2011-09-14,Male,5,wuhanshi,hubeisheng,CN,47,2014-03-31,47,33887,26279,17676,67120,2014-03-24,8,15,60,3,0.711044845,38777,22,10.56560835449095,10.430816248401133,10.176563472598547,9.780019638535883,11.114252239719018,10.56560835449095,2.8138454046695562,4.110873864173311,1.3862943611198906,3.1354942159291497,71.1044845,Unknown,Available,Available
53638,,2006-05-15,Male,5,changchun,jilin,CN,59,2014-03-31,40,39270,17157,22229,57032,,29,15,53,37,0.836522829,69455,46,11.148448737539375,10.578241611979182,9.75021981613291,10.009198006958242,10.951385326659736,11.148448737539375,2.77578872489058,3.9889840465642745,3.6375861597263857,3.8501476017100584,83.6522829,Unknown,Available,Unknown
29155,,2005-04-26,Male,4,guangzhou,guangdong,CN,53,2014-03-31,5,37220,6720,9800,61160,2013-09-30,184,131,325,1,0.78,37220,1,10.52462839711098,10.52462839711098,8.856572917341328,9.19023970026918,11.021265010465248,10.52462839711098,3.861673167219153,5.675121665433755,0.6931471805599453,0.6931471805599453,78.0,Unknown,Available,Available
47419,,2005-11-19,Male,4,guiyang,guizhou,CN,47,2014-03-31,32,43000,24309,16392,63441,2014-02-18,43,21,122,0,0.751885374,43500,1,10.680539205318292,10.668978650219241,10.098643067310169,9.704609693426455,11.057881381662998,10.680539205318292,3.129868321962355,4.812184355372417,0.0,0.6931471805599453,75.1885374,Unknown,Available,Available
47166,2005-03-06,,Male,4,Unknown,Unknown,CN,57,2014-03-31,43,43190,22199,21317,62025,2014-03-17,15,16,52,3,0.769031681,49990,5,10.819598268208338,10.673387419194466,10.00784756786037,9.967307065249082,11.035308930961273,10.819598268208338,2.8567438411928125,3.970291913552122,1.3862943611198906,1.791759469228055,76.9031681,Available,Unknown,Available
32533,,2011-07-28,Female,4,PARIS,paris,FR,47,2014-03-31,12,30211,6600,15998,66385,,85,29,132,0,0.718209535,30211,0,10.315994475433339,10.315994475433339,8.856572917341328,9.680281499268713,11.103241469860443,10.315994475433339,3.4132457200585695,4.890349128221754,0.0,0.0,71.8209535,Unknown,Available,Unknown
18104,2008-09-11,,Male,4,jinan,shandong,CN,35,2014-03-31,45,45626,19090,22646,49627,2014-03-22,10,16,56,3,0.960496302,64904,22,11.080679941327094,10.728254925540478,9.856972298794659,10.027782671807735,10.812310469562762,11.080679941327094,2.854378155038835,4.04305126783455,1.3862943611198906,3.1354942159291497,96.0496302,Available,Unknown,Available
