MEMBER_NO,FFP_DATE,FIRST_FLIGHT_DATE,GENDER,FFP_TIER,WORK_CITY,WORK_PROVINCE,WORK_COUNTRY,AGE,LOAD_TIME,FLIGHT_COUNT,BP_SUM,SUM_YR_1,SUM_YR_2,SEG_KM_SUM,LAST_FLIGHT_DATE,LAST_TO_END,AVG_INTERVAL,MAX_INTERVAL,EXCHANGE_COUNT,avg_discount,Points_Sum,Point_NotFlight
54993,11-02-2006,12/24/2008,Male,6,.,beijing,CN,31,3/31/2014,210,505308,239560,234188,580717,3/31/2014,1,3.483253589,18,34,0.961639043,619760,50
28065,2/19/2007,08-03-2007,Male,6,,beijing,CN,42,3/31/2014,140,362480,171483,167434,293678,3/25/2014,7,5.194244604,17,29,1.25231444,415768,33
55106,02-01-2007,8/30/2007,Male,6,.,beijing,CN,40,3/31/2014,135,351159,163618,164982,283712,3/21/2014,11,5.298507463,18,20,1.254675516,406361,26
21189,8/22/2008,8/23/2008,Male,5,Los Angeles,CA,US,64,3/31/2014,23,337314,116350,125500,281336,12/26/2013,97,27.86363636,73,11,1.090869565,372204,12
39546,04-10-2009,4/15/2009,Male,6,guiyang,guizhou,CN,48,3/31/2014,152,273844,124560,130702,309928,3/27/2014,5,4.78807947,47,27,0.970657895,338813,39
56972,02-10-2008,9/29/2009,Male,6,guangzhou,guangdong,CN,64,3/31/2014,92,313338,112364,76946,294585,1/13/2014,79,7.043956044,52,10,0.967692483,343121,15
44924,3/22/2006,3/29/2006,Male,6,wulumuqishi,xinjiang,CN,46,3/31/2014,101,248864,120500,114469,287042,3/31/2014,1,7.19,28,20,0.965346535,298873,29
22631,04-09-2010,04-09-2010,Female,6,wenzhoushi,zhejiang,CN,50,3/31/2014,73,301864,82440,114971,287230,3/29/2014,3,10.11111111,45,7,0.962070222,351198,14
32197,06-07-2011,07-01-2011,Male,5,DRANCY,,FR,50,3/31/2014,56,262958,72596,87401,321489,3/26/2014,6,13.05454545,94,5,0.828478237,295158,7
31645,07-05-2010,07-05-2010,Female,6,wenzhou,zhejiang,CN,43,3/31/2014,64,204855,85258,60267,375074,3/17/2014,15,11.33333333,73,13,0.708010153,251907,16
58877,11/18/2010,11/20/2010,Female,6,PARIS,PARIS,FR,34,3/31/2014,43,298321,69056,91581,262013,03-10-2014,22,16.83333333,95,1,0.988658044,337839,3
37994,11/13/2004,12-02-2004,Male,6,beijing,.,CN,47,3/31/2014,145,256093,92975,126821,271438,3/26/2014,6,5.027777778,42,15,0.95253487,353101,66
28012,11/23/2006,11/18/2007,Male,5,SAN MARINO,CA,US,58,3/31/2014,29,210269,44750,53977,321529,1/25/2014,67,23,112,3,0.799126984,245808,4
54943,10/25/2006,10/27/2007,Male,6,shenzhen,guangdong,CN,47,3/31/2014,118,241614,105466,119832,179514,3/29/2014,3,6.196581197,38,14,1.398381742,270704,20
57881,02-01-2010,02-01-2010,Female,6,guangzhou,guangdong,CN,45,3/31/2014,50,289917,68941,79076,270067,3/30/2014,2,14.87755102,100,9,0.921984841,328345,12
1254,3/28/2008,04-05-2008,Male,4,BOWLAND HEIGHTS,CALIFORNIA,US,63,3/31/2014,22,286164,69300,54764,234721,1/27/2014,65,31.19047619,102,6,1.026084586,310002,8
8253,7/15/2010,8/20/2010,Male,6,wulumuqi,xinjiang,CN,48,3/31/2014,101,219995,93840,93114,172231,3/25/2014,7,6.84,41,15,1.3865249,257193,22
58899,11-10-2010,2/23/2011,Female,6,PARIS,,FR,50,3/31/2014,40,249882,66239,63260,284160,2/16/2014,45,17.58974359,77,12,0.837844243,281705,13
26955,04-06-2006,2/22/2007,Male,6,wulumuqishi,xinjiang,CN,54,3/31/2014,64,215013,99735,93006,169358,3/30/2014,2,11.20634921,48,16,1.401596264,249914,23
41616,8/29/2011,10/22/2011,Male,6,dongguan,guangdong,CN,41,3/31/2014,38,191038,60930,52316,332896,03-08-2014,24,18.67567568,74,0,0.70828541,215694,3
21501,7/30/2008,11/21/2008,Male,6,.,beijing,CN,49,3/31/2014,106,220641,69566,122763,167113,3/28/2014,4,6.438095238,31,4,1.369404116,251134,9
41281,06-07-2011,06-09-2011,Male,6,VECHEL,NORD BRABANT,AN,,3/31/2014,23,255573,46800,198224,214590,3/26/2014,6,32.90909091,135,7,1.061630924,286520,9
47229,04-10-2005,04-10-2005,Male,6,guangzhou,guangdong,CN,69,3/31/2014,94,193169,59169,74497,305250,03-09-2014,23,7.47311828,42,5,0.741803833,277394,46
28474,4/13/2010,4/13/2010,Male,6,,CA,US,41,3/31/2014,20,256337,64258,59600,222380,1/18/2014,74,32.78947368,110,8,1.004904443,280760,9
58472,2/14/2010,03-01-2010,Female,5,,,FR,48,3/31/2014,44,204801,38510,75816,281837,3/15/2014,17,15.88372093,66,10,0.787308444,235939,12
13942,10/14/2010,11-01-2010,Male,6,PARIS,FRANCE,FR,39,3/31/2014,62,241719,72806,83496,243674,3/15/2014,17,11.24590164,121,7,0.902990019,274882,10
45075,02-01-2007,3/23/2007,Male,6,zhanjiang,guangdong,CN,46,3/31/2014,213,217809,136769,96568,187917,3/29/2014,3,3.433962264,37,0,1.146354614,795398,49
47114,1/15/2005,3/17/2005,Male,6,.,beijing,CN,47,3/31/2014,74,209810,101398,83139,148685,3/21/2014,11,9.493150685,51,8,1.433364428,235176,14
54619,01-07-2006,01-08-2006,Male,6,guangzhou,guangdong,CN,62,3/31/2014,101,209362,94055,107896,159129,3/14/2014,18,7.08,29,3,1.33816985,237787,11
12349,6/16/2008,6/27/2008,Male,6,shenzhen,guangdong,CN,46,3/31/2014,87,199866,83780,102594,149254,3/21/2014,11,8.26744186,36,9,1.424714581,224081,15
35883,04-11-2006,4/18/2007,Male,6,wulumuqishi,xinjiang,CN,55,3/31/2014,53,195075,96945,69814,144076,3/30/2014,2,13.46153846,61,3,1.469224298,211879,7
56091,11/25/2004,02-10-2005,Female,6,guangzhoushi,guangdongsheng,CN,46,3/31/2014,95,197222,134702,60366,149053,3/24/2014,8,7.574468085,80,8,1.414895104,212131,14
2137,04-11-2005,05-03-2005,Male,6,guangzhou,guangdong,CN,69,3/31/2014,131,199716,86875,89532,220948,3/16/2014,16,5.492307692,50,14,0.944884271,234826,20
27708,3/20/2006,3/25/2006,Male,6,shenzhen,guangdong,CN,45,3/31/2014,95,194326,96692,75484,148227,3/29/2014,3,7.712765957,37,8,1.398640194,220012,19
28014,12-01-2006,01-07-2011,Female,6,Paris,,FR,48,3/31/2014,47,218842,63100,69298,285144,3/29/2014,3,15.80434783,105,5,0.725685618,251712,7
3539,10/13/2009,10/13/2009,Male,4,UPLAND,CALIFORNIA,US,53,3/31/2014,25,228851,115502,48696,220389,12/15/2013,108,23.41666667,72,9,0.937899941,258717,10
56149,2/13/2005,03-06-2005,Male,4,fanyu,guangdong,CN,39,3/31/2014,24,228227,138960,32385,189813,2/27/2014,34,27.82608696,192,6,1.087220053,239108,10
44936,3/30/2006,05-02-2007,Male,6,wulumuqishi,xinjiang,CN,37,3/31/2014,54,183336,101235,70902,141012,11/28/2013,125,11.37735849,54,5,1.462104927,206363,11
62751,05-08-2007,08-12-2007,Male,6,beijing,beijing,CN,45,3/31/2014,166,206908,71418,112597,229303,3/31/2014,1,4.381818182,31,10,0.890172305,260880,25
40066,2/27/2009,03-04-2009,Male,6,guangzhou,guangdong,CN,63,3/31/2014,81,185232,107153,75102,140819,2/27/2014,34,8.5625,46,1,1.429179443,213436,5
18793,4/25/2006,06-02-2006,Male,6,.,beijing,CN,48,3/31/2014,98,191809,88788,85119,137876,3/30/2014,2,7.505154639,46,11,1.458541443,210435,17
13963,1/18/2011,04-03-2011,Male,6,guangzhou,guangdong,CN,63,3/31/2014,35,230527,146039,119384,201141,3/29/2014,3,21.38235294,84,13,0.998554546,254051,16
46084,01-04-2007,3/31/2007,Male,6,guangzhou,guangdong,CN,54,3/31/2014,95,190478,91729,89721,140803,3/29/2014,3,7.712765957,47,1,1.396985007,220352,21
58798,05-04-2010,5/14/2010,Male,5,guangzhou,guangdong,CN,51,3/31/2014,46,177032,53523,50287,256766,3/19/2014,13,15.88888889,54,0,0.764737193,191878,2
56089,12-04-2004,2/27/2005,Male,6,guangzhoushi,guangdongsheng,CN,49,3/31/2014,54,208801,99145,84348,160825,2/23/2014,38,13.05660377,52,0,1.20853437,230772,4
58693,12-11-2010,08-06-2011,Male,6,PARIS,,FR,39,3/31/2014,21,219390,54900,63000,185493,03-10-2014,22,34.9,154,4,1.029507529,237893,5
28780,7/13/2012,7/13/2012,Male,6,guangzhou,guangdong,CN,47,3/31/2014,110,190726,75354,103498,187588,3/31/2014,1,5.752293578,39,5,1.015978367,227957,11
27836,7/16/2006,8/18/2006,Male,6,.,beijing,CN,59,3/31/2014,134,181303,106902,72650,140356,3/25/2014,7,5.428571429,37,9,1.356053179,200953,15
38073,1/26/2005,03-01-2005,Male,6,changsha,hunan,CN,76,3/31/2014,107,181982,81623,80541,135811,3/30/2014,2,6.839622642,30,2,1.398992423,205938,9
22629,7/15/2010,7/15/2010,Male,5,SUMIDA-KU,TOKYO-TO,JP,49,3/31/2014,70,195866,181233,27525,219282,06-02-2013,304,6.028985507,32,8,0.863479447,199386,9
12326,5/21/2008,06-12-2008,Male,6,.,beijing,CN,40,3/31/2014,189,181836,74201,104344,235687,3/31/2014,1,3.872340426,20,5,0.802633323,262134,56
24222,01-08-2012,2/23/2012,Male,6,guangzhou,guangdong,CN,51,3/31/2014,87,186523,80624,91862,132283,3/28/2014,4,8.418604651,44,3,1.425177007,206809,7
916,11/18/2006,06-01-2007,Male,6,fanyu,guangdong,CN,46,3/31/2014,29,192450,59672,56764,211369,3/21/2014,11,25.67857143,131,7,0.888869986,226692,10
45008,12-10-2007,12-10-2007,Male,5,wulumuqi,xinjiang,CN,54,3/31/2014,48,166322,45881,92675,130135,3/31/2014,1,15.14893617,61,3,1.408197795,195368,10
11523,07-06-2007,7/17/2007,Male,6,shenzhen,guangdong,CN,49,3/31/2014,68,175383,62056,93021,135374,3/31/2014,1,10.46268657,39,2,1.349375212,201197,11
56088,12-03-2004,1/13/2005,Male,6,guangzhou,guangdong,CN,41,3/31/2014,111,184392,67261,62413,216560,3/28/2014,4,6.590909091,39,19,0.828452854,272042,100
56573,11/26/2007,12/14/2007,Female,6,guangzhou,guangdong,CN,38,3/31/2014,69,163542,65014,91429,131660,03-10-2014,22,9.676470588,77,6,1.354943567,199477,39
38883,02-02-2008,02-02-2008,Male,6,guangzhou,guangdong,CN,48,3/31/2014,126,172529,83906,87043,204371,3/28/2014,4,5.704,33,2,0.867522349,234654,13
38035,12/28/2004,05-11-2005,Male,6,shenzhen,guangdongsheng,CN,42,3/31/2014,55,163139,53027,86719,153868,3/17/2014,15,13.16666667,59,0,1.146000598,177562,5
11034,1/26/2005,03-09-2005,Male,5,beijing,.,CN,59,3/31/2014,76,155120,53644,85537,214921,03-11-2014,21,9.133333333,34,5,0.819187329,190530,13
47143,2/17/2005,2/17/2005,Male,6,.,beijing,CN,48,3/31/2014,68,165817,78610,74530,127335,3/17/2014,15,10.52238806,60,3,1.380410335,186501,9
29033,11/19/2004,11/19/2004,Male,6,HK,HK,HK,60,3/31/2014,77,169956,60120,91155,136121,3/31/2014,1,9.552631579,55,4,1.288018381,195217,7
16812,06-09-2010,6/27/2010,Male,6,PUCHONG,Selangor Darul Ehsan,MY,52,3/31/2014,84,182039,69796,118928,186821,3/26/2014,6,8.734939759,69,1,0.938031056,204668,2
5241,5/14/2011,5/14/2011,Male,6,hangzhoushi,zhejiang,CN,31,3/31/2014,96,165370,78243,65025,204612,3/18/2014,14,7.294736842,55,12,0.848239546,259585,81
49208,5/28/2010,10/16/2010,Male,6,beijing,beijing,CN,44,3/31/2014,30,188887,41590,81104,164001,3/24/2014,8,23.34482759,128,2,1.057257212,219035,16
38241,8/13/2005,8/14/2005,Male,6,guangzhou,guangdong,CN,53,3/31/2014,85,179574,101471,66947,121097,3/13/2014,19,8.333333333,34,8,1.426106262,195796,15
38456,11/15/2007,11/16/2007,Male,5,TORRANCE,CALIFORNIA,US,39,3/31/2014,32,188209,77606,63733,182563,01-04-2014,88,18.58064516,127,8,0.944650121,206462,11
44377,07-10-2010,7/13/2010,Male,5,chengdu,sichuan,CN,53,3/31/2014,34,183443,69213,49135,170121,3/13/2014,19,21.57575758,90,10,1.013669976,201302,13
49737,10/30/2010,10/31/2010,Male,6,shishi,fujian,CN,30,3/31/2014,197,99590,113295,41200,275800,3/31/2014,1,3.714285714,28,0,0.620507614,134178,3
47919,12/14/2008,5/20/2010,Female,6,,VIC,AU,43,3/31/2014,30,198230,80383,91978,184194,3/25/2014,7,24.44827586,92,3,0.928504294,212047,3
23528,8/15/2012,8/15/2012,Male,6,LOS ANGELES,CA,US,33,3/31/2014,18,161279,19100,46215,209911,1/30/2014,62,31.35294118,141,2,0.811871079,182497,2
58088,10/19/2009,10/22/2009,Male,6,shenzhen,guangdong,CN,55,3/31/2014,64,179686,50385,115130,137636,3/13/2014,19,11.12698413,47,9,1.236256939,202596,14
51079,12/21/2011,12/21/2011,Male,6,shanghai,shanghai,CN,37,3/31/2014,149,141827,21251,45091,219108,3/28/2014,4,4.885135135,28,4,0.774487057,170799,8
19420,11/18/2007,8/23/2011,Male,6,changshashi,hunan,CN,47,3/31/2014,61,155772,36108,90487,143186,3/19/2014,13,11.93333333,56,3,1.183962818,170871,5
58753,10/13/2010,6/24/2012,Male,5,PARIS,PARIS,FR,28,3/31/2014,36,160297,34341,54825,209839,2/25/2014,36,17.45714286,94,2,0.806177069,181775,4
13517,8/14/2010,12/29/2010,Female,6,PARIS,PARIS,FR,45,3/31/2014,22,187933,24615,105814,170406,03-10-2014,22,32.66666667,133,0,0.992454374,208960,1
56048,3/15/2013,3/17/2013,Male,6,Haarlem,Noord-Holland,NL,46,3/31/2014,23,193780,18062,89648,169224,03-03-2014,29,16,71,1,0.995539285,220828,3
50434,06-09-2011,6/22/2011,Male,4,LOS ANGELES,,US,44,3/31/2014,16,196213,37800,54093,163191,3/14/2014,18,45,193,3,1.019520072,206055,4
13869,10/26/2010,10/27/2010,Male,6,zhanjiang,guangdong,CN,42,3/31/2014,102,166991,79538,108837,140220,3/24/2014,8,7.00990099,42,1,1.179368992,258781,36
47432,10/21/2005,2/21/2006,Male,5,guangzhou,guangdong,CN,47,3/31/2014,81,167849,90030,51276,159255,3/26/2014,6,9.0375,45,20,1.034587737,224076,64
60658,6/29/2012,6/29/2012,Female,6,MANTES LA VILLE,FR,FR,37,3/31/2014,30,148518,23000,61855,208687,3/26/2014,6,21.93103448,130,4,0.782406571,177837,5
9744,7/13/2006,07-11-2008,Male,5,.,beijing,CN,53,3/31/2014,127,168079,64222,95061,170611,3/20/2014,12,5.492063492,54,7,0.956332827,210483,25
18111,9/19/2008,9/19/2008,Male,6,wulumuqi,xinjiang,CN,44,3/31/2014,56,149456,44503,78197,116728,3/30/2014,2,11.47272727,68,5,1.394863786,164783,8
42444,4/25/2012,5/18/2012,Male,6,dongguan,guangdong,CN,67,3/31/2014,79,116059,77755,107694,208797,3/31/2014,1,8.756410256,32,2,0.777341772,154520,24
11055,2/17/2005,03-08-2005,Male,6,yangjiang,guangdong,CN,47,3/31/2014,97,152555,55464,88679,155881,3/23/2014,9,7.520833333,46,3,1.036667137,210280,51
47107,11/18/2004,11/18/2004,Female,6,shenzhen,guangdong,CN,57,3/31/2014,158,142626,73605,72492,205159,3/30/2014,2,4.624203822,25,3,0.784701427,167943,6
62880,05-08-2006,1/16/2009,Male,6,fuzhou,fujian,CN,55,3/31/2014,64,144803,33780,66940,115300,3/25/2014,7,11.33333333,54,0,1.391299306,177907,9
49441,07-03-2010,07-03-2010,Male,6,shenzhenshi,guangdong,CN,47,3/31/2014,51,162790,65145,51533,137500,3/19/2014,13,14.14,79,1,1.165835855,175423,8
20569,6/28/2007,03-12-2010,Female,6,zhongqing,zhongqing,CN,35,3/31/2014,29,181871,52395,48737,157056,11-09-2013,144,19.96428571,81,6,1.017859044,196377,13
47687,10-05-2007,10/25/2007,Male,6,guangzhou,guangdong,CN,70,3/31/2014,69,153766,71749,70946,114077,3/31/2014,1,10.5,109,10,1.387490292,171652,15
37305,6/13/2008,6/13/2008,Male,6,guangzhou,guangdong,CN,40,3/31/2014,88,150790,37667,109401,122619,3/17/2014,15,8.091954023,90,6,1.281481989,203485,15
58189,1/31/2011,1/31/2011,Male,6,nanning,guangxi,CN,54,3/31/2014,42,178832,23150,65152,162453,3/17/2014,15,15.65853659,136,4,0.966069448,198945,8
25857,1/26/2007,1/26/2007,Male,6,.,beijing,CN,43,3/31/2014,129,150057,85135,71385,109813,3/22/2014,10,5.5859375,17,8,1.429138536,209250,40
951,11/28/2006,11/28/2006,Male,6,.,beijing,CN,46,3/31/2014,67,148491,71181,71769,123464,3/18/2014,14,10.51515152,51,0,1.265322199,167126,5
4178,4/13/2010,2/21/2013,Male,5,SIPASDENA,CA91030,US,41,3/31/2014,12,181452,12500,110100,146784,02-08-2014,53,32,53,0,1.059166667,208118,2
2010,11/26/2004,2/13/2005,Male,6,guangzhoushi,guangdong,CN,40,3/31/2014,100,156294,64331,72891,162250,3/28/2014,4,7.323232323,27,2,0.952273652,234787,68
38290,9/23/2005,5/17/2006,Male,6,guangzhou,guangdong,CN,66,3/31/2014,69,148405,78724,56434,118726,3/21/2014,11,10.57352941,46,14,1.297050351,189498,47
57622,4/14/2011,4/14/2011,Male,6,Zwijndrecht,ZUID HOLLAND,NL,55,3/31/2014,17,157540,188926,174895,125349,2/27/2014,34,36.375,73,2,1.226505277,166984,3
2001,11-11-2004,11/27/2004,Female,6,guangzhoushi,guangdongsheng,CN,39,3/31/2014,12,181452,75100,53500,146784,3/23/2014,9,65.09090909,136,2,1.046666667,195408,6
60311,4/27/2012,5/18/2012,Male,6,xianggang,xianggang,HK,49,3/31/2014,54,135157,101923,71157,144562,3/28/2014,4,12.83018868,72,0,1.053910364,138647,0
36030,7/28/2008,7/28/2008,Male,6,zhuhai,guangdong,CN,51,3/31/2014,79,144647,74245,66353,123985,03-11-2014,21,9.076923077,48,7,1.228445376,214323,48
35766,09-08-2008,09-08-2008,Male,6,changchun,jilin,CN,56,3/31/2014,87,138406,69765,69062,105119,3/27/2014,5,8.38372093,36,9,1.445489778,155309,13
33319,4/28/2012,4/28/2012,Male,5,wulumuqi,xinjiang,CN,41,3/31/2014,53,128965,76881,51012,144682,3/15/2014,17,13.21153846,81,12,1.046215562,143172,18
55096,01-03-2007,03-06-2007,Male,6,zhongshan,guangdong,CN,47,3/31/2014,92,139459,73350,66291,134823,3/15/2014,17,7.824175824,36,13,1.118316089,213043,41
30681,5/26/2010,11-05-2010,Male,6,,,JP,55,3/31/2014,48,168825,96104,95788,150537,3/21/2014,11,14.91489362,70,5,1.001144569,220976,16
17837,10/22/2005,10/22/2005,Male,6,changchun,jilin,CN,48,3/31/2014,90,137685,68430,68978,108184,3/29/2014,3,8.112359551,51,6,1.390945611,154547,11
3872,1/18/2009,6/26/2009,Male,6,xianggang,xianggang,HK,61,3/31/2014,56,138314,59951,66704,104663,3/23/2014,9,12.90909091,82,0,1.435274261,150939,3
56201,04-05-2005,5/20/2005,Male,6,guangzhoushi,guangdong,CN,36,3/31/2014,146,140996,71300,68443,191328,3/28/2014,4,4.979310345,33,8,0.783239829,181374,17
4468,9/14/2011,9/16/2011,Female,6,ANDE,ANDE,FR,33,3/31/2014,35,151293,53356,39002,167150,3/17/2014,15,21.05882353,192,0,0.894261083,151293,0
32602,10-09-2011,10-09-2011,Male,6,Glendale,CA,US,55,3/31/2014,33,160926,72497,5665,174046,1/29/2014,63,20.40625,108,3,0.85318887,164243,5
11277,8/26/2005,10/29/2005,Male,6,shenzhen,guangdong,CN,45,3/31/2014,142,138626,54428,80511,177357,3/25/2014,7,5.113475177,35,7,0.835532119,172256,13
45117,11/17/2010,02-06-2011,Male,6,Suwanee,GA,US,30,3/31/2014,31,126239,23421,32296,204438,2/17/2014,44,21.43333333,89,3,0.723434195,162728,39
19051,11/28/2006,11/29/2006,Male,6,beijing,beijing,CN,42,3/31/2014,53,146519,70090,56015,102999,03-03-2014,29,13.42307692,106,5,1.434114409,159103,8
19371,5/31/2007,5/31/2007,Male,5,CRONULLA,NSW,AU,53,3/31/2014,21,164969,69100,55700,159605,3/18/2014,14,32.35,80,7,0.925114251,174849,8
60020,06-07-2012,6/16/2012,Female,4,LOS ANGELES,LA,US,49,3/31/2014,16,116312,20140,30850,195712,03-05-2014,27,41.86666667,150,0,0.75375,133754,1
2007,11/25/2004,4/19/2005,Male,6,guangzhou,guangdong,CN,43,3/31/2014,85,151345,58008,71227,155704,3/29/2014,3,8.630952381,60,15,0.946174922,182967,21
56093,11/24/2004,11/24/2004,Male,6,guangzhoushi,guangdongsheng,CN,59,3/31/2014,71,141563,64754,70510,119961,03-10-2014,22,9.571428571,44,6,1.225504039,156664,10
62762,8/23/2008,8/25/2008,Male,6,shenyang,liaoning,CN,42,3/31/2014,130,145214,32720,50685,167593,3/30/2014,2,5.465116279,64,2,0.873661907,258114,64
49215,05-07-2010,5/29/2010,Male,6,shenzhen,guangdong,CN,40,3/31/2014,89,126501,43042,79130,149557,3/28/2014,4,7.863636364,56,3,0.978068228,295393,50
20362,7/29/2005,9/14/2005,Male,6,guangzhou,guangdong,CN,59,3/31/2014,83,139199,53260,82972,103087,3/21/2014,11,8.756097561,45,11,1.411593411,165577,17
38022,12-02-2004,6/30/2005,Male,6,guangzhoushi,guangdongsheng,CN,36,3/31/2014,99,146797,52996,69050,162215,3/30/2014,2,7.255102041,28,9,0.896966187,200588,48
47179,3/16/2005,4/18/2005,Male,4,guangzhou,guangdong,CN,54,3/31/2014,40,124687,33993,35519,198627,03-05-2014,27,17.79487179,85,2,0.731685018,152573,6
17903,5/30/2008,5/30/2008,Male,6,changchun,jilin,CN,48,3/31/2014,52,134746,67215,58621,99524,3/21/2014,11,14.07843137,57,5,1.458000784,144914,7
45581,12/29/2005,12/29/2005,Male,6,guangzhou,guangdong,CN,49,3/31/2014,65,145852,73784,70564,119794,3/22/2014,10,10.96875,66,12,1.210876087,216228,36
47255,4/23/2005,6/21/2005,Female,5,wuhan,hubei,CN,48,3/31/2014,34,171324,83009,71460,151642,3/29/2014,3,19,126,1,0.951756044,186619,4
876,8/14/2006,8/14/2006,Male,6,.,beijing,CN,41,3/31/2014,83,149093,45490,79527,149993,3/26/2014,6,8.829268293,46,0,0.960765569,165704,4
6088,11/14/2011,02-05-2012,Male,5,shanghaishi,shanghai,CN,46,3/31/2014,65,137293,62763,81624,109089,03-08-2014,24,10.78125,59,0,1.318943707,154356,4
50931,12/20/2012,12/25/2012,Female,6,VALINDA,CA,US,47,3/31/2014,18,162084,7444,70223,146238,03-09-2014,23,25.88235294,136,2,0.982511386,180183,2
38443,06-08-2007,06-08-2007,Male,6,guangzhou,guangdong,CN,47,3/31/2014,66,139155,58495,72152,102689,3/28/2014,4,11.13846154,61,1,1.39722054,174814,8
8850,4/17/2006,5/14/2006,Male,6,wulumuqi,xinjiang,CN,51,3/31/2014,52,128038,28768,75154,105167,3/30/2014,2,13.01960784,67,2,1.356986792,155485,13
59307,3/15/2011,5/27/2012,Male,6,guangzhou,guangdong,CN,34,3/31/2014,27,119305,60310,25559,182561,2/23/2014,38,24.5,94,0,0.780547269,122509,0
20121,11/30/2004,01-05-2005,Male,6,shantoushi,guangdongsheng,CN,66,3/31/2014,193,130675,93532,60040,209912,3/31/2014,1,3.78125,31,17,0.675609779,242611,25
53451,6/26/2012,5/16/2013,Male,6,wulumuqi,xinjiang,CN,50,3/31/2014,65,112582,0,119684,184730,3/26/2014,6,4.921875,70,1,0.764,153208,14
59669,04-11-2012,7/30/2012,Male,4,dongguan,guangdong,CN,62,3/31/2014,14,167720,45675,23100,144708,02-02-2014,59,42.46153846,208,2,0.97367319,179310,3
49369,10/19/2009,1/28/2010,Male,5,dongguan,guangdong,CN,63,3/31/2014,24,105572,26870,31155,213058,3/21/2014,11,30.73913043,86,2,0.658633893,111104,2
52814,10-09-2010,10-10-2010,Male,6,dalian,liaoning,CN,44,3/31/2014,89,122732,37259,72426,177556,3/15/2014,17,7.965909091,35,0,0.787337009,141293,2
57377,6/20/2008,11/13/2008,Male,6,.,beijing,CN,50,3/31/2014,57,139756,55150,69155,98104,3/24/2014,8,12.875,63,10,1.42497258,155326,14
31219,11/13/2009,11/13/2009,Male,6,shanghai,shanghai,CN,42,3/31/2014,101,122805,3126,15735,140188,3/20/2014,12,7.15,25,9,0.996902945,181303,32
29392,03-03-2013,03-03-2013,Male,6,dongguan,guangdong,CN,33,3/31/2014,19,139379,25220,84795,155552,3/16/2014,16,21.05555556,64,0,0.897522308,139379,0
12578,6/29/2006,6/29/2006,Female,5,guangzhou,guangdong,CN,47,3/31/2014,95,128687,73267,46603,140931,03-08-2014,24,7.425531915,52,9,0.988949912,142516,16
19439,04-01-2008,01-05-2011,Male,6,.,beijing,CN,51,3/31/2014,85,136565,75444,64034,97855,3/25/2014,7,8.595238095,45,3,1.423453171,194017,46
29034,11/24/2004,12/24/2004,Male,6,guangzhou,guangdong,CN,47,3/31/2014,108,146964,67505,57435,169746,03-10-2014,22,6.61682243,29,12,0.817685954,192071,89
2012,11/26/2004,02-02-2007,Male,6,shenzhenshi,guangdongsheng,CN,51,3/31/2014,64,129600,48767,70429,97250,3/28/2014,4,11.47619048,51,15,1.426656247,153682,22
47194,04-02-2005,04-02-2005,Male,6,,beijing,CN,53,3/31/2014,113,114508,46357,73029,204853,3/29/2014,3,6.446428571,31,3,0.674381581,170970,32
26406,8/27/2009,11-12-2009,Male,6,wulumuqi,xinjiang,CN,56,3/31/2014,31,138229,46725,59667,95766,3/31/2014,1,24.16666667,94,13,1.438600025,158587,16
56437,11/16/2005,2/20/2006,Male,6,guangzhou,guangdong,CN,56,3/31/2014,79,123103,59892,61960,129119,3/27/2014,5,9.051282051,58,6,1.065611103,160671,49
59509,05-02-2012,05-02-2012,Male,5,shenyang,liaoning,CN,39,3/31/2014,109,123892,55140,57589,163010,3/15/2014,17,6.324074074,36,1,0.843554751,144137,5
13061,3/29/2009,11-03-2009,Male,4,guangzhou,guangdong,CN,52,3/31/2014,19,81412,24550,22100,201613,3/14/2014,18,33.94444444,119,3,0.681331859,81412,3
12155,06-04-2009,06-04-2009,Male,6,guangzhou,guangdong,CN,31,3/31/2014,120,123415,60467,67083,172352,03-07-2014,25,5.823529412,56,13,0.790287551,181078,50
26960,4/15/2006,07-02-2006,Male,5,wulumuqi,xinjiang,CN,47,3/31/2014,45,126790,42126,65876,116917,3/31/2014,1,16.40909091,52,1,1.154155854,144550,7
1123,05-08-2007,2/23/2012,Male,4,AMSTELVEEN,NOORD HOLLAND,NL,51,3/31/2014,19,158573,57507,28210,136374,11/18/2013,135,33.05555556,112,1,0.988910129,160482,2
12536,5/27/2010,10-10-2010,Male,6,Escondido,CA,US,78,3/31/2014,22,157809,48796,23824,135717,9/30/2013,184,24,150,5,0.993493225,166575,6
43627,12/27/2009,12/27/2009,Male,6,beijing,beijing,CN,43,3/31/2014,80,123833,56260,64169,105118,3/17/2014,15,8.873417722,45,0,1.277942503,141978,17
37021,12/25/2006,6/16/2008,Male,6,xianggang,xianggang,HK,51,3/31/2014,82,125625,57227,71221,106666,3/26/2014,6,8.802469136,54,5,1.255920537,141315,8
40792,08-08-2010,12-11-2010,Female,5,guangzhoushitianhequ,guangdong,CN,28,3/31/2014,90,135116,66245,49045,179472,3/20/2014,12,7.865168539,80,7,0.744693267,198691,49
22418,08-06-2010,10-06-2010,Male,6,PARIS,IIE DE FRANCE,FR,37,3/31/2014,17,150754,36244,34500,143287,10/27/2013,157,35.0625,136,2,0.931991388,160716,3
27900,9/15/2006,11/19/2006,Male,5,guangzhou,guangdong,CN,49,3/31/2014,39,127925,103340,26441,97116,3/23/2014,9,18.36842105,86,0,1.374724556,161225,7
21245,05-05-2008,2/15/2011,Male,6,shanghai,shanghai,CN,46,3/31/2014,102,127764,59208,69487,102961,3/21/2014,11,7.01980198,33,10,1.295748779,198202,38
2006,11/24/2004,12-04-2004,Male,5,guangzhou,guangdong,CN,45,3/31/2014,90,141907,64227,50884,158149,3/21/2014,11,7.820224719,101,3,0.843185667,189684,54
11028,1/22/2005,03-08-2005,Male,6,guangzhou,guangdong,CN,38,3/31/2014,125,117882,56590,66832,176585,3/25/2014,7,5.693548387,35,14,0.75433474,155391,23
62642,02-07-2007,02-07-2007,Male,6,changchun,jilin,CN,61,3/31/2014,77,120590,32440,43183,94142,03-09-2014,23,9.197368421,54,0,1.414713624,138945,6
29051,12-07-2004,12-07-2004,Female,6,guangzhou,guangdong,CN,46,3/31/2014,79,124838,70462,39777,157844,3/26/2014,6,9.230769231,61,12,0.843179595,221619,81
19073,11-09-2006,03-07-2007,Male,6,guangzhou,guangdong,CN,39,3/31/2014,116,120154,59962,65443,165365,3/19/2014,13,6.104347826,35,1,0.802227557,144290,8
58686,1/19/2011,1/19/2011,Male,6,beijing,beijing,CN,32,3/31/2014,58,123331,65453,55873,91515,3/17/2014,15,12.33333333,65,7,1.448642081,137940,13
781,7/23/2006,7/23/2006,Male,5,zhanjiang,guangdong,CN,49,3/31/2014,109,133352,55657,76163,144321,3/24/2014,8,6.666666667,52,11,0.914492693,164372,16
36780,07-10-2006,07-10-2006,Male,6,guangzhou,guangdong,CN,48,3/31/2014,180,105442,66455,62607,182540,3/23/2014,9,3.977653631,15,4,0.720028487,142631,15
1359,1/13/2010,02-11-2010,Male,6,guangzhou,guangdong,CN,45,3/31/2014,103,92686,45754,86859,218087,3/31/2014,1,7.039215686,42,6,0.602317149,169772,82
29076,1/19/2005,04-11-2005,Male,5,guangzhou,guangdong,CN,56,3/31/2014,107,121404,78200,54540,155834,3/24/2014,8,6.801886792,33,1,0.841613512,144683,8
49714,3/30/2011,4/13/2011,Female,5,COVINA,CA,US,49,3/31/2014,14,153078,33444,46100,125796,12-02-2013,121,46.53846154,129,3,1.040394289,156566,3
55458,02-12-2010,06-11-2010,Male,6,guangzhou,guangdong,CN,30,3/31/2014,149,116162,64079,60697,155588,3/30/2014,2,4.912162162,23,5,0.836742487,136195,9
59905,9/13/2011,9/13/2011,Male,5,guangzhou,guangdong,CN,41,3/31/2014,76,122401,86103,37023,94185,02-12-2014,49,8.973333333,57,0,1.380177417,129029,4
28087,02-10-2007,05-11-2008,Male,6,fanyu,guangdong,CN,64,3/31/2014,55,126221,64899,50346,94577,3/29/2014,3,12.90740741,62,0,1.369523774,200391,6
14825,9/21/2011,9/21/2011,Male,6,changsha,hunan,CN,45,3/31/2014,80,120818,61032,61240,92022,3/28/2014,4,8.835443038,49,4,1.407186108,132796,7
20173,1/23/2005,02-12-2005,Female,6,guangzhou,guangdong,CN,53,3/31/2014,40,142164,38782,60402,139742,3/16/2014,16,18.30769231,136,6,0.926317142,156893,14
18700,1/15/2006,2/24/2006,Male,6,guangzhou,guangdong,CN,43,3/31/2014,142,109292,60942,57023,183472,3/25/2014,7,5.063829787,39,5,0.702883928,133052,10
47040,3/16/2013,4/28/2013,Male,6,,,US,56,3/31/2014,14,147158,0,69575,126850,03-09-2014,23,24.30769231,61,0,1.016463224,165825,0
5040,2/25/2011,05-08-2011,Male,6,guangzhou,guangdong,CN,36,3/31/2014,24,142746,36000,98882,125340,03-02-2014,30,28.39130435,116,3,1.026238631,157710,6
19751,05-12-2011,01-10-2012,Female,5,CULVER CITY,CA,US,33,3/31/2014,13,150850,25200,43093,126495,3/14/2014,18,53.5,262,3,1.014545871,169574,5
9980,12-06-2006,3/17/2007,Male,6,guangzhou,guangdong,CN,47,3/31/2014,85,120754,41949,71795,151736,3/30/2014,2,8.369047619,46,10,0.843447435,199762,46
38079,03-02-2005,5/20/2005,Male,6,.,beijing,CN,49,3/31/2014,68,109266,50278,62111,117537,3/29/2014,3,10.34328358,47,0,1.085817147,123410,6
38098,3/31/2005,05-05-2005,Male,6,guangzhou,guangdong,CN,45,3/31/2014,116,117613,68978,50566,161730,3/24/2014,8,6.234782609,21,6,0.786706177,162718,44
33282,04-09-2012,04-09-2012,Male,6,.,beijing,CN,51,3/31/2014,123,111651,55346,61475,89350,3/30/2014,2,5.909836066,19,2,1.419099832,125014,7
53999,04-04-2007,04-04-2007,Male,6,wulumuqishi,xinjiang,CN,50,3/31/2014,47,115352,36960,66252,91018,3/15/2014,17,14.67391304,74,7,1.389867279,127625,12
58806,08-08-2010,01-03-2011,Male,4,PARIS,,FR,35,3/31/2014,14,148856,46500,36508,123662,12/28/2013,95,36.23076923,196,2,1.022610665,152002,2
18869,6/20/2006,6/20/2006,Male,5,shenzhen,guangdong,CN,74,3/31/2014,49,119100,77457,29982,90602,12/16/2013,107,12.9375,80,0,1.394936204,125550,6
47265,5/27/2005,07-08-2005,Male,5,shenzhen,guangdong,CN,39,3/31/2014,86,118543,49221,62139,157799,3/30/2014,2,8.482352941,33,22,0.799002655,147720,33
29997,2/18/2008,12/17/2008,Male,5,dunhua,jilin,CN,47,3/31/2014,60,114445,61135,48154,106278,3/21/2014,11,12.08474576,54,0,1.182681834,125738,4
56325,7/24/2005,12-03-2005,Male,6,guangzhou,guangdong,CN,44,3/31/2014,110,116532,54659,51757,166843,3/28/2014,4,6.577981651,42,8,0.750906841,148129,33
13606,08-10-2010,08-10-2010,Male,6,MEXICO,,MX,40,3/31/2014,15,97700,34040,10000,183480,10-05-2013,179,39.14285714,79,0,0.681333333,113656,3
2104,3/20/2005,04-11-2005,Male,6,guangzhou,guangdong,CN,47,3/31/2014,67,118790,44102,66668,119347,3/30/2014,2,10.98484848,64,0,1.046676247,134417,5
40556,2/13/2010,2/26/2010,Male,6,huizhou,guangdong,CN,39,3/31/2014,51,121760,22197,85044,99034,3/31/2014,1,11.36,38,3,1.259950118,136638,6
11511,5/17/2010,5/17/2010,Male,6,shanghai,shanghai,CN,55,3/31/2014,74,122218,72537,52991,96520,1/23/2014,69,9,63,5,1.289827497,137008,9
49752,9/18/2010,10-06-2010,Male,6,PARIS,0,FR,51,3/31/2014,12,145209,38600,76000,121632,03-05-2014,27,59.18181818,151,0,1.023333333,152324,1
58064,11-01-2009,02-04-2010,Male,5,shenzhen,guangdong,CN,47,3/31/2014,59,106565,61605,53815,85171,3/26/2014,6,12.27586207,53,10,1.461263576,121759,22
19497,8/27/2009,9/16/2009,Male,6,guangzhou,guangdong,CN,36,3/31/2014,120,104791,48496,65628,176951,3/14/2014,18,5.915966387,56,12,0.701123814,144381,47
21578,09-02-2008,09-02-2008,Female,6,guangzhou,guangdong,CN,49,3/31/2014,60,119084,36815,75011,88428,3/29/2014,3,12.28813559,47,16,1.40060309,138499,25
45772,06-05-2006,06-05-2006,Male,6,shenzhen,guangdong,CN,57,3/31/2014,57,111196,14001,94940,90553,3/31/2014,1,9.285714286,88,0,1.366744227,148181,40
51134,12/18/2011,12/19/2011,Male,5,PARIS,PARIS,FR,54,3/31/2014,43,101676,31354,31157,195034,02-04-2014,57,15.73809524,104,0,0.631640227,105421,0
53729,4/20/2008,4/20/2008,Male,6,changchun,jilin,CN,47,3/31/2014,113,109087,51668,50096,151060,3/30/2014,2,6.428571429,32,3,0.81511929,154907,13
44980,05-01-2005,06-10-2005,Male,5,wulumuqi,xinjiang,CN,49,3/31/2014,42,91284,38043,36239,165589,03-09-2014,23,17.12195122,143,0,0.743348652,97974,0
11139,4/27/2005,4/27/2005,Male,6,guangzhou,guangdong,CN,46,3/31/2014,58,119502,65404,43909,94554,3/16/2014,16,12.35087719,89,3,1.299097235,133792,8
11327,10-12-2005,11/29/2005,Male,4,ROWLAND HEIGHTS,CALIFORNIA,US,48,3/31/2014,16,111936,14570,30724,184227,03-02-2014,30,33.13333333,132,0,0.66544855,122503,0
20131,11/23/2004,3/23/2005,Female,6,guangzhoushi,guangdongsheng,CN,64,3/31/2014,122,109052,51136,58852,180074,3/14/2014,18,5.776859504,49,11,0.68017726,130785,16
47276,5/29/2005,7/17/2005,Male,6,guangzhou,guangdong,CN,47,3/31/2014,72,119810,54023,67485,91164,3/26/2014,6,10.16901408,53,5,1.343311285,140265,16
13323,11/13/2009,11/17/2009,Male,6,wuhanshi,hubeisheng,CN,63,3/31/2014,113,117425,68079,46264,121394,3/22/2014,10,6.330357143,31,2,1.008554047,204327,17
56336,08-02-2005,09-05-2005,Male,6,.,beijing,CN,49,3/31/2014,77,112943,60762,70974,157206,3/30/2014,2,9.592105263,48,3,0.777235347,148513,12
19460,12/13/2008,1/15/2009,Male,5,zhuhai,guangdong,CN,44,3/31/2014,57,118977,58523,48966,91658,3/22/2014,10,12.83928571,49,0,1.332451177,136156,8
15014,01-04-2012,01-04-2012,Male,5,CORALGABLES,FL,US,66,3/31/2014,16,139503,43784,67714,115401,3/19/2014,13,42.8,244,1,1.057235119,144812,1
21884,05-08-2009,05-08-2009,Male,6,shenzhen,guangdong,CN,38,3/31/2014,77,135403,37478,64613,151637,3/23/2014,9,9.092105263,35,13,0.803643702,176266,48
11030,1/20/2005,1/20/2005,Male,6,fanyu,guangdong,CN,38,3/31/2014,88,109604,44502,71749,117157,3/29/2014,3,8.356321839,63,3,1.039534044,145486,17
10164,5/27/2007,1/25/2008,Male,5,shenzhen,guangdong,CN,45,3/31/2014,13,135848,42838,11600,137604,02-10-2014,51,56.08333333,147,4,0.884236795,142824,5
2196,5/20/2005,07-11-2005,Male,6,shantou,guangdong,CN,68,3/31/2014,124,115890,73591,59304,113615,3/29/2014,3,5.853658537,29,0,1.070194781,130909,4
38329,11/17/2005,04-11-2006,Male,6,guangzhou,guangdong,CN,65,3/31/2014,69,119569,73753,53646,147549,03-01-2014,31,10.17647059,40,5,0.823818121,133546,10
3092,2/26/2008,1/30/2009,Male,6,guangzhou,guangdong,CN,60,3/31/2014,66,113508,77458,33221,86430,3/31/2014,1,10.75384615,116,2,1.406350341,140439,12
31122,12-01-2010,12-01-2010,Male,5,guangzhou,guangdong,CN,56,3/31/2014,26,102699,40335,16513,178921,12/21/2013,102,24.88,110,1,0.679305671,107965,3
44276,08-01-2009,8/13/2009,Female,6,haerbin,heilongjiang,CN,40,3/31/2014,59,117216,49710,54318,94946,3/28/2014,4,12.44827586,55,5,1.273062688,148754,24
38451,06-04-2007,06-04-2007,Male,6,guangzhoushi,guangdong,CN,48,3/31/2014,125,92480,46644,62647,189177,3/31/2014,1,5.846774194,33,2,0.637994577,116402,8
30926,3/14/2009,3/14/2009,Male,5,guangzhoushi,,CN,33,3/31/2014,97,101068,63195,45658,171544,3/21/2014,11,7.46875,73,4,0.701652637,108829,7
36573,1/25/2006,1/25/2006,Female,5,guangzhou,guangdong,CN,36,3/31/2014,57,106669,41320,48785,144505,3/29/2014,3,12.69642857,53,0,0.832500467,122962,3
17463,01-04-2011,3/27/2011,Male,6,hetian,xinjiang,CN,27,3/31/2014,64,94410,5546,70813,262290,3/27/2014,5,8.015873016,105,10,0.457967364,122797,13
20144,12/24/2004,03-01-2005,Female,6,guangzhoushi,guangdongsheng,CN,60,3/31/2014,49,120926,92685,26580,88903,12-09-2013,114,12.64583333,56,0,1.350911443,127447,5
20731,9/17/2007,4/13/2008,Female,6,zhuhai,guangdong,CN,56,3/31/2014,58,112726,54969,56945,84353,3/30/2014,2,12.68421053,75,3,1.423312271,136439,11
2129,04-06-2005,4/27/2005,Male,6,zhengzhoushi,henansheng,CN,42,3/31/2014,136,113254,38680,74796,145540,3/27/2014,5,5.311111111,102,9,0.82433441,138865,13
53365,12/17/2010,1/26/2011,Female,5,wulumuqi,xinjiang,CN,34,3/31/2014,68,97369,61293,64004,148879,3/28/2014,4,10.55223881,47,0,0.804845344,106281,2
3018,02-11-2008,03-10-2012,Male,5,wulumuqi,xinjiang,CN,47,3/31/2014,71,93862,23960,76876,180226,3/28/2014,4,10.3,129,2,0.664729007,128372,11
36912,11-01-2006,12/17/2006,Male,6,guangzhou,guangdong,CN,55,3/31/2014,116,101127,75228,43633,130636,3/16/2014,16,6.191304348,50,6,0.916310894,115574,14
1159,5/28/2007,7/28/2007,Male,6,guangzhou,guangdong,CN,53,3/31/2014,110,103985,26253,80618,172640,3/31/2014,1,6.513761468,55,1,0.693026819,134862,8
39380,7/21/2008,04-06-2009,Male,5,guangzhou,guangdong,CN,32,3/31/2014,105,111850,49777,58424,145253,3/20/2014,12,6.798076923,47,9,0.823284201,128699,14
12218,03-03-2009,03-03-2009,Male,6,shenzhen,guangdong,CN,62,3/31/2014,52,111158,54805,44845,83356,03-11-2014,21,13.52941176,70,1,1.433468257,122727,9
38199,6/16/2005,07-12-2005,Male,6,guangzhou,guangdong,CN,53,3/31/2014,106,100577,54530,53778,167199,3/29/2014,3,6.885714286,41,7,0.714441235,110162,11
38134,4/17/2005,4/25/2005,Female,6,shenzhen,guangdong,CN,40,3/31/2014,11,138543,38230,62400,112128,10-06-2013,178,52.8,266,1,1.065035317,159477,6
49346,4/28/2010,4/29/2010,Male,6,guangzhou,guangdong,CN,44,3/31/2014,59,114398,57355,49840,92635,3/19/2014,13,11.94827586,78,8,1.283990608,124552,23
46325,11/29/2007,07-02-2008,Male,5,guangzhou,guangdong,CN,53,3/31/2014,59,136783,70753,77979,145433,3/14/2014,18,12.17241379,33,3,0.817583423,162643,13
27661,1/16/2006,1/17/2006,Male,6,guangzhoushi,guangdong,CN,44,3/31/2014,83,115233,47779,68487,94441,03-06-2014,26,8.597560976,68,2,1.254728561,142357,34
39773,05-08-2012,05-12-2012,Female,4,Cerritos,California,US,30,3/31/2014,10,140743,44800,10100,122320,5/20/2013,317,41.44444444,98,6,0.966,140743,7
3321,8/31/2008,8/31/2008,Male,6,.,beijing,CN,39,3/31/2014,116,114305,42968,52423,136228,3/31/2014,1,6.330434783,25,0,0.866121649,142040,11
47224,4/19/2005,6/30/2005,Male,6,guangzhoushi,,CN,36,3/31/2014,95,113153,61926,44536,138873,3/30/2014,2,7.755319149,43,10,0.849043083,158027,48
14675,8/20/2011,8/20/2011,Male,6,.,beijing,CN,47,3/31/2014,79,94225,15407,53317,151183,3/26/2014,6,8.243589744,29,0,0.778897164,126562,9
36635,3/28/2006,3/28/2006,Male,6,shenzhen,guangdong,CN,55,3/31/2014,76,110357,43518,53765,86061,3/25/2014,7,9.64,68,0,1.367977249,124745,7
20685,7/14/2007,9/28/2007,Male,6,zhengzhou,henan,CN,56,3/31/2014,100,111195,50031,61963,91727,3/31/2014,1,7.282828283,47,9,1.282347182,124736,13
20116,11/20/2004,11/22/2004,Male,6,guangzhou,guangdong,CN,37,3/31/2014,107,92952,47679,60227,165304,3/31/2014,1,6.858490566,43,8,0.710868219,112666,23
27657,02-02-2006,03-02-2006,Male,4,,,US,66,3/31/2014,25,131771,90608,25884,109336,6/16/2013,290,15.45833333,112,4,1.074683178,139361,5
30225,06-01-2008,06-02-2008,Female,6,guangzhou,guangdong,CN,38,3/31/2014,114,102205,55786,53754,151625,3/19/2014,13,6.336283186,32,2,0.774562836,118690,7
39847,03-10-2010,03-10-2010,Male,5,shenzhen,guangdong,CN,47,3/31/2014,57,103643,31304,67412,84080,3/23/2014,9,11.19642857,56,5,1.394920314,120635,14
19134,01-09-2007,9/27/2007,Female,6,guangzhou,guangdong,CN,38,3/31/2014,76,110329,49105,55463,119514,03-10-2014,22,9.413333333,45,6,0.98076627,122265,10
30983,10/17/2012,10/17/2012,Male,6,PARIS,,FR,41,3/31/2014,11,135718,72000,87000,111496,12/24/2013,99,43.3,84,0,1.05,145681,1
53954,04-11-2006,04-11-2006,Male,5,kelamayi,xinjiang,CN,53,3/31/2014,43,104423,34450,60215,94144,03-02-2014,30,16.35714286,109,0,1.240551283,113209,2
13680,2/22/2011,10/22/2011,Male,5,PARIS,ile de france,FR,38,3/31/2014,20,94171,26930,38233,148827,03-10-2014,22,36.21052632,121,0,0.784519543,98590,0
56497,6/17/2007,6/17/2007,Female,6,guangzhou,guangdong,CN,46,3/31/2014,53,116307,30884,70845,85000,2014/2/29  0:00:00,32,13.25,57,0,1.373478,132653,4
20401,09-09-2005,10-02-2005,Female,6,guangzhou,guangdong,CN,41,3/31/2014,56,111646,52249,54987,82981,3/28/2014,4,12.8,64,14,1.403768453,134430,20
23819,9/28/2011,10-07-2011,Male,6,changchun,jilin,CN,50,3/31/2014,84,106270,4328,23107,140535,3/30/2014,2,8.746987952,42,4,0.827823318,124270,9
3110,3/15/2008,1/29/2009,Male,6,.,beijing,CN,37,3/31/2014,111,111215,43198,73391,141864,3/26/2014,6,6.536363636,60,7,0.819703519,131026,12
23531,5/30/2011,5/30/2011,Male,6,guangzhou,guangdong,CN,35,3/31/2014,109,107748,74297,48668,126167,3/14/2014,18,6.537037037,35,3,0.921339098,127254,11
27678,03-02-2006,03-02-2006,Male,5,shenzhen,guangdong,CN,44,3/31/2014,60,106246,50783,39363,98083,3/27/2014,5,12.15254237,41,11,1.175007596,114233,17
4581,7/25/2010,08-06-2010,Male,5,fanyu,guangdong,CN,41,3/31/2014,61,92929,48752,36575,161499,3/29/2014,3,12.13333333,71,2,0.713012031,118004,35
3339,8/28/2008,10/18/2008,Male,6,guangzhou,guangdong,CN,55,3/31/2014,43,120058,29030,71658,93447,3/23/2014,9,16.97619048,163,0,1.231469603,139674,4
36953,12-07-2006,2/27/2007,Male,6,guangzhou,guangdong,CN,40,3/31/2014,149,90725,49861,61985,157683,3/27/2014,5,4.837837838,19,7,0.724336929,128224,25
44217,10/20/2010,12-06-2012,Male,6,wu,xinjiang,CN,43,3/31/2014,43,96588,18526,74971,111807,3/28/2014,4,11.38095238,41,1,1.020765158,114036,4
13818,4/25/2010,4/25/2010,Male,4,guangzhou,guangdong,CN,54,3/31/2014,56,109337,80163,38616,114358,01-09-2014,83,11.70909091,60,3,0.995827664,121166,8
8608,11/15/2005,11/15/2005,Male,6,changchun,jilin,CN,51,3/31/2014,94,102013,47363,53498,109142,3/29/2014,3,7.795698925,31,3,1.040933738,121796,6
2303,8/30/2005,9/24/2005,Male,6,guangzhou,guangdong,CN,50,3/31/2014,84,107748,57470,44323,139338,3/19/2014,13,8.361445783,50,5,0.811427392,118260,9
33645,7/20/2012,7/20/2012,Female,5,shenzhen,guangdong,CN,47,3/31/2014,16,122831,12600,58538,107047,3/23/2014,9,40.8,170,0,1.051401627,128940,1
27651,1/24/2006,03-08-2006,Male,6,shanghaishi,shanghaishi,CN,44,3/31/2014,128,100358,50066,50854,131315,3/15/2014,17,5.598425197,32,12,0.856878118,133895,17
9874,10/26/2006,11/28/2007,Male,6,guangzhoushi,guangdong,CN,39,3/31/2014,124,98544,40842,40771,130776,3/30/2014,2,5.780487805,29,11,0.860026534,111357,15
50023,1/28/2011,02-07-2011,Male,6,guangzhou,guangdong,CN,47,3/31/2014,111,95164,59392,48767,130622,3/28/2014,4,6.6,28,4,0.859196613,115155,10
40219,07-09-2009,07-09-2009,Male,6,guangzhou,guangdong,CN,45,3/31/2014,77,109194,42580,57090,134838,3/31/2014,1,9.552631579,70,8,0.832180765,122278,12
35876,04-02-2006,06-09-2006,Male,5,hefei,anhui,CN,57,3/31/2014,42,106360,31875,31242,77936,03-10-2014,22,17.04878049,67,5,1.436042137,112088,10
58293,11-02-2009,3/24/2010,Male,6,guangzhou,guangdong,CN,42,3/31/2014,124,87984,41832,64452,160524,3/31/2014,1,5.902439024,51,2,0.695089955,110203,31
5737,7/25/2011,7/25/2011,Male,5,beijing,beijing,CN,46,3/31/2014,19,110135,70286,62006,96503,3/26/2014,6,37.33333333,131,8,1.156085303,136674,12
39208,8/28/2010,8/29/2010,Male,4,NEYAGAWA,OSAKAFU,JP,48,3/31/2014,53,115183,105558,50750,134627,2/16/2014,45,12.82692308,76,8,0.828407972,127389,14
13798,06-01-2011,8/20/2011,Male,6,guiyang,guizhou,CN,46,3/31/2014,61,103492,34988,53234,83245,3/31/2014,1,12.15,55,2,1.337276713,119626,7
58411,12-12-2009,4/15/2010,,6,MENAI,SYDNEY,AU,61,3/31/2014,17,135654,30570,89477,105377,3/31/2014,1,43,175,2,1.056396083,159060,3
13846,8/28/2011,8/28/2011,Male,6,Ibaraki-shi,Osaka,JP,52,3/31/2014,48,122774,70248,98233,119036,3/28/2014,4,15.12765957,85,3,0.934725209,160863,12
27945,10/13/2006,5/22/2007,Male,6,shenzhen,guangdong,CN,66,3/31/2014,26,121499,19055,83018,94249,03-10-2014,22,23.4,90,0,1.178456641,133391,4
54719,03-11-2006,3/21/2006,Male,6,guangzhou,guangdong,CN,67,3/31/2014,43,107284,51220,45960,79426,03-01-2014,31,16.64285714,72,5,1.395587087,118207,8
4234,08-07-2009,1/17/2010,Male,4,guangzhou,guangdong,CN,37,3/31/2014,87,108443,48404,52189,115134,1/31/2014,61,7.73255814,49,3,0.962306964,125094,9
13056,5/22/2010,8/22/2010,Male,6,.,beijing,CN,44,3/31/2014,114,105733,41316,61096,124499,3/31/2014,1,6.433628319,47,8,0.889901525,127374,15
38816,2/19/2010,2/24/2010,Male,6,shanghai,shanghai,CN,41,3/31/2014,54,100418,19260,49351,75651,03-12-2014,20,13.37735849,42,2,1.462917873,112327,9
22490,12-09-2009,12-09-2009,Male,5,guangzhou,guangdong,CN,35,3/31/2014,68,101037,60323,32647,163454,03-12-2014,20,10.59701493,53,10,0.676618926,114009,21
47762,9/28/2007,11/29/2007,Male,6,.,beijing,CN,41,3/31/2014,112,102265,59906,38596,134757,3/26/2014,6,6.495495495,51,3,0.82046172,116267,7
30223,10-12-2008,10-12-2008,Male,5,.,beijing,CN,47,3/31/2014,73,92708,37975,30151,163958,3/19/2014,13,9.847222222,32,1,0.673120738,121394,34
35584,06-12-2007,06-12-2007,Male,6,wusu,xinjiang,CN,47,3/31/2014,49,96919,31965,66444,80641,2/23/2014,38,14.0625,72,2,1.368281891,109619,5
4835,8/22/2012,8/30/2012,Male,5,ISEHARA,KANGAWA,JP,63,3/31/2014,40,117052,45368,87535,127004,3/30/2014,2,14.82051282,35,5,0.868515165,150496,16
38084,3/16/2005,4/15/2005,Male,6,guangzhou,guangdong,CN,40,3/31/2014,82,103735,36622,61778,135413,3/27/2014,5,8.87654321,46,0,0.81353969,116936,3
49017,1/17/2009,03-01-2009,Male,6,beijingshi,beijing,CN,42,3/31/2014,154,103214,45721,51975,129582,3/31/2014,1,4.705882353,20,6,0.848141331,132891,15
29375,11/17/2005,04-04-2006,Male,5,guangzhou,guangdong,CN,44,3/31/2014,58,98689,24167,53845,145294,3/19/2014,13,12.05263158,61,2,0.755701956,154953,31
46350,08-12-2008,8/15/2008,Male,5,shunde,guangdong,CN,50,3/31/2014,52,99653,49712,49210,97731,3/30/2014,2,14.21568627,81,1,1.120337764,108555,5
58999,11-10-2010,11-10-2010,Male,6,nansha,guangdong,CN,61,3/31/2014,43,108062,34940,62864,78765,3/24/2014,8,14.95238095,68,2,1.388142957,120960,6
1294,02-09-2009,7/18/2010,Male,6,guangzhou,guangdong,CN,35,3/31/2014,105,108717,47407,58699,138593,3/28/2014,4,6.980769231,44,1,0.788873392,136997,51
728,01-10-2006,01-10-2006,Male,6,luoyang,henan,CN,51,3/31/2014,97,99324,44371,55847,116461,3/28/2014,4,7.572916667,28,4,0.93836632,114037,6
55509,06-09-2010,06-09-2010,Male,6,guangzhou,guangdong,CN,49,3/31/2014,17,130108,44362,13970,121870,12-11-2013,112,38,322,5,0.896000164,137804,6
49453,2/26/2010,2/26/2010,Male,4,kelamayi,xinjiang,CN,62,3/31/2014,32,100770,40430,50658,77106,02-02-2014,59,21.35483871,132,0,1.416159832,108091,1
31394,5/31/2010,6/19/2010,Female,5,guangzhoushi,guangdong,CN,40,3/31/2014,37,120053,27428,49234,119320,3/27/2014,5,20.05555556,145,8,0.914270784,154506,26
35877,3/31/2006,12-10-2006,Male,5,changchun,jilin,CN,44,3/31/2014,86,87887,39027,31496,159612,3/27/2014,5,8.470588235,56,4,0.682643911,96122,7
59627,3/17/2012,4/26/2012,Female,6,changchunshi,jilinsheng,CN,60,3/31/2014,62,87257,41195,50309,139995,3/19/2014,13,11.36065574,40,0,0.778110575,93217,1
23026,12/16/2010,12/16/2010,Male,5,beijing,beijing,CN,49,3/31/2014,67,109523,31267,60138,127081,3/21/2014,11,10.31818182,62,0,0.856602875,120524,3
9716,6/29/2006,8/25/2006,Male,6,guangzhou,guangdong,CN,39,3/31/2014,84,97866,66828,36106,129836,3/24/2014,8,8.674698795,39,8,0.837625235,115208,36
21656,1/15/2009,2/25/2009,Male,6,jilinshi,jilin,CN,45,3/31/2014,117,111270,41699,47384,132853,3/24/2014,8,6.215517241,49,2,0.816301476,135113,6
4004,06-10-2009,06-12-2009,Male,6,.,beijing,CN,48,3/31/2014,122,101676,14624,33099,129272,3/30/2014,2,5.966942149,28,8,0.837572715,128331,13
18838,05-04-2006,05-04-2006,Male,5,guangzhou,guangdong,CN,41,3/31/2014,87,96332,50996,47262,131029,03-08-2014,24,8.220930233,82,1,0.82610529,129028,40
35464,1/20/2009,1/20/2009,Male,6,shenyang,liaoning,CN,51,3/31/2014,73,98955,47665,37695,75413,3/30/2014,2,9.486111111,59,17,1.434756209,109357,23
8434,09-09-2005,09-09-2005,Male,6,dalian,liaoning,CN,43,3/31/2014,97,90928,28621,43362,113939,3/24/2014,8,7.520833333,38,6,0.949395993,109559,13
4446,2/23/2010,2/24/2010,Male,5,foshan,guangdong,CN,40,3/31/2014,93,90486,37117,57675,150612,3/27/2014,5,7.847826087,64,4,0.7180637,106081,5
54,2/23/2010,04-03-2010,Male,6,guangzhou,guangdong,CN,49,3/31/2014,83,104436,47411,48809,134621,3/24/2014,8,8.780487805,26,6,0.801739699,195726,44
49682,9/15/2010,9/16/2010,Male,6,guangzhou,guangzhou,CN,45,3/31/2014,105,101488,44102,60589,145865,3/21/2014,11,6.730769231,22,2,0.737595174,123198,8
38902,12/28/2007,11-08-2008,Male,5,shantou,guangdong,CN,40,3/31/2014,27,77236,19156,20112,164336,02-05-2014,56,25.53846154,128,0,0.654476682,82693,0
18679,12/21/2005,12/21/2005,Female,5,dongguan,guangdong,CN,41,3/31/2014,24,115157,26478,46096,110964,03-01-2014,31,29.26086957,197,0,0.968107765,120352,0
18811,04-06-2006,04-06-2006,Male,6,guangzhou,guangdong,CN,53,3/31/2014,137,100494,42196,65102,122439,3/30/2014,2,5.338235294,27,6,0.874927107,131242,12
42861,09-02-2012,09-12-2012,Male,6,guangzhou,guangdong,CN,55,3/31/2014,57,105657,31607,66773,90144,03-10-2014,22,9.732142857,58,0,1.187537496,116260,1
22286,12-05-2009,12-12-2009,Male,5,guangzhou,guangdong,CN,44,3/31/2014,50,101119,51665,42669,89115,3/25/2014,7,14.7755102,46,12,1.201031476,253332,69
23172,5/27/2011,5/27/2011,Male,4,ADACHI-KU,TOKYO-TO,JP,46,3/31/2014,45,101070,52963,39787,139898,3/24/2014,8,16.36363636,72,0,0.765013009,108694,7
23537,10/17/2011,11-02-2011,Male,6,dalian,liaoning,CN,38,3/31/2014,109,99959,39912,42311,122024,3/31/2014,1,6.657407407,89,4,0.877036239,109570,7
12880,12/15/2009,12/15/2009,Male,6,.,beijing,CN,44,3/31/2014,46,98105,39174,52936,80830,3/14/2014,18,15.6,64,0,1.32374168,105241,2
28325,7/22/2008,08-11-2008,Male,6,guangzhoushi,guangdong,CN,38,3/31/2014,77,100019,33898,57743,139876,3/15/2014,17,9.394736842,85,11,0.763144213,190868,44
857,10-01-2006,11/21/2006,Male,6,foshan,guangdong,CN,45,3/31/2014,60,93504,37442,40801,154736,3/27/2014,5,12.22033898,60,3,0.689844509,125963,36
14124,06-12-2012,06-12-2012,Male,6,FUJIEDA-SHI,SHIZUOKA-KEN,JP,57,3/31/2014,66,83257,33386,69207,151383,3/26/2014,6,10.04615385,67,1,0.705022823,111918,16
55273,04-03-2007,04-06-2007,Male,5,guangzhou,guangdong,CN,38,3/31/2014,77,93322,40464,53056,144030,3/28/2014,4,9.328947368,50,3,0.74088551,104047,6
26641,03-04-2006,03-04-2006,Male,6,shenyang,liaoning,CN,46,3/31/2014,77,99575,51690,46104,80208,3/16/2014,16,9.342105263,53,4,1.325833583,125917,30
62340,10/21/2010,11/24/2010,Male,6,shanshanxian,xinjiang,CN,47,3/31/2014,28,97678,29878,53430,77108,3/19/2014,13,26.03703704,160,0,1.378992322,104698,2
59295,05-08-2011,5/19/2011,Male,4,MONTREUJL,,FR,48,3/31/2014,34,100143,19661,36215,143761,12-10-2013,113,18.39393939,136,3,0.739229694,103589,3
20660,06-11-2007,06-11-2007,Male,5,guangzhou,guangdong,CN,48,3/31/2014,62,96769,35596,47825,141413,3/23/2014,9,11.16393443,71,0,0.751386294,130961,8
55480,4/30/2010,07-01-2010,Male,6,guangzhou,guangdong,CN,44,3/31/2014,53,100971,34624,59271,73717,2/27/2014,34,13.25,66,0,1.440717609,110170,3
59920,9/18/2011,9/18/2011,Male,6,guiyang,guizhou,CN,41,3/31/2014,37,95805,42810,47853,72741,3/28/2014,4,20.16666667,101,0,1.459011837,110980,6
1069,02-10-2007,05-11-2007,Male,5,guangzhoushi,guangdong,CN,37,3/31/2014,94,98556,60023,40236,126174,1/27/2014,65,7.11827957,43,0,0.839762709,107518,4
54078,6/21/2007,6/21/2007,Male,6,shenzhen,guangdong,CN,53,3/31/2014,48,101229,31580,65783,74411,3/22/2014,10,14.21276596,132,4,1.423607397,113717,19
40506,7/28/2010,8/24/2010,Male,6,guangzhou,guangdong,CN,40,3/31/2014,52,99625,51894,46911,73647,3/27/2014,5,13.68627451,67,0,1.430674841,108415,4
13936,05-11-2011,05-11-2011,Male,5,KASAI,HYOGO,JP,46,3/31/2014,52,94800,49124,64055,135689,3/31/2014,1,14.2745098,37,0,0.776371777,118323,9
35484,11-02-2005,11-02-2005,Male,5,,,CN,40,3/31/2014,59,83991,47635,29538,127314,2/28/2014,33,11.94827586,81,4,0.827179729,98386,8
35960,2/26/2008,3/29/2008,Male,5,wulumuqi,xinjiang,CN,48,3/31/2014,72,85509,37631,33139,149171,3/23/2014,9,9.915492958,42,2,0.705943112,103324,11
12353,5/19/2008,5/19/2008,Male,5,guangzhou,guangdong,CN,47,3/31/2014,47,102813,54943,38925,76753,3/19/2014,13,15.5,66,10,1.37078264,107098,11
20117,11/23/2004,8/19/2005,Male,6,shenzhenshi,guangdongsheng,CN,43,3/31/2014,107,71431,76142,18622,169750,3/23/2014,9,6.79245283,59,6,0.619739087,83578,22
26045,07-11-2011,7/31/2011,Male,6,shenyang,liaoning,CN,37,3/31/2014,96,94014,17453,19313,136246,03-09-2014,23,7.326315789,30,9,0.771855467,102555,13
28722,4/18/2012,5/16/2012,Male,5,,shanghai,CN,55,3/31/2014,132,89265,63903,45649,151273,3/27/2014,5,5.198473282,37,2,0.694012613,102474,5
5039,1/19/2011,1/19/2011,Male,6,guangzhoushi,guangdong,CN,46,3/31/2014,168,101692,55550,56052,130985,3/30/2014,2,4.341317365,22,5,0.800659159,135829,21
23074,12-05-2011,02-12-2012,Male,5,AKAIWA CITY,OKAYAMA,JP,35,3/31/2014,49,109318,71197,62204,125237,3/15/2014,17,14.79166667,46,0,0.837061811,125667,6
47095,12-02-2004,12-02-2004,Male,4,dongguan,guangdong,CN,,3/31/2014,12,123044,45211,21663,103960,11/17/2013,136,52.90909091,135,4,1.00799115,134703,9
9901,12-06-2006,01-11-2007,Male,4,zhongshan,guangdong,CN,46,3/31/2014,36,110218,67896,41913,109695,3/19/2014,13,20.22857143,69,7,0.954319431,179174,35
28035,4/23/2006,11/18/2007,Female,6,PASADAERA,CA,US,41,3/31/2014,21,84105,22610,24889,137610,1/15/2014,77,30.8,104,1,0.760666667,107759,3
48251,1/17/2009,11/23/2009,Male,5,NISHINOMIYA-CITY,HYOGO,JP,35,3/31/2014,60,80771,63520,44980,137654,03-08-2014,24,11.72881356,67,0,0.760252081,92496,6
20119,11/26/2004,03-11-2005,Male,6,guangzhoushi,guangdongsheng,CN,37,3/31/2014,84,97510,46317,49534,117382,2/28/2014,33,8.385542169,36,0,0.8915401,113250,11
62776,04-03-2006,04-03-2006,Male,6,guangzhou,guangdongsheng,CN,45,3/31/2014,59,96177,24776,69531,97219,3/25/2014,7,12.44827586,149,0,1.075326325,103737,0
9635,4/16/2006,4/17/2006,Male,6,guangzhou,guangdong,CN,36,3/31/2014,118,92002,42743,56410,139566,3/31/2014,1,6.213675214,35,4,0.746258043,125292,39
30360,8/20/2008,04-12-2010,Male,6,.,beijing,CN,36,3/31/2014,49,101011,58598,36946,78417,03-05-2014,27,14.64583333,77,0,1.327684941,107578,4
60904,8/28/2012,9/13/2012,Male,5,shanghai,shanghai,CN,54,3/31/2014,74,93930,11024,33906,113789,3/28/2014,4,7.698630137,38,0,0.91433425,107945,1
15271,12-10-2011,12-10-2011,Male,5,guangzhou,guangdong,CN,36,3/31/2014,64,93346,40954,43036,139827,3/25/2014,7,11.01587302,67,2,0.744006522,102891,3
35677,08-08-2007,08-08-2007,Male,6,yanji,jilin,CN,51,3/31/2014,47,95797,47345,37692,71121,3/13/2014,19,15.32608696,111,2,1.461826465,98729,3
55032,11-08-2006,2/22/2007,Male,6,shenzhenshi,guangdong,CN,66,3/31/2014,46,100500,43725,47450,71012,3/31/2014,1,16.17777778,78,7,1.462023883,108871,9
8631,5/29/2007,06-05-2007,Male,6,.,beijing,CN,37,3/31/2014,115,99568,36691,54489,115562,3/25/2014,7,6.192982456,33,2,0.8967864,111679,5
44368,10-02-2010,10/19/2010,Male,5,wulumuqi,xinjiang,CN,51,3/31/2014,28,95644,18150,68339,72232,3/19/2014,13,26.2962963,201,0,1.434513512,108013,5
13156,6/25/2010,03-08-2011,Male,5,Sittard,LIMBURG,NL,45,3/31/2014,12,123570,59690,5850,100421,4/16/2013,351,34.45454545,141,4,1.029644795,128179,9
17660,7/23/2006,7/23/2006,Male,5,beijing,shanghai,CN,54,3/31/2014,65,93737,64866,9477,93221,3/24/2014,8,11.203125,127,3,1.107523948,101636,10
13485,12-12-2009,01-02-2010,Male,6,beijing,beijing,CN,46,3/31/2014,24,99183,32740,27950,183418,1/26/2014,66,28.2173913,198,0,0.562442563,118071,1
12275,08-08-2008,5/16/2009,Male,5,changji,xinjiang,CN,38,3/31/2014,50,87482,22503,61558,135574,3/28/2014,4,14.08163265,90,0,0.760115583,95632,2
19306,4/25/2007,06-08-2007,Male,6,guangzhoushi,guangdongsheng,CN,37,3/31/2014,98,91408,40583,50646,141053,3/27/2014,5,7.422680412,29,2,0.728867305,108302,15
29309,09-04-2005,10/31/2005,Male,5,shenzhen,guangdong,CN,62,3/31/2014,46,95650,20760,66177,73338,3/31/2014,1,15.62222222,108,5,1.398998609,106539,9
13084,6/17/2009,12-06-2012,Male,4,guangzhou,guangdong,CN,43,3/31/2014,61,94381,31319,55919,114031,3/15/2014,17,7.75,80,2,0.899280547,110505,4
24151,11-10-2011,11-10-2011,Male,4,.,beijing,CN,41,3/31/2014,28,101629,50685,45803,82659,01-08-2014,84,22.55555556,97,0,1.238878525,109303,2
33114,1/16/2012,1/16/2012,Male,5,NISKAYUNA,NW,US,57,3/31/2014,28,93334,39630,41970,73852,1/24/2014,68,24.33333333,87,6,1.386176542,95409,6
1816,10-12-2012,12/27/2012,Male,4,pasadena,California,US,61,3/31/2014,17,119314,19284,47976,104641,3/17/2014,15,27.875,153,2,0.978310605,130467,3
45720,5/18/2006,06-12-2006,Male,6,shenzhen,guangdong,CN,57,3/31/2014,51,96188,28324,44076,72274,3/31/2014,1,14.36,63,0,1.416135816,103673,4
21127,2/24/2008,4/25/2008,Male,6,guangzhoushi,guangdong,CN,46,3/31/2014,85,89221,48193,46259,104969,3/16/2014,16,8.5,53,0,0.974864579,117399,13
27683,1/25/2006,1/25/2006,Male,6,guangzhou,,CN,39,3/31/2014,128,83123,33043,62528,147767,3/30/2014,2,5.692913386,28,0,0.69244581,105816,5
5902,09-08-2012,09-08-2012,Female,4,nanning,guangxi,CA,48,3/31/2014,23,74222,12331,26042,157186,3/18/2014,14,25.31818182,108,0,0.650619648,78330,0
3012,2/14/2008,03-04-2011,Male,5,langfang,hebeisheng,CN,47,3/31/2014,78,100758,46383,37467,121231,3/30/2014,2,9.38961039,35,4,0.84343724,105849,5
30596,01-05-2009,01-05-2009,Male,5,guangzhou,guangdong,CN,35,3/31/2014,67,85419,38025,44616,135439,3/31/2014,1,11,70,8,0.754458243,105531,39
29277,08-11-2005,03-12-2007,Male,6,guangzhou,guangdong,CN,52,3/31/2014,96,82200,40235,55499,131739,3/31/2014,1,7.568421053,40,2,0.775295546,101689,24
13108,04-03-2011,04-04-2011,Male,5,fanyu,guangdong,CN,46,3/31/2014,118,88107,49601,43595,143796,03-12-2014,20,6.025641026,38,1,0.710068848,102158,4
61975,7/15/2012,7/17/2012,Male,4,shenyang,liaoning,CN,34,3/31/2014,86,87404,32724,50951,128754,2/13/2014,48,6.776470588,29,4,0.792415925,99179,6
14993,2/15/2012,2/15/2012,Male,5,hangzhou,zhejiang,CN,38,3/31/2014,36,109666,40288,36262,124032,3/27/2014,5,20.2,39,0,0.82250645,118753,3
57696,07-01-2009,07-01-2009,Female,5,guangzhou,guangdong,CN,48,3/31/2014,10,119401,38895,14400,99312,01-09-2014,83,64.66666667,298,9,1.025894957,122889,10
54913,9/18/2006,03-04-2007,Male,6,shenzhen,guangdong,CN,38,3/31/2014,34,91914,29850,57790,70486,3/31/2014,1,22.12121212,98,0,1.443316261,97520,2
8870,7/21/2006,11/30/2006,Male,5,hamishi,xinjiang,CN,45,3/31/2014,23,91469,27033,50407,74910,3/30/2014,2,32.13636364,88,0,1.357742091,92357,1
37041,02-01-2007,10/23/2007,Male,5,guangzhoushi,guangdong,CN,36,3/31/2014,76,92928,36172,50322,138952,3/27/2014,5,9.506666667,101,3,0.731532688,102498,7
57507,12/26/2009,01-04-2010,Male,6,guangzhou,guangdong,CN,42,3/31/2014,45,74123,6302,59340,145724,3/13/2014,19,10.68181818,60,0,0.696498655,83520,0
56362,8/15/2005,10-10-2005,Male,6,guangzhou,guangdong,CN,46,3/31/2014,111,81557,44278,53994,145458,3/14/2014,18,6.445454545,43,4,0.697522309,125285,57
48257,4/14/2006,4/14/2006,Male,6,guangzhou,guangdong,CN,51,3/31/2014,47,100941,45533,44024,82382,03-07-2014,25,15.08695652,59,3,1.230913428,108067,6
48173,1/30/2006,1/30/2006,Male,6,dalian,liaoning,CN,50,3/31/2014,84,96406,45822,45034,75766,3/31/2014,1,8.734939759,47,6,1.337146213,117216,10
29181,3/27/2005,3/27/2005,Male,6,zhengzhou,henan,CN,42,3/31/2014,134,97927,47816,49952,116627,3/31/2014,1,5.473684211,34,6,0.867424696,118238,19
26942,3/27/2006,06-01-2006,Male,5,wulumuqishi,xinjiang,CN,34,3/31/2014,46,80692,32482,32065,130782,3/29/2014,3,15.82222222,91,1,0.771173327,84156,1
10967,11-01-2004,12/14/2004,Male,5,guangzhoushi,guangdongsheng,CN,48,3/31/2014,96,82099,43721,50612,135009,3/26/2014,6,7.536842105,40,2,0.746628299,106832,32
40676,01-03-2011,01-03-2011,Female,5,zhongqing,zhongqing,CN,42,3/31/2014,16,97667,57864,11330,107690,12/29/2013,94,41.8,169,3,0.936013465,100193,6
29224,6/22/2005,7/22/2006,Male,6,Hong Kong,Hong Kong,HK,53,3/31/2014,83,88967,38488,44776,133367,3/21/2014,11,8.768292683,60,9,0.755460796,109371,20
38275,09-03-2005,09-03-2005,Male,6,guangzhou,guangdong,CN,48,3/31/2014,93,93241,62419,34893,109943,3/29/2014,3,7.793478261,27,2,0.91579564,104952,7
59483,07-01-2011,07-01-2011,Male,4,LOS ANGELES,CA,US,47,3/31/2014,13,74436,11050,22500,159016,3/26/2014,6,42.33333333,96,0,0.632307692,83156,0
1843,10/13/2012,10/26/2012,Male,5,guangzhou,guangdong,CN,63,3/31/2014,36,104858,43700,65431,113253,3/30/2014,2,14.88571429,60,4,0.886428351,121007,9
18817,4/28/2006,06-07-2006,Male,5,guangzhou,guangdong,CN,42,3/31/2014,73,85933,48667,34173,123568,3/21/2014,11,10,59,5,0.810458452,137760,77
6031,1/14/2012,03-08-2012,Male,6,lushan,henan,CN,58,3/31/2014,98,97503,30393,68390,76759,3/31/2014,1,7.010309278,48,0,1.303309449,115510,3
18830,05-05-2006,05-05-2006,Male,6,guangzhou,guangdong,CN,45,3/31/2014,116,85578,49489,47863,140571,3/29/2014,3,6.330434783,37,6,0.710483528,102908,15
38123,4/26/2005,5/29/2005,Male,6,,,CN,59,3/31/2014,61,96888,69372,51785,81113,3/15/2014,17,11.66666667,45,0,1.230116011,105272,4
57758,7/19/2010,7/22/2010,Male,6,zhengzhou,henan,CN,55,3/31/2014,85,94883,47213,50416,70965,3/19/2014,13,8.369047619,45,2,1.401901923,113020,11
2427,5/16/2007,5/16/2007,Male,5,shenzhen,guangdong,CN,60,3/31/2014,48,91673,11065,56480,68459,3/22/2014,10,14.61702128,68,0,1.453157218,100927,5
1231,10/17/2007,10/31/2007,Male,6,guangzhou,guangdong,CN,46,3/31/2014,104,79558,41424,42061,137698,3/26/2014,6,6.873786408,67,4,0.721752894,105830,24
45721,5/19/2006,06-11-2006,Male,6,guangzhou,guangdong,CN,50,3/31/2014,57,92692,42496,49377,84129,3/20/2014,12,12.75,57,0,1.179321043,97939,0
18013,4/13/2006,06-06-2006,Female,6,wulumuqi,xinjiang,CN,52,3/31/2014,43,85695,20604,57612,130985,3/23/2014,9,16.85714286,100,0,0.757415506,95764,3
53417,2/25/2011,2/25/2011,Male,6,guangzhou,guangdong,CN,44,3/31/2014,101,98015,64593,30441,117880,3/20/2014,12,7.19,78,0,0.841051069,126073,23
56776,10/30/2007,10/30/2007,Female,5,guangzhou,guangdong,CN,48,3/31/2014,69,81919,38429,41072,141164,3/30/2014,2,10.55882353,96,3,0.702125684,88172,6
47838,10/31/2007,10-10-2010,Male,6,fushun,liaoning,CN,51,3/31/2014,71,92714,55597,36784,70069,3/27/2014,5,10.3,62,0,1.413737887,98417,3
28345,01-06-2009,01-07-2009,Male,6,guilin,guangxi,CN,41,3/31/2014,124,109142,52690,48227,118049,3/27/2014,5,5.902439024,23,7,0.837548052,168338,18
8576,11/16/2007,11/16/2007,Male,6,shenyang,liaoning,CN,39,3/31/2014,86,90119,14588,56017,89195,3/14/2014,18,7.847058824,53,0,1.10819519,107630,4
2561,6/22/2007,6/29/2007,Male,6,guangzhou,guangdong,CN,41,3/31/2014,82,90830,41732,48504,120536,3/20/2014,12,8.802469136,54,4,0.818666539,145838,43
50183,03-07-2011,03-10-2011,Male,6,guangzhoushi,guangdong,CN,43,3/31/2014,122,78178,45210,51888,137879,3/31/2014,1,5.900826446,33,5,0.714470804,162307,83
3003,06-02-2012,06-02-2012,Male,4,VIC,AU,AU,43,3/31/2014,18,67839,25000,27100,136876,03-12-2014,20,38.17647059,89,0,0.718332944,72359,0
56144,02-08-2005,4/26/2005,Male,6,guangzhou,guangdong,CN,45,3/31/2014,39,96302,61892,24225,70792,03-10-2014,22,15.73684211,151,0,1.387449853,102422,5
22702,07-01-2010,07-01-2010,Male,6,shenyang,liaoning,CN,46,3/31/2014,83,91797,44818,41198,112709,3/28/2014,4,8.329268293,71,0,0.870657357,132854,11
44761,06-06-2007,06-06-2007,Female,6,shenyangshi,liaoning,CN,50,3/31/2014,81,91920,31897,54032,99888,3/31/2014,1,9.0375,54,10,0.982403492,111475,13
3210,9/23/2008,9/23/2008,Male,5,guangzhoushi,guangdong,CN,35,3/31/2014,66,96662,47485,38751,111545,2/27/2014,34,10.56923077,53,2,0.8786453,115313,35
2110,3/16/2005,9/22/2007,Male,5,beijing,beijing,CN,41,3/31/2014,46,93889,64995,25788,71622,2/20/2014,41,14.88888889,90,0,1.365195471,96427,4
20760,8/31/2007,8/31/2007,Male,6,guangzhou,guangdong,CN,44,3/31/2014,75,84774,44483,40639,131146,3/29/2014,3,9.810810811,58,9,0.745084105,93358,13
29081,1/28/2005,3/18/2005,Male,5,guangzhou,guangdong,CN,47,3/31/2014,69,84903,66407,20907,126180,1/13/2014,79,9.529411765,78,2,0.774192107,99429,17
49340,09-03-2009,09-03-2009,Male,6,guangzhou,guangdong,CN,62,3/31/2014,45,90474,37275,48113,68136,3/22/2014,10,16.13636364,77,0,1.432941764,102753,4
55325,07-03-2007,07-09-2007,Male,6,.,beijing,CN,69,3/31/2014,36,94452,44208,40716,66829,3/28/2014,4,20.28571429,123,2,1.460493648,127594,10
11000,12-02-2004,12-02-2004,Male,5,guangzhou,guangdong,CN,37,3/31/2014,106,85900,40519,51431,130691,3/31/2014,1,6.523809524,61,4,0.746489276,108476,14
40664,6/14/2010,6/14/2010,Male,5,shanghai,shanghai,CN,61,3/31/2014,64,82657,3840,15403,66612,3/13/2014,19,11.23809524,57,3,1.464381643,92831,12
32414,09-01-2011,09-01-2011,Male,5,Shimonikawa-gun,Toyama-ken,JP,58,3/31/2014,61,48301,61888,63100,132797,3/26/2014,6,12.01666667,47,0,0.734098361,52481,0
55873,8/26/2012,9/23/2012,Female,5,guangzhou,guangdong,CN,40,3/31/2014,67,86881,25108,54008,123556,3/31/2014,1,8.409090909,45,0,0.788739195,104692,11
8851,4/19/2006,5/30/2006,Male,5,wulumuqishi,xinjiang,CN,52,3/31/2014,52,82076,41758,38127,125190,03-02-2014,30,13.23529412,72,10,0.778333174,93650,16
23223,3/21/2011,3/23/2011,Male,4,qingtianxian,zhejiang,CN,53,3/31/2014,21,68699,18656,26296,138363,3/19/2014,13,32.25,105,0,0.704172358,71545,0
14870,9/18/2011,10-08-2011,Male,6,shanghaishi,shanghai,CN,45,3/31/2014,100,81595,4050,17317,116315,3/23/2014,9,7.232323232,23,0,0.8364076,100182,8
26803,3/21/2008,3/21/2008,Male,6,shenyang,liaoning,CN,52,3/31/2014,119,93277,47749,49613,100147,3/31/2014,1,6.093220339,38,9,0.971327249,141476,43
29103,2/26/2005,4/15/2005,Male,6,wuhan,hubei,CN,55,3/31/2014,79,89867,47495,46583,74503,03-12-2014,20,8.807692308,36,15,1.305487564,108226,27
13204,8/27/2009,8/27/2009,Male,6,guangzhou,guangdong,CN,32,3/31/2014,101,87858,45096,50719,118160,3/28/2014,4,7.03,48,14,0.822947613,105795,21
53801,09-09-2005,09-09-2005,Male,6,beijing,beijing,CN,46,3/31/2014,116,79180,34456,40205,129478,3/27/2014,5,6.295652174,25,4,0.750052132,104283,9
17530,04-09-2011,7/26/2011,Male,5,huhehaote,neimenggu,CN,46,3/31/2014,42,74490,55704,23351,74368,01-07-2014,85,15.65853659,112,3,1.303695272,82194,8
11110,04-09-2005,4/26/2005,Male,6,guangzhou,guangdong,CN,41,3/31/2014,82,84412,51975,36832,126149,3/29/2014,3,8.987654321,69,5,0.767930622,91963,9
2352,10-07-2005,10/23/2005,Male,6,guangzhou,guangdong,CN,39,3/31/2014,96,84438,46039,43192,134194,3/21/2014,11,7.557894737,40,2,0.72174598,188675,86
21650,8/28/2008,10-07-2008,Male,6,guangzhou,guangdong,CN,57,3/31/2014,79,87591,23729,64511,124218,3/21/2014,11,8.91025641,66,0,0.779597965,100986,20
8497,3/17/2006,3/17/2006,Male,6,dalian,liaoning,CN,40,3/31/2014,133,74038,30769,41719,143216,3/28/2014,4,5.378787879,35,14,0.675632052,111094,92
13067,2/22/2009,04-07-2012,Male,5,.,beijing,CN,47,3/31/2014,73,86082,45322,38605,134897,3/17/2014,15,9.861111111,40,4,0.717086814,92531,7
44923,3/28/2006,10/23/2007,Male,4,wulumuqishi,xinjiang,CN,41,3/31/2014,58,82745,35194,38096,122349,3/31/2014,1,12.61403509,89,2,0.790434004,95493,6
48328,9/23/2008,9/23/2008,Male,5,EL MONTE,CALIFORNIA,US,50,3/31/2014,19,77672,24160,16084,130168,11/18/2013,135,26.61111111,279,2,0.742307172,92321,3
6905,1/20/2013,1/20/2013,Male,6,haerbin,heilongjiangsheng,CN,47,3/31/2014,62,98214,3024,74266,76356,3/31/2014,1,7.147540984,29,1,1.265360941,112509,2
20962,11/17/2007,11/17/2007,Male,5,xifeng,guizhou,CN,37,3/31/2014,46,85820,45100,42978,67761,3/27/2014,5,15.95555556,90,6,1.425841856,88770,8
35328,06-02-2011,06-02-2011,Male,6,.,beijing,CN,52,3/31/2014,38,74959,43810,35025,66550,3/16/2014,16,19.18918919,81,2,1.450518407,79591,3
35276,7/21/2010,7/22/2010,Male,5,kuerle,xinjiang,CN,40,3/31/2014,65,87642,36873,33897,112320,03-09-2014,23,10.578125,73,0,0.858959758,103579,7
15247,12-07-2012,2/23/2013,Male,6,beijing,beijing,CN,40,3/31/2014,15,100289,1050,108628,99645,3/19/2014,13,27.85714286,88,0,0.968166892,132586,3
26447,5/27/2010,07-03-2010,Male,5,yining,xinjiang,CN,41,3/31/2014,93,83860,33784,28495,127824,3/30/2014,2,7.891304348,53,6,0.754275019,98390,17
39736,10/20/2008,10/20/2008,Male,4,CA,,US,55,3/31/2014,13,55824,14913,17000,147883,3/26/2014,6,59.16666667,120,1,0.651163082,55824,1
47894,12-03-2007,12-03-2007,Female,5,beijing,beijing,CN,40,3/31/2014,60,88543,24710,59078,118514,3/28/2014,4,12.30508475,112,3,0.811934708,101482,6
4868,9/25/2010,9/25/2010,Female,5,changsha,hunan,CN,53,3/31/2014,93,91748,35033,47341,117159,3/30/2014,2,7.72826087,33,1,0.82114127,104959,4
44090,11/25/2011,11/25/2011,Male,6,zhongshan,guangdong,CN,54,3/31/2014,83,85982,27475,56033,134851,3/17/2014,15,8.56097561,52,3,0.712543548,110860,23
24598,6/23/2012,7/14/2012,Male,4,guangzhou,guangdongsheng,CN,49,3/31/2014,44,89846,42529,43823,108388,3/16/2014,16,14.20930233,47,0,0.886273019,102118,22
29324,09-08-2005,09-08-2005,Male,5,guangzhou,guangdong,CN,38,3/31/2014,62,91375,27429,57526,112125,3/24/2014,8,11.81967213,62,6,0.855358305,104673,12
25763,11-10-2010,11/14/2010,Male,6,zhengzhou,henan,CN,46,3/31/2014,89,91953,32263,60544,78410,3/30/2014,2,8.227272727,87,5,1.221743017,109160,10
56156,2/28/2005,3/19/2005,Male,5,shanghaishi,shanghai,CN,37,3/31/2014,78,85820,44716,39675,121245,3/30/2014,2,9.311688312,54,5,0.789605839,103081,20
28175,4/17/2007,12-03-2007,Male,6,shenzhen,guangdong,CN,47,3/31/2014,39,90119,25395,57010,70142,03-06-2014,26,17.73684211,158,5,1.3639718,98748,8
13295,9/13/2009,11/21/2009,Male,6,wuhanshi,hubeisheng,CN,40,3/31/2014,101,95675,31698,41210,102834,3/18/2014,14,7.16,30,8,0.929938153,126539,23
4175,01-02-2010,02-11-2010,Male,5,shenzhen,guangdong,CN,49,3/31/2014,44,87045,35410,31091,65769,3/15/2014,17,16.60465116,76,0,1.452790676,97082,5
17306,8/26/2009,4/29/2010,Male,5,haerbin,heilongjiang,CN,70,3/31/2014,31,96739,26510,46323,69453,2014/2/29  0:00:00,32,22.76666667,75,6,1.375394871,101413,7
22092,7/15/2009,7/31/2009,Male,6,shenzhen,guangdong,CN,60,3/31/2014,75,81868,45356,41755,122158,3/25/2014,7,9.472972973,67,3,0.781846052,91473,12
19379,06-12-2007,7/17/2007,Male,6,shenzhen,guangdong,CN,46,3/31/2014,93,90295,30886,61426,106705,3/14/2014,18,7.47826087,27,3,0.894763601,103575,8
25883,04-01-2010,04-01-2010,Male,5,wulumuqi,xinjiang,CN,58,3/31/2014,54,86552,36915,36236,71496,03-12-2014,20,13.09433962,145,10,1.33526505,92332,15
53513,9/20/2005,10-10-2005,Male,6,shenyang,liaoning,CN,50,3/31/2014,73,87601,74927,13715,76834,3/14/2014,18,9.902777778,96,15,1.242032954,92085,21
56202,04-06-2005,04-11-2005,Male,6,changsha,hunan,CN,47,3/31/2014,70,90130,37523,41975,98334,3/30/2014,2,10.47826087,41,2,0.969874916,95256,3
8925,3/13/2008,7/14/2008,Male,6,shamen,fujian,CN,46,3/31/2014,36,80527,22754,41870,102876,3/18/2014,14,19.71428571,103,0,0.926531747,83035,1
56861,01-10-2008,4/18/2008,Male,6,shenzhen,guangdong,CN,54,3/31/2014,45,85314,24251,46306,67936,3/27/2014,5,15.95454545,92,4,1.401278409,95681,10
3501,10/16/2008,11/28/2008,Male,6,guangzhou,guangdong,CN,40,3/31/2014,97,88355,49273,52519,66431,3/18/2014,14,7.458333333,35,3,1.432786199,98012,7
7660,10/20/2009,10/20/2009,Male,4,shenzhen,guangdongsheng,CN,54,3/31/2014,107,76073,33048,50290,132823,3/22/2014,10,6.70754717,45,5,0.715139321,95974,17
26796,03-03-2008,03-03-2008,Male,5,changchun,jilin,CN,57,3/31/2014,123,88739,24010,62927,111589,3/24/2014,8,5.729508197,30,3,0.850722921,116742,8
59631,08-06-2011,8/20/2011,Male,5,daqing,heilongjiang,CN,45,3/31/2014,38,93487,27591,39522,67361,03-03-2014,29,18.81081081,153,1,1.408719882,97064,2
55240,4/19/2007,08-08-2007,Male,6,shanghai,shanghai,CN,42,3/31/2014,98,83896,25931,29747,129338,3/19/2014,13,7.350515464,58,4,0.733567861,98661,10
47657,08-07-2007,9/19/2007,Male,5,wuhan,hubei,CN,53,3/31/2014,33,92162,37095,40115,65345,3/25/2014,7,17.4375,116,0,1.451830132,99217,3
12656,11-08-2008,11-09-2008,Female,5,guangzhou,guangdong,CN,33,3/31/2014,39,88144,47110,37166,68043,3/26/2014,6,18.97368421,120,0,1.393603751,92074,2
34530,9/20/2010,3/17/2011,Male,6,changchun,jilin,CN,44,3/31/2014,72,89685,25797,65138,73670,3/24/2014,8,8.690140845,30,0,1.286411022,102737,3
49855,10/14/2010,10/14/2010,Female,6,guangzhou,guangdong,CN,44,3/31/2014,83,83278,44591,38326,126476,3/26/2014,6,8.682926829,75,5,0.749031121,103944,12
56163,03-05-2005,8/17/2005,Female,5,guangzhoushi,guangdong,CN,39,3/31/2014,66,87635,45777,28548,121756,3/28/2014,4,11.13846154,65,8,0.777650711,132389,41
30116,3/27/2008,3/29/2008,Female,4,guangzhou,guangdong,CN,55,3/31/2014,46,85855,30859,47796,120983,2/24/2014,37,15.04444444,82,5,0.78231049,112148,10
2015,11-12-2004,11-12-2004,Male,6,,,CN,39,3/31/2014,65,89939,40120,45155,102504,3/23/2014,9,10.90625,53,7,0.923260068,94407,7
37142,05-10-2007,6/16/2007,Male,6,shanghai,shanghai,CN,49,3/31/2014,99,77910,29079,35224,123899,3/27/2014,5,7.285714286,45,1,0.763360156,93384,8
26580,03-08-2009,2/21/2012,Male,5,dalian,liaoning,CN,50,3/31/2014,54,85125,52455,36132,64453,3/28/2014,4,13.71698113,96,0,1.463962112,94769,6
10105,03-12-2007,11/18/2007,Male,6,guangzhou,guangdong,CN,38,3/31/2014,65,97732,35300,48594,107397,3/16/2014,16,11.15625,82,8,0.878302187,118859,26
45796,5/24/2006,9/13/2006,Male,4,guangzhou,guangdong,CN,41,3/31/2014,27,106109,57027,41600,100143,08-02-2013,243,14.38461538,66,1,0.941445133,111691,4
30865,02-01-2009,03-06-2009,Male,6,wulumuqi,xinjiang,CN,53,3/31/2014,36,87291,37775,36565,72186,03-11-2014,21,19.97142857,161,5,1.302530408,90987,6
59678,8/19/2011,8/19/2011,Female,6,.,beijing,CN,28,3/31/2014,61,89477,36095,44647,71752,03-12-2014,20,11.8,94,0,1.306106868,103704,3
915,11-10-2006,1/26/2007,Male,5,.,beijing,CN,39,3/31/2014,49,84754,28693,30580,65717,2014/2/29  0:00:00,32,14.25,65,1,1.425973949,93153,8
30355,6/16/2008,6/17/2008,Male,6,guangzhou,,CN,56,3/31/2014,46,90777,11182,73352,71260,3/29/2014,3,15.66666667,127,7,1.314534381,101654,8
1260,03-01-2008,4/17/2008,Male,5,guangzhou,guangdong,CN,55,3/31/2014,103,84523,50490,48583,125149,3/26/2014,6,7.078431373,41,7,0.746901054,95680,12
29550,6/17/2007,6/17/2007,Male,6,beijing,beijing,CN,47,3/31/2014,52,82431,50939,36436,76072,1/19/2014,73,12.78431373,42,1,1.228696235,87859,3
53079,9/15/2012,9/15/2012,Male,6,wulumuqi,xinjiang,CN,47,3/31/2014,36,93169,7924,57327,68799,3/23/2014,9,15.85714286,93,3,1.35804096,111951,7
57868,7/20/2009,7/20/2009,Female,5,shenzhen,guangdong,CN,49,3/31/2014,37,87570,33765,42965,66530,3/20/2014,12,17.41666667,74,1,1.402335037,92776,4
62499,11-02-2005,11-02-2005,Male,6,shenyang,liaoning,CN,42,3/31/2014,100,90524,39900,60711,64900,3/18/2014,14,6.97979798,40,2,1.4373,99761,4
19538,9/17/2007,10/18/2007,Male,6,guangzhou,guangdongsheng,CN,39,3/31/2014,51,86912,53069,29535,87589,3/25/2014,7,14.4,59,5,1.06409081,175628,38
3893,12/25/2006,05-11-2010,Male,5,wulumuqi,xinjiang,CN,37,3/31/2014,69,78605,33817,41301,125139,3/20/2014,12,10.55882353,52,0,0.742781227,84879,2
55820,6/26/2012,6/29/2012,Male,5,shanghai,shanghai,CN,47,3/31/2014,82,85187,47476,41113,109233,3/24/2014,8,7.827160494,37,0,0.850807631,93666,4
33829,10/20/2012,10/21/2012,Female,5,PARIS,,FR,43,3/31/2014,13,100383,8450,49283,95577,3/15/2014,17,42.58333333,117,0,0.971737343,106554,0
41140,2/25/2011,2/25/2011,Male,6,dongguan,guangdong,CN,56,3/31/2014,65,85121,24631,38365,74458,03-07-2014,25,11.03125,53,3,1.246913025,95706,10
41700,4/18/2012,05-08-2012,Male,5,,beijing,CN,48,3/31/2014,45,88829,45304,35159,74389,3/27/2014,5,15.65909091,87,0,1.247410235,91289,0
55140,2/26/2007,5/14/2007,Male,6,shenzhen,guangdong,CN,41,3/31/2014,118,71089,46759,43372,137477,3/30/2014,2,5.846153846,30,0,0.67473221,83722,4
21169,05-07-2008,05-07-2008,Male,5,guangzhou,guangdong,CN,56,3/31/2014,75,79457,35356,47383,127816,3/21/2014,11,9.527027027,71,0,0.725720724,89559,4
18371,5/20/2011,10/21/2011,Male,5,zhuhai,guangdong,CN,37,3/31/2014,56,84783,31523,52100,117444,3/31/2014,1,12.74545455,89,7,0.789488352,94736,30
10111,03-12-2007,10/24/2009,Male,5,guangzhou,guangdong,CN,53,3/31/2014,73,76050,33056,43434,128233,3/26/2014,6,9.930555556,115,0,0.720501275,83227,0
22929,10/17/2010,10/17/2010,Male,5,guangzhou,guangdong,CN,52,3/31/2014,66,84262,63457,30804,82682,3/15/2014,17,10.8,76,1,1.116894004,93530,9
59441,07-02-2011,07-09-2011,Male,5,aubervilliers,aubervilliers,FR,45,3/31/2014,21,68432,17960,29965,139888,3/26/2014,6,36.15,126,2,0.660121097,71428,2
12479,7/21/2008,7/28/2008,Male,5,guangzhou,guangdong,CN,54,3/31/2014,78,84166,40527,42564,114244,3/28/2014,4,9.220779221,40,6,0.807724519,100622,35
39109,06-01-2008,10-02-2009,Male,6,panjin,liaoning,CN,60,3/31/2014,90,79135,43733,34312,122350,3/30/2014,2,8.179775281,57,0,0.753979567,89159,4
29044,11-04-2004,11-04-2004,Female,5,beijing,beijing,CN,46,3/31/2014,80,82097,31743,33066,120362,3/24/2014,8,9.151898734,33,4,0.766244247,107309,11
15284,2/22/2012,2/22/2012,Male,4,MARSEILLE,MARSEILLE,FR,43,3/31/2014,20,84692,21750,24054,121103,01-07-2014,85,32.89473684,120,1,0.761441087,87682,1
2047,01-04-2005,2/28/2005,Female,4,beijing,beijing,CN,34,3/31/2014,80,91750,44686,36066,117968,03-01-2014,31,8.82278481,57,3,0.781219907,108712,12
2051,1/18/2005,6/26/2005,Male,5,guangzhou,guangdong,CN,38,3/31/2014,95,87816,69840,23980,104659,2/27/2014,34,7.393617021,150,2,0.87833354,97837,9
35700,10/25/2006,10/25/2006,Male,6,changchun,jilin,CN,59,3/31/2014,99,80399,30567,44903,117708,3/30/2014,2,7.387755102,56,1,0.780552044,89168,3
53997,3/14/2007,3/14/2007,Male,6,wulumuqishi,xinjiang,CN,57,3/31/2014,90,76505,25377,32209,128188,3/15/2014,17,7.943820225,36,0,0.716619964,97748,10
56624,07-01-2007,07-01-2007,Male,5,shenzhen,guangdong,CN,49,3/31/2014,33,88054,46160,31792,63453,3/31/2014,1,22.6875,78,3,1.447113927,94159,8
29198,06-01-2005,7/22/2005,Male,5,guangzhoushi,guangdong,CN,49,3/31/2014,73,84259,56546,29761,110537,3/20/2014,12,9.833333333,84,1,0.830436144,89866,6
9658,5/23/2006,06-07-2006,Male,6,guangzhou,guangdong,CN,40,3/31/2014,127,75080,45789,46840,124500,3/14/2014,18,5.658730159,47,8,0.737284819,90456,16
14574,07-03-2011,07-03-2011,Male,4,guangzhou,guangdong,CN,31,3/31/2014,83,85150,71675,4471,114627,10/26/2013,158,6.951219512,132,1,0.800316069,87371,4
60068,12/25/2011,12/25/2011,Male,6,beijing,beijing,CN,48,3/31/2014,27,98430,127812,23324,90731,3/24/2014,8,26.65384615,118,0,1.010241814,98430,0
3881,3/25/2010,3/25/2010,Male,5,guangzhou,guangdong,CN,33,3/31/2014,97,67595,33392,47154,149015,3/31/2014,1,7.364583333,71,3,0.614937825,88729,20
27827,06-01-2006,11-02-2006,Male,6,,beijing,CN,38,3/31/2014,77,90946,34515,45288,104572,3/25/2014,7,9.513157895,37,6,0.875997495,106708,18
10329,12/20/2009,2/17/2010,Male,4,VICTORIA,,AU,42,3/31/2014,19,110137,48328,42928,86805,1/27/2014,65,31.83333333,172,0,1.053728357,110137,0
999,1/14/2007,09-05-2007,Male,4,CHINO,california,US,38,3/31/2014,13,77676,20184,16321,125853,2/20/2014,41,37.08333333,123,1,0.72670131,77676,1
2115,3/17/2005,3/17/2005,Male,6,shantou,guangdong,CN,54,3/31/2014,139,87275,38932,60736,129859,3/31/2014,1,5.289855072,56,4,0.703798197,159864,60
47309,07-08-2005,8/16/2005,Male,6,guangzhou,guangdong,CN,35,3/31/2014,86,85784,43248,40203,113677,3/26/2014,6,8.494117647,39,1,0.803908618,102405,9
20305,5/23/2005,7/14/2005,Male,5,guangzhou,guangdong,CN,57,3/31/2014,82,74617,42963,39863,123788,3/30/2014,2,8.913580247,47,1,0.737626911,114156,43
62894,06-05-2006,9/29/2006,Male,6,wulumuqishi,xinjiang,CN,45,3/31/2014,41,82455,20890,82402,91797,03-01-2014,31,16.6,58,4,0.9943289,91678,6
40362,11-11-2009,11-11-2009,Male,5,guangzhoushi,guangdong,CN,34,3/31/2014,72,84990,52687,29612,120888,3/30/2014,2,10.26760563,80,4,0.755011912,97737,27
29121,3/19/2005,3/19/2005,Male,5,guangzhou,guangdong,CN,41,3/31/2014,82,81870,46161,39537,116502,3/21/2014,11,8.839506173,88,5,0.782969391,87386,10
52991,3/24/2012,3/24/2012,Male,6,.,beijing,CN,46,3/31/2014,83,86575,27915,63332,66764,3/28/2014,4,8.682926829,53,0,1.36549308,99347,4
26669,12/22/2005,12/22/2005,Male,5,changchun,jilin,CN,47,3/31/2014,92,85521,43780,40119,103985,3/18/2014,14,7.879120879,34,4,0.875138818,98478,8
44965,06-12-2006,7/17/2006,Male,5,wulumuqi,xinjiang,CN,40,3/31/2014,49,82797,52850,26898,98732,03-07-2014,25,14.625,98,6,0.920499534,88756,10
56097,11-11-2004,5/16/2005,Male,5,guangzhoushi,guangdongsheng,CN,47,3/31/2014,74,82236,43299,38307,126274,3/22/2014,10,9.876712329,37,2,0.719323851,96875,14
40749,6/14/2010,6/14/2010,Male,6,guangzhoushi,guangdongsheng,CN,35,3/31/2014,78,85982,45116,40420,106195,3/28/2014,4,9.337662338,41,0,0.854748717,100735,37
11607,9/24/2007,9/24/2007,Male,6,.,beijing,CN,47,3/31/2014,49,77850,30447,42548,105720,3/23/2014,9,14.5,39,1,0.858548997,86781,5
4317,09-08-2009,12-11-2009,Male,5,guangzhou,guangdong,CN,48,3/31/2014,44,87996,25290,56885,69154,03-03-2014,29,16.3255814,159,7,1.311839518,94472,9
19249,03-01-2007,3/21/2007,Male,4,SYDNEY,N.S.W,AU,40,3/31/2014,26,96979,36675,42833,103395,3/19/2014,13,28.16,101,4,0.875781421,111388,7
47093,11-11-2004,11/20/2004,Male,6,guangzhoushi,guangdongsheng,CN,41,3/31/2014,85,87699,45311,39265,124022,3/30/2014,2,8.583333333,53,6,0.729566125,116008,43
13888,11-09-2010,11-09-2010,Male,6,.,beijing,CN,54,3/31/2014,49,85341,33945,42131,62116,3/27/2014,5,15.10416667,91,3,1.454720362,97225,9
20402,8/28/2005,8/28/2005,Male,6,guangzhou,guangdong,CN,40,3/31/2014,69,93840,33234,49105,105755,3/27/2014,5,10.54411765,57,5,0.854199991,109012,21
5910,11-11-2012,11/13/2012,Male,5,Toyama-shi,Toyama-ken,JP,61,3/31/2014,53,62181,14142,114790,114734,3/24/2014,8,9.557692308,72,1,0.787266634,70768,1
30564,10-09-2008,05-05-2010,Female,4,ROSEMEAD,CA,US,54,3/31/2014,11,79092,13870,17300,134552,1/25/2014,67,62.6,172,0,0.670909091,79092,0
30096,3/30/2006,04-05-2006,Male,6,wulumuqi,xinjiang,CN,50,3/31/2014,55,87271,37547,34466,117957,3/22/2014,10,13.11111111,66,6,0.76517731,107978,15
20157,12/22/2004,04-06-2005,Male,6,,beijing,CN,62,3/31/2014,39,87513,30572,45001,63230,3/18/2014,14,18.76315789,85,3,1.427421952,93590,7
30771,11-06-2008,01-03-2009,Male,4,guangzhoushi,guangdong,CN,38,3/31/2014,18,60079,18272,21558,124386,2/27/2014,34,40.52941176,166,6,0.725114241,60079,6
31028,4/18/2009,6/14/2009,Female,4,wulumuqi,xinjiang,CN,32,3/31/2014,63,80682,25409,27627,137264,03-10-2014,22,11.41935484,57,1,0.656078433,95136,15
31495,01-02-2010,10/21/2010,Male,4,beijing,beijing,CN,40,3/31/2014,23,65534,34000,5490,169931,10-03-2013,181,24.95454545,180,0,0.529890073,65534,2
14282,07-10-2011,7/29/2011,Male,5,zhuzhou,hunan,CN,34,3/31/2014,55,77563,35707,34403,103869,3/19/2014,13,12.85185185,66,0,0.866817337,80677,0
14969,04-01-2012,04-06-2012,Male,4,YOKOSUKA-SHI,KANAGAWA-KEN,JP,51,3/31/2014,36,93670,48148,32300,112436,03-08-2014,24,20.05714286,78,4,0.799957309,115585,13
9594,3/23/2006,04-10-2006,Male,6,guangzhou,guangdong,CN,47,3/31/2014,43,85066,61296,30554,69158,3/24/2014,8,16.95238095,163,0,1.299686515,91653,3
21740,03-01-2010,3/26/2010,Male,4,.,.,JP,46,3/31/2014,59,87148,80392,7443,78595,3/30/2014,2,12.06896552,69,5,1.142706025,88924,6
59729,04-01-2012,04-01-2012,Male,5,beijing,beijing,CN,35,3/31/2014,69,90389,31880,44700,98267,3/28/2014,4,10.69117647,42,6,0.913754872,95535,10
46647,9/13/2011,03-08-2012,Male,4,wulumuqishi,xinjiang,CN,36,3/31/2014,77,62110,32248,24637,149556,03-05-2014,27,8.973684211,51,7,0.600361671,68530,9
57726,9/20/2008,05-01-2011,Male,6,guangzhoushi,guangdong,CN,30,3/31/2014,75,92712,33200,47744,113205,03-11-2014,21,9.581081081,66,3,0.793122565,136426,77
11321,9/23/2005,12-07-2005,Male,5,zhanjiang,guangdong,CN,53,3/31/2014,89,89556,38199,54308,98446,3/18/2014,14,8.090909091,64,15,0.911670561,99856,18
59560,4/28/2011,7/29/2011,Male,5,guangzhou,guangdong,CN,47,3/31/2014,51,88407,39570,52081,71594,3/31/2014,1,14.1,89,2,1.251371344,94032,3
56492,07-01-2007,7/18/2007,Male,5,kunming,yunnan,CN,49,3/31/2014,15,102707,29925,23227,84976,1/27/2014,65,43.78571429,247,4,1.053199256,186468,40
18022,05-09-2006,9/15/2006,Male,6,beijing,.beijing,CN,50,3/31/2014,51,73460,38772,33762,121900,3/22/2014,10,14.4,53,1,0.733716489,86144,5
11183,5/29/2005,5/29/2005,Male,6,zhuhai,guangdong,CN,43,3/31/2014,63,83588,43871,36228,84110,3/19/2014,13,11.4516129,84,6,1.062971704,146263,105
11243,7/19/2005,12/14/2005,Male,5,guangzhou,guangdong,CN,39,3/31/2014,67,84017,38719,40559,114895,3/29/2014,3,11.03030303,51,4,0.77813186,91186,8
11191,06-12-2005,08-08-2005,Male,4,guangzhou,guangdong,CN,37,3/31/2014,35,91568,12985,68506,102698,02-03-2014,58,14.61764706,120,2,0.869739722,98090,3
55420,7/31/2009,8/30/2009,Male,4,guangzhoushi,guangdongsheng,CN,36,3/31/2014,31,68328,33815,26035,112940,3/29/2014,3,24.06666667,183,3,0.789749247,83850,33
61982,12-01-2011,12/18/2011,Male,5,shenyang,liaoning,CN,48,3/31/2014,63,68361,33214,43705,131617,3/28/2014,4,11.30645161,75,0,0.677294726,73089,0
20557,05-08-2007,05-09-2007,Male,6,nanning,guangxi,CN,34,3/31/2014,95,82030,15506,43327,112565,3/31/2014,1,7.510638298,33,3,0.791891174,98435,5
8692,12/18/2005,12/18/2005,Male,5,dalian,liaoning,CN,42,3/31/2014,97,74603,22150,40167,111809,3/19/2014,13,7.458333333,69,2,0.795848724,98939,23
37007,1/24/2007,1/18/2008,Male,5,beijing,beijing,CN,54,3/31/2014,67,82465,42645,36618,124788,3/23/2014,9,10.74242424,37,0,0.712584784,86281,2
557,12/25/2005,1/24/2006,Male,6,guangzhou,guangdong,CN,40,3/31/2014,101,78310,42660,41369,119673,3/30/2014,2,7.29,55,3,0.742826118,101850,39
53184,03-07-2010,03-07-2010,Male,5,guangzhou,guangdong,CN,47,3/31/2014,60,69679,28919,44196,131743,03-11-2014,21,11.91525424,86,4,0.673196678,84979,10
23126,01-10-2011,01-12-2011,Female,4,guangzhou,guangdong,FR,40,3/31/2014,12,68332,16850,23700,121632,2/23/2014,38,55.36363636,126,0,0.728333333,68332,0
4672,8/19/2010,8/19/2010,Male,5,,,CN,54,3/31/2014,48,81431,61294,18614,63061,3/29/2014,3,15.38297872,94,3,1.404469958,83537,6
50244,4/20/2011,4/20/2011,Male,6,shanghai,shanghai,CN,55,3/31/2014,52,86632,37062,45694,62006,3/29/2014,3,14.17647059,80,3,1.427972616,99664,8
12524,09-05-2009,03-01-2010,Male,6,,,US,61,3/31/2014,11,96151,76614,11750,80261,3/23/2014,9,67.9,228,1,1.09967805,100443,2
9569,03-06-2006,04-01-2006,Male,5,guangzhou,guangdong,CN,44,3/31/2014,92,77249,41178,41981,108930,3/30/2014,2,8,48,6,0.810163224,109979,40
38541,3/28/2006,3/29/2006,Male,5,,xian,CN,43,3/31/2014,67,73908,42884,33682,116848,3/31/2014,1,10.77272727,47,1,0.754195707,81736,6
45995,11/23/2006,7/28/2007,Male,6,guangzhou,guangdong,CN,57,3/31/2014,47,83890,23116,56060,68720,3/26/2014,6,15.73913043,76,6,1.280616269,92398,7
8525,7/31/2006,7/31/2006,Female,4,shanghai,shanghai,CN,43,3/31/2014,109,67270,3355,5071,144111,2/15/2014,46,6.222222222,43,5,0.61047623,83170,13
9611,4/15/2006,06-03-2006,Male,5,guangzhou,guangdong,CN,48,3/31/2014,82,66726,40816,34615,135759,3/20/2014,12,8.555555556,50,4,0.646682872,77193,8
54785,06-05-2006,6/20/2006,Male,6,guangzhou,guangdong,CN,35,3/31/2014,68,99705,41576,38508,107075,03-11-2014,21,10.44776119,79,4,0.819026757,106925,8
5903,2/20/2012,03-11-2012,Male,6,guangzhou,guangdong,CN,45,3/31/2014,79,82933,28932,53039,113061,3/16/2014,16,8.91025641,55,6,0.775295725,94615,8
15475,4/28/2012,05-09-2012,Male,5,guangzhou,guangdong,CN,40,3/31/2014,74,77369,47441,43115,119277,3/21/2014,11,9.342465753,46,6,0.734588563,82133,6
18844,5/26/2006,7/26/2006,Male,4,beijingshi,beijing,CN,40,3/31/2014,31,82761,41870,33437,59830,12-10-2013,113,20.53333333,80,3,1.463755474,84454,5
5167,5/26/2012,5/26/2012,Male,5,NARA,NARA,JP,48,3/31/2014,34,98122,75096,64434,87326,3/24/2014,8,20.24242424,71,0,1.001857522,128256,8
19179,1/15/2007,1/15/2007,Male,5,guangzhou,guangdong,CN,39,3/31/2014,74,78485,40695,37228,126760,3/29/2014,3,9.863013699,35,4,0.690051909,85451,10
15802,7/27/2012,12-02-2012,Male,6,HENDERSOM,NEVADA,US,61,3/31/2014,7,97706,9800,48800,85624,3/25/2014,7,79.83333333,314,0,1.021428571,101194,0
40135,3/17/2009,3/31/2009,Male,4,SYDNEY,NSW,AU,54,3/31/2014,36,62317,36079,21282,118329,12/30/2013,93,18.14285714,85,3,0.739067177,62317,3
42700,07-11-2012,07-11-2012,Male,6,kunming,yunnan,CN,48,3/31/2014,43,86379,11215,60626,71368,3/23/2014,9,14.78571429,76,4,1.224596738,94678,5
34525,12/31/2009,12/31/2009,Female,6,guangzhoushi,guangdong,CN,34,3/31/2014,106,72711,51475,33531,128750,2/25/2014,36,6.619047619,43,7,0.678582369,85098,11
57559,09-02-2008,09-02-2008,Male,6,guangzhou,guangdong,CN,53,3/31/2014,89,77100,26172,59904,106167,3/29/2014,3,8.272727273,93,0,0.82264602,91456,2
16715,3/27/2010,07-12-2010,Male,4,changchun,jilinsheng,CN,54,3/31/2014,62,78842,36045,35568,89752,12/19/2013,104,9.852459016,82,2,0.972563954,86358,6
40365,10/24/2009,10/24/2009,Male,5,,,HK,56,3/31/2014,36,79172,21274,30986,63184,3/21/2014,11,19.22857143,94,0,1.380619144,84669,2
43846,4/27/2012,4/27/2012,Male,5,Goyang-si,Gyeonggi-do,KR,55,3/31/2014,51,69856,45955,40855,118422,3/20/2014,12,13.86,64,0,0.73627451,82553,14
54645,2/13/2006,04-09-2007,Male,5,guangzhou,guangdong,CN,45,3/31/2014,69,66400,13894,49353,119146,3/27/2014,5,8.279411765,36,4,0.731558088,80026,8
56118,01-11-2005,2/22/2006,Male,5,guangzhoushi,guangdongsheng,CN,45,3/31/2014,84,85593,40360,45603,90564,3/31/2014,1,8.240963855,42,3,0.962312287,93153,12
45566,12/13/2005,01-10-2006,Male,5,guangzhou,guangdong,CN,45,3/31/2014,68,77304,35569,43554,109665,3/27/2014,5,10.70149254,37,2,0.794431222,82659,5
38361,04-02-2007,11-05-2007,Male,4,shamen,fujian,CN,68,3/31/2014,20,76471,19750,36363,113068,3/29/2014,3,37.05263158,173,0,0.769414069,78582,0
156,1/13/2011,1/22/2011,Male,6,guangzhoushi,guangdong,CN,37,3/31/2014,27,85428,41202,16860,106399,01-03-2014,89,23.88461538,77,1,0.816711529,168458,42
29824,10/30/2007,10/30/2007,Female,4,guangzhou,guangdong,CN,49,3/31/2014,64,75379,55829,25645,114718,3/30/2014,2,11.50793651,70,1,0.757229554,84859,15
2149,4/16/2005,5/21/2005,Male,5,guangzhou,guangdong,CN,42,3/31/2014,113,63060,40666,41874,147384,3/25/2014,7,6.392857143,35,5,0.589203374,103861,54
8678,10/19/2007,10/19/2007,Male,6,shenyang,liaoning,CN,61,3/31/2014,40,77392,29655,44664,60149,3/30/2014,2,17.1025641,105,3,1.443029477,84126,5
53581,1/19/2006,1/19/2006,Male,5,beijing,beijing,CN,40,3/31/2014,80,68353,31314,39907,138420,3/30/2014,2,9.189873418,37,3,0.624723523,84105,9
30326,08-06-2008,8/21/2008,Male,5,dalian,liaoning,CN,49,3/31/2014,53,86920,51760,43416,113194,2/20/2014,41,12.94230769,53,1,0.76250826,98920,5
43637,09-01-2009,09-01-2009,Female,6,dalian,liaoning,CN,57,3/31/2014,109,65380,25453,25791,123276,3/31/2014,1,6.759259259,30,2,0.700098478,75280,6
55499,7/18/2010,11/20/2010,Male,5,guangzhoushi,guangdongsheng,CN,35,3/31/2014,70,86843,50055,29206,112890,3/28/2014,4,10.2173913,75,1,0.764457525,95565,6
49298,11/18/2009,01-08-2010,Male,6,.,beijing,CN,41,3/31/2014,35,79786,53857,23024,62808,3/23/2014,9,20.97058824,90,0,1.37325484,84253,4
42157,12/13/2011,2/19/2012,Male,6,beijing,beijing,CN,51,3/31/2014,34,84242,31705,43052,65969,03-03-2014,29,20.3030303,80,0,1.307116221,88211,3
10283,1/14/2009,1/17/2009,Male,5,guangzhou,guangdong,CN,33,3/31/2014,88,72746,46105,35298,110192,03-05-2014,27,8.08045977,55,3,0.782405619,212792,68
19508,10/21/2009,2/24/2010,Male,5,zhengzhoushi,henan,CN,36,3/31/2014,101,76699,40010,38723,104916,3/22/2014,10,7.21,52,7,0.821220119,109822,33
55130,02-01-2007,04-12-2007,Male,4,guangzhou,guangdong,CN,43,3/31/2014,44,59745,38109,26914,123585,3/17/2014,15,16.55813953,83,8,0.697107982,64174,8
29440,06-01-2007,06-01-2007,Male,6,shenyang,liaoning,CN,47,3/31/2014,57,62076,29445,39662,124821,3/31/2014,1,12.5,70,0,0.690196361,65164,0
40177,8/18/2010,8/19/2010,Male,6,nanhai,guangdong,CN,39,3/31/2014,43,84273,26822,54924,70258,3/21/2014,11,16.73809524,92,4,1.225645051,120965,24
49867,11/28/2010,1/19/2011,Male,5,anshan,liaoning,CN,53,3/31/2014,57,72602,24922,43079,101773,3/28/2014,4,12.5,138,5,0.846069291,75853,6
38621,10/25/2007,10/25/2007,Female,5,guangzhou,guangdong,CN,42,3/31/2014,82,74240,46167,33122,121881,3/21/2014,11,8.864197531,49,7,0.705870234,80251,12
40322,9/18/2009,3/22/2010,Male,4,foshan,guangdong,CN,38,3/31/2014,69,84626,71304,6681,94964,03-09-2014,23,10.39705882,213,5,0.903869993,90062,13
58432,2/20/2010,2/20/2010,Female,5,beijing,beijing,CN,43,3/31/2014,63,82596,40053,30967,102801,2/17/2014,44,11.08064516,48,1,0.833366699,91921,11
42627,4/24/2012,4/29/2012,Male,5,LEVALLOIS PERRET,92300,FR,35,3/31/2014,12,89175,85067,12236,84488,8/15/2013,230,43,146,0,1.013213001,89175,0
35314,10/17/2010,5/31/2011,Male,5,kuerle,xinjiang,CN,46,3/31/2014,69,83339,21560,40975,99590,3/15/2014,17,9.367647059,70,1,0.859349031,100125,8
57188,7/17/2007,7/17/2007,Male,6,haerbin,heilongjiang,CN,41,3/31/2014,88,85106,30763,39345,92775,3/28/2014,4,8.356321839,30,0,0.922312153,94601,4
17102,03-03-2012,3/28/2012,Male,5,shenyang,liaoning,CN,51,3/31/2014,59,57908,42397,29713,133334,3/29/2014,3,12.44827586,55,2,0.641461668,61160,2
62873,04-11-2006,4/17/2006,Male,5,hangzhou,zhejiang,CN,42,3/31/2014,40,65896,23893,40819,133403,3/22/2014,10,18.35897436,44,7,0.640861525,75546,10
29484,12/21/2008,12/21/2008,Male,4,SAN MARINO,CA,US,54,3/31/2014,13,68776,20720,14484,113580,01-06-2014,86,50.25,225,1,0.752468392,68776,1
29166,05-05-2005,06-01-2005,Male,6,guangzhou,guangdong,CN,43,3/31/2014,68,73658,34093,40130,119701,3/21/2014,11,10.6119403,71,2,0.712072581,79794,3
36116,11/29/2010,12/16/2010,Female,5,shenyang,liaoning,CN,47,3/31/2014,69,67143,21848,38013,119959,3/29/2014,3,10.67647059,47,2,0.710441151,81026,21
60503,5/20/2012,11/18/2012,Male,5,huizhou,guangdong,CN,39,3/31/2014,38,85151,16013,59150,63749,3/28/2014,4,13.40540541,94,4,1.335886053,100772,11
18790,03-09-2006,04-02-2006,Male,5,guangzhou,guangdong,CN,34,3/31/2014,97,78099,47544,39352,95578,3/14/2014,18,7.322916667,52,5,0.890442047,90497,31
11105,3/31/2005,07-08-2005,Male,4,guangzhoushi,guangdongsheng,US,66,3/31/2014,13,89158,32690,9441,96745,2/27/2014,34,53.75,176,7,0.879156546,89158,7
41035,12/13/2010,12/15/2010,Male,4,shanghai,shanghai,CN,39,3/31/2014,84,71997,21990,54675,124877,3/29/2014,3,8.722891566,98,3,0.680674344,77247,4
21151,3/25/2008,3/25/2008,Male,6,guangzhou,guangdong,CN,61,3/31/2014,33,79726,26685,47767,60566,1/13/2014,79,19.65625,129,0,1.400179804,85646,3
47964,9/24/2007,9/24/2007,Male,6,shanghai,shanghai,CN,50,3/31/2014,61,66095,22830,35085,129994,03-07-2014,25,11.58333333,121,0,0.652295875,80714,7
46252,6/17/2007,08-11-2007,Female,6,guangzhoushi,guangdongsheng,CN,50,3/31/2014,87,77762,35020,46616,114443,3/15/2014,17,8.244186047,47,6,0.740124516,89995,11
39255,10/13/2008,10/13/2008,Male,4,LNUT,,US,57,3/31/2014,17,67763,14119,26023,105518,3/19/2014,13,40.875,85,5,0.80243475,86730,9
44810,1/15/2006,1/15/2006,Male,5,shanghai,shanghai,CN,54,3/31/2014,62,77127,2229,8832,104351,3/29/2014,3,11.67213115,32,2,0.810345085,82506,7
47782,11-06-2007,6/13/2008,Male,5,changshaxian,hunan,CN,48,3/31/2014,79,75639,35447,36970,102926,3/30/2014,2,9.320512821,74,0,0.820983134,82252,2
39078,3/31/2008,3/31/2008,Male,5,nanhai,guangdong,CN,47,3/31/2014,58,75140,41075,35506,94188,01-07-2014,85,11.03508772,80,0,0.896582367,81902,2
11878,12-10-2007,12/19/2007,Male,4,CABRAMATTA,AUS,AU,48,3/31/2014,26,54198,28218,19872,126699,2/13/2014,48,26.12,72,1,0.666378424,54198,1
23577,8/22/2011,09-02-2011,Male,5,shanghai,shanghai,CN,42,3/31/2014,82,62949,3334,11552,120396,3/30/2014,2,8.888888889,40,0,0.700985,69073,3
19053,10/16/2006,03-12-2007,Male,6,dalianshi,liaoning,CN,42,3/31/2014,94,71408,27388,37291,110837,3/25/2014,7,7.698924731,65,8,0.761320588,138707,77
51497,05-12-2012,6/27/2012,Male,4,fanyu,guangdong,CN,50,3/31/2014,43,75879,13556,56755,88958,3/17/2014,15,14.97619048,77,0,0.947841903,79467,1
2155,4/29/2005,6/20/2005,Male,5,。,beijing,CN,64,3/31/2014,49,79640,41465,31161,82626,3/23/2014,9,14.83333333,110,0,1.019422095,82102,2
20561,08-12-2007,08-12-2007,Male,5,GREAT FALLS,VA,US,58,3/31/2014,32,94239,29738,23687,87009,3/21/2014,11,22.74193548,70,3,0.967861715,135820,35
59249,04-01-2011,7/30/2011,Male,5,foshanshi,guangdong,CN,35,3/31/2014,82,73802,34150,44498,119037,3/28/2014,4,8.864197531,38,4,0.706153885,85382,13
31448,08-06-2010,08-06-2010,Female,5,guangzhou,guangdong,CN,33,3/31/2014,62,80411,42770,31981,101808,03-10-2014,22,11.3442623,40,7,0.824876139,89527,14
62033,05-11-2012,05-11-2012,Male,6,beijing,beijing,CN,65,3/31/2014,67,76626,50851,35396,95683,3/14/2014,18,10.1969697,61,0,0.877645872,83899,2
57741,7/14/2009,8/19/2009,Male,6,dalian,liaoning,CN,39,3/31/2014,81,71801,28048,43851,103927,03-02-2014,30,8.65,38,7,0.807743897,122622,114
38207,07-07-2005,08-12-2005,Female,6,guangzhoushi,guangdongsheng,CN,42,3/31/2014,86,77290,51499,29838,105952,3/25/2014,7,8.470588235,46,5,0.791347497,90686,24
37124,04-02-2007,4/16/2007,Female,4,conghua,guangdong,CN,55,3/31/2014,6,90726,16750,69500,73392,12/21/2013,102,85.8,231,0,1.141666667,108171,4
31799,10-06-2010,10-06-2010,Female,5,75003,PARIS,FR,41,3/31/2014,9,89213,18400,30150,91224,1/23/2014,69,66.125,200,0,0.917777778,92059,0
31240,09-10-2009,09-10-2009,Male,6,guangzhou,guangdong,CN,38,3/31/2014,63,85024,41586,34456,102466,3/28/2014,4,11.69354839,80,3,0.81701218,92593,7
2018,11/17/2004,11/17/2004,Male,4,guangzhou,guangdong,CN,49,3/31/2014,38,66734,28934,30217,124410,1/26/2014,66,17.72972973,51,3,0.672776465,70001,12
22701,07-01-2010,07-06-2010,Male,6,shenzhen,guangdong,CN,54,3/31/2014,40,79541,18569,52265,63801,3/30/2014,2,18.38461538,54,2,1.311356405,84043,4
29347,10/20/2005,12-05-2005,Male,6,guangzhou,guangdong,CN,45,3/31/2014,73,69987,31217,43920,120191,3/23/2014,9,8.986111111,38,3,0.695825062,80860,9
1035,2/21/2007,4/19/2007,Male,6,guangzhou,guangdong,CN,44,3/31/2014,71,74666,32479,42783,107032,3/17/2014,15,10.15714286,44,5,0.78021629,94798,39
4331,10/17/2009,11/21/2009,Male,6,shenzhen,guangdong,CN,35,3/31/2014,74,75164,28862,45137,86299,3/31/2014,1,9.876712329,44,4,0.967311788,89831,14
33530,4/20/2012,4/20/2012,Male,4,guangzhou,guangdong,CN,45,3/31/2014,45,72221,46091,28840,83894,12/20/2013,103,13.84090909,103,1,0.995006913,77155,3
55364,5/27/2008,9/16/2008,Male,6,shantou,guangdong,CN,40,3/31/2014,127,69661,22212,62925,131400,3/31/2014,1,5.666666667,55,14,0.635267428,101599,52
47792,10/26/2007,10/26/2007,Male,5,guangzhou,guangdong,CN,55,3/31/2014,86,60157,37992,35494,130146,3/28/2014,4,8.247058824,66,0,0.641211101,68847,4
52714,8/31/2009,8/31/2009,Male,5,changchun,jilin,CN,38,3/31/2014,58,70236,34540,33319,114424,03-03-2014,29,11.28070175,61,3,0.728744669,82077,4
26509,5/18/2011,6/23/2011,Male,6,kuche,xinjiang,CN,46,3/31/2014,69,72716,21534,35077,101139,3/29/2014,3,10.58823529,76,0,0.82410712,85016,4
44606,6/28/2006,10/24/2006,Male,5,shenyangshi,liaoningsheng,CN,37,3/31/2014,38,69919,40955,29314,78846,2/18/2014,43,18.48648649,74,0,1.056982345,73549,2
3570,09-06-2008,09-06-2008,Male,6,guangzhoushi,guangdongsheng,CN,38,3/31/2014,78,75892,24327,51957,115093,3/13/2014,19,8.948051948,74,2,0.723989122,86959,4
9520,12/30/2005,05-12-2006,Male,4,beijing,beijing,CN,66,3/31/2014,16,87791,23860,36863,96627,1/24/2014,68,40.6,114,2,0.862176721,92059,3
1101,04-01-2007,5/30/2007,Male,4,.,beijing,CN,56,3/31/2014,37,76704,65247,18300,58302,10/21/2013,163,15.19444444,126,0,1.428155295,92543,15
62795,07-09-2007,07-09-2007,Male,5,guangzhoushi,guangdong,CN,50,3/31/2014,76,78455,28898,52635,116724,3/27/2014,5,9.573333333,51,8,0.713011977,133497,52
1282,01-12-2009,07-09-2010,Male,5,guangzhou,guangdong,CN,42,3/31/2014,44,79294,48524,28679,67601,3/30/2014,2,16.90697674,110,5,1.230681203,82323,8
56170,03-11-2005,04-06-2005,Male,6,guangzhou,guangdong,CN,42,3/31/2014,99,88329,33623,55750,87395,3/29/2014,3,7.397959184,47,8,0.951464844,133546,45
6022,1/13/2012,1/13/2012,Male,6,changsha,hunan,CN,58,3/31/2014,51,78517,42668,30611,61100,3/18/2014,14,13.82,73,0,1.357835843,83425,3
30310,09-09-2008,09-09-2008,Male,6,shenzhen,guangdong,CN,47,3/31/2014,66,76931,11395,55457,114482,3/27/2014,5,10.83076923,82,4,0.722954875,88321,5
9733,07-11-2006,9/15/2006,Male,6,changsha,hunan,CN,48,3/31/2014,77,80154,36496,37426,94084,3/27/2014,5,9.526315789,45,6,0.879383317,88772,10
46272,6/28/2007,09-05-2007,Male,6,dalian,liaoning,CN,48,3/31/2014,106,68954,32751,42992,104750,3/30/2014,2,6.838095238,50,2,0.78942673,80328,5
6480,5/19/2012,5/22/2012,Male,5,dalian,liaoning,CN,27,3/31/2014,94,61517,26238,41674,130742,3/31/2014,1,7.301075269,28,6,0.632198528,71836,7
57857,5/27/2011,5/27/2011,Male,6,guangzhou,guangdong,CN,34,3/31/2014,89,75337,35406,42662,109773,03-05-2014,27,7.318181818,53,3,0.752621956,91787,16
15633,5/25/2012,06-12-2012,Male,4,PARIS,PARIS,FR,72,3/31/2014,11,69482,18820,19765,101908,2/24/2014,37,62.2,131,0,0.810053381,69482,0
47933,01-11-2008,01-11-2008,Male,4,guilinshi,guangxizhuangzuzi,CN,50,3/31/2014,19,57828,3394,26358,114608,3/15/2014,17,25.11111111,119,0,0.719314533,61541,0
23070,4/22/2011,4/29/2011,Male,6,,,HK,62,3/31/2014,57,69006,15750,59964,87522,3/25/2014,7,12.69642857,101,0,0.941829369,75053,0
62373,04-05-2011,06-04-2011,Male,6,wulumuqi,xinjiang,CN,40,3/31/2014,65,65331,15151,12994,110131,3/14/2014,18,9.28125,127,2,0.747842479,68801,3
24551,06-01-2012,06-01-2012,Male,6,qingdaoshi,shandong,CN,39,3/31/2014,25,73542,33750,29012,58213,1/16/2014,76,24.75,140,0,1.413954787,73542,0
35715,10/30/2005,10/30/2005,Male,6,changchun,jilin,CN,60,3/31/2014,51,75239,28665,35331,57992,03-06-2014,26,13.6,133,4,1.418412885,84490,9
15383,03-01-2012,4/23/2012,Male,4,wulumuqi,xinjiang,CN,52,3/31/2014,54,72162,25515,33636,77707,3/13/2014,19,13.01886792,82,0,1.057823619,74225,1
12319,9/18/2008,9/18/2008,Female,4,guangzhou,guangdong,CN,55,3/31/2014,13,53181,14988,15052,118818,2/15/2014,46,54.16666667,143,0,0.691331701,53181,0
54390,3/22/2012,3/22/2012,Male,6,,beijing,CN,37,3/31/2014,72,79804,33244,45580,65267,3/25/2014,7,10.15492958,76,0,1.25802427,114260,14
57582,9/21/2008,2/28/2009,Male,6,guangzhou,guangdong,CN,46,3/31/2014,93,67036,38788,37645,118300,3/30/2014,2,7.902173913,52,6,0.693748774,85122,10
40819,5/19/2010,5/24/2010,Male,5,guangzhou,guangdong,CN,41,3/31/2014,31,81551,37875,33201,60318,03-05-2014,27,22.93333333,58,0,1.35912265,83267,0
36972,12-06-2006,02-04-2007,Male,5,guangzhou,guangdong,CN,42,3/31/2014,78,80263,35230,42855,99566,3/28/2014,4,9.415584416,47,7,0.822873672,108938,49
46348,5/20/2008,11/23/2012,Male,6,guangzhou,guangdong,CN,35,3/31/2014,96,70365,15079,63420,123933,3/28/2014,4,5.168421053,24,3,0.661020551,96520,41
26844,8/20/2008,8/20/2008,Male,5,changchun,jilin,CN,39,3/31/2014,58,69639,40313,26459,99952,03-12-2014,20,12.33333333,54,3,0.81945874,73938,4
24762,06-06-2012,06-06-2012,Male,5,shanghai,shanghai,CN,44,3/31/2014,85,73424,43516,32363,115207,3/24/2014,8,7.821428571,69,4,0.710912445,80003,7
707,5/30/2006,08-05-2007,Male,6,changsha,hunan,CN,47,3/31/2014,65,80126,23639,45091,92722,3/27/2014,5,11.3125,67,2,0.883145532,87710,3
11032,02-01-2005,02-02-2005,Male,6,guangzhou,guangdong,CN,45,3/31/2014,85,63521,37633,35531,124859,3/28/2014,4,8.488095238,37,1,0.65577155,117769,50
40022,12/28/2010,12/28/2010,Male,4,fuzhou,fujian,CN,39,3/31/2014,14,99828,36249,50993,79047,01-04-2014,88,47.15384615,133,0,1.035521272,102179,0
61843,09-08-2011,10/24/2011,Male,6,guiyang,guizhou,CN,49,3/31/2014,60,66086,41825,22757,118246,3/30/2014,2,12.27118644,111,6,0.691508973,68505,7
45980,11-07-2006,2/28/2009,Male,6,shenzhen,guangdong,CN,51,3/31/2014,39,77181,37287,30412,60512,3/24/2014,8,18.52631579,86,17,1.350910398,100768,42
8346,04-05-2011,5/27/2011,Male,5,yisilanbao,.,PK,53,3/31/2014,36,71946,56206,31664,75213,1/31/2014,61,18.02857143,116,0,1.086663476,78063,2
47214,04-10-2005,3/26/2006,Male,5,kunming,yunnan,CN,42,3/31/2014,17,63451,28290,7010,109583,2/15/2014,46,38.6875,336,0,0.745799622,67265,2
22310,10/31/2009,01-11-2010,Male,5,zhengzhou,henan,CN,46,3/31/2014,104,80096,45487,32309,93309,03-11-2014,21,6.815533981,33,0,0.875784758,85463,2
35904,4/19/2006,9/13/2007,Male,5,wulumuqishi,xinjiang,CN,49,3/31/2014,50,62571,24941,36746,125199,3/17/2014,15,14.3877551,88,0,0.652698823,69344,2
30242,3/23/2008,3/23/2008,Male,5,Sanda-shi,Hyogo-ken,JP,71,3/31/2014,41,51301,45416,34521,108363,3/20/2014,12,17.95,79,2,0.753658537,60763,9
51864,8/17/2012,8/17/2012,Male,4,COLLAROY PLATEAU,NSW,AU,64,3/31/2014,20,96763,52692,37986,77590,9/19/2013,195,20.94736842,79,0,1.052316793,96763,0
11681,09-09-2007,9/23/2007,Male,6,changsha,hunan,CN,48,3/31/2014,68,81102,27135,44511,86064,3/25/2014,7,10.56716418,106,5,0.948622421,113445,8
46215,04-01-2007,08-08-2007,Male,6,guangzhou,guangdong,CN,45,3/31/2014,99,71389,42394,40512,105598,3/30/2014,2,7.428571429,41,7,0.77280422,79080,10
23105,11/27/2010,12-06-2010,Male,6,shantou,guangdong,CN,42,3/31/2014,98,68699,37379,40297,120774,3/20/2014,12,7.288659794,39,3,0.675360094,87630,31
38006,12-01-2004,2/23/2005,Male,5,guangzhou,guangdong,CN,54,3/31/2014,89,67529,42752,35893,106510,3/24/2014,8,8.193181818,44,2,0.764573373,80821,8
3624,09-05-2008,09-08-2008,Male,4,guangzhou,guangdong,CN,40,3/31/2014,35,69242,18047,35563,105725,1/21/2014,71,12.47058824,66,1,0.768377962,75693,3
19168,01-08-2007,5/21/2007,Male,5,guangzhou,guangdong,CN,47,3/31/2014,78,81944,41670,35393,105745,3/26/2014,6,9.207792208,62,4,0.767752423,87817,9
49645,3/15/2010,05-11-2010,Male,5,foshanshi,guangdong,CN,43,3/31/2014,75,70509,30101,42449,119758,3/28/2014,4,9.243243243,36,1,0.677779021,92308,36
18792,4/20/2006,4/21/2006,Male,6,nanhai,guangdong,CN,46,3/31/2014,56,78455,49573,32001,57828,3/17/2014,15,13.01818182,46,0,1.402678633,82052,2
42199,01-03-2012,01-03-2012,Female,5,beijing,beijing,CN,31,3/31/2014,29,69301,28559,38940,81848,3/30/2014,2,25.71428571,95,0,0.99101884,74102,2
48826,12-03-2011,12-03-2011,Male,5,shenzhenshi,guangdong,CN,32,3/31/2014,55,71046,38741,31123,100558,2/16/2014,45,12.68518519,58,3,0.806229241,98321,23
45997,11/15/2006,12-10-2006,Male,6,wulumuqi,xinjiang,CN,43,3/31/2014,26,76639,2288,64589,70104,3/14/2014,18,16.04,140,0,1.156431302,84562,2
55246,05-07-2007,2/24/2008,Male,6,.,beijing,CN,44,3/31/2014,66,77216,29705,39048,94599,3/27/2014,5,11.10769231,59,4,0.856638865,84394,10
9589,3/27/2006,6/27/2006,Female,5,guangzhou,guangdong,CN,40,3/31/2014,67,70217,32549,40703,112610,3/27/2014,5,10.89393939,57,4,0.718858183,81242,13
52831,7/23/2010,7/25/2010,Male,5,guangzhou,guangdong,CN,33,3/31/2014,65,83276,31494,46322,99061,3/15/2014,17,11.09375,90,4,0.81700528,105390,34
7581,7/27/2010,7/27/2010,Male,6,changshashi,hunan,CN,53,3/31/2014,76,75617,33598,40337,82442,3/23/2014,9,9.546666667,39,3,0.981291089,168921,29
37156,5/18/2007,7/14/2008,Male,5,shenzhen,guangdong,CN,45,3/31/2014,38,75227,30988,21966,58995,3/28/2014,4,19.37837838,99,0,1.370945673,79865,4
49748,3/15/2011,3/15/2011,Male,5,TONDABAYASHI,OSAKA,JP,50,3/31/2014,51,60149,54418,29992,113913,3/15/2014,17,13.98,62,3,0.710000088,65879,5
26663,5/14/2006,5/14/2006,Male,6,changchun,jilin,CN,40,3/31/2014,71,66529,13402,57591,109398,3/29/2014,3,10.31428571,133,7,0.738039452,80434,9
14917,8/25/2012,8/25/2012,Male,6,san jose,ca,US,63,3/31/2014,67,85314,46263,47841,64594,3/23/2014,9,8.727272727,44,0,1.248345512,93882,1
10971,11/20/2004,8/26/2005,Male,4,guangzhou,guangdong,CN,46,3/31/2014,61,71323,57025,13968,108008,03-07-2014,25,11.76666667,154,1,0.746502852,75851,5
30463,07-12-2008,7/13/2008,Male,6,shenzhen,guangdong,CN,47,3/31/2014,44,75321,17040,46220,56219,3/29/2014,3,14.48837209,67,4,1.434023907,87685,11
58269,9/20/2009,03-09-2010,Male,6,guangzhoushi,guangdong,CN,35,3/31/2014,120,70500,41174,41713,101087,3/31/2014,1,5.932773109,34,6,0.797076083,202917,101
49045,10-09-2010,04-12-2011,Male,6,nanyang,henan,CN,48,3/31/2014,101,76567,33465,38898,94342,3/31/2014,1,7.29,39,6,0.853658074,91990,11
49564,7/24/2010,7/24/2010,Male,5,zhongshan,guangdong,CN,58,3/31/2014,34,78202,36154,33255,58541,3/24/2014,8,21.90909091,106,0,1.375456688,83068,3
53643,9/19/2006,9/19/2006,Male,6,zhuhai,guangdong,CN,51,3/31/2014,70,70815,29689,37922,116485,3/23/2014,9,10.44927536,59,3,0.689642615,74542,3
3920,5/16/2009,3/25/2010,Male,5,fushunshi,liaoningsheng,CN,,3/31/2014,34,78812,29640,38853,90814,03-04-2014,28,20.96969697,37,1,0.883529412,80200,1
23142,5/25/2012,5/25/2012,Male,6,EDOGAWA-KU,TOKYO-TO,JP,51,3/31/2014,31,88606,43415,36508,100130,2/26/2014,35,21.4,86,2,0.801290323,93300,4
23352,02-10-2012,2/15/2012,Male,4,SAPPORO-SHI,HOKKAIDO,JP,79,3/31/2014,44,50922,42516,34963,102276,1/30/2014,62,15.04651163,52,0,0.784301009,52546,0
4192,06-07-2010,6/16/2010,Female,6,guangzhou,guangdong,CN,30,3/31/2014,43,76073,8975,66580,60630,03-05-2014,27,16.66666667,256,0,1.322550717,85495,2
16720,01-11-2010,2/15/2010,Male,4,shenyangshi,liaoning,CN,48,3/31/2014,62,68298,32441,31859,104969,2/27/2014,34,11.26229508,59,3,0.762393469,80431,17
57187,4/27/2008,1/14/2011,Male,5,zhengzhou,henan,CN,38,3/31/2014,35,75885,27939,32732,57698,03-06-2014,26,20.64705882,98,0,1.386811155,79079,1
38771,12/17/2007,5/20/2008,Male,6,guangzhou,guangdong,CN,38,3/31/2014,51,72774,40754,28782,92818,3/28/2014,4,14.48,64,2,0.861574479,84398,8
55749,3/20/2012,3/31/2012,Male,4,HONG KONG,,HK,62,3/31/2014,59,53304,26742,41925,118571,3/29/2014,3,12.39655172,53,0,0.673916894,57452,0
14678,9/27/2011,9/27/2011,Male,6,,MAKASAN RATCHTEW1,TH,52,3/31/2014,54,77331,48868,51961,64470,3/26/2014,6,13.24528302,65,0,1.238703118,83223,1
51044,1/13/2012,1/26/2012,Female,5,dongguan,guangdong,CN,25,3/31/2014,55,67784,13932,53608,84601,03-09-2014,23,11.98148148,115,0,0.942580466,84980,23
24277,12-07-2011,12-07-2011,Male,4,guangzhou,guangdong,CN,37,3/31/2014,34,86501,30418,21172,84892,1/23/2014,69,19.3030303,78,1,0.938940654,91982,4
30903,2/18/2009,2/27/2009,Male,5,guangzhou,guangdong,CN,38,3/31/2014,58,72404,25139,42682,107038,3/30/2014,2,12.78947368,84,3,0.744657411,75053,3
44,11/17/2006,11/17/2006,Male,5,shenyang,liaoning,CN,43,3/31/2014,83,71448,43283,26521,95665,3/29/2014,3,8.87804878,42,6,0.832975069,162791,55
45587,01-04-2006,1/29/2006,Male,6,guangzhou,guangdong,CN,56,3/31/2014,39,74845,20394,48534,64329,3/29/2014,3,18.05263158,101,1,1.238633431,78426,1
11152,4/20/2005,07-02-2005,Male,5,guangzhoushi,guangdong,CN,38,3/31/2014,65,70582,16847,49552,102141,3/14/2014,18,10.84375,161,3,0.779959566,81631,5
57717,9/15/2008,9/15/2008,Male,4,foshan,guangdong,CN,46,3/31/2014,44,76598,33301,49144,83527,3/22/2014,10,14.37209302,80,8,0.953680726,126899,20
45994,11-06-2006,2/27/2008,Male,5,.,beijing,CN,35,3/31/2014,64,62616,27337,22419,124573,3/31/2014,1,11.57142857,63,6,0.639421062,67742,9
59352,2/28/2012,2/28/2012,Male,6,beijing,beijing,CN,52,3/31/2014,50,72737,36304,35672,64381,1/25/2014,67,13.42857143,80,2,1.237046489,81404,6
8329,5/20/2011,06-04-2011,Male,6,wulumuqi,xinjiang,CN,44,3/31/2014,27,71594,26670,26848,55673,01-09-2014,83,23.57692308,120,4,1.42926697,72926,5
20194,02-01-2005,02-02-2005,Male,5,beijing,beijing,CN,36,3/31/2014,40,75658,28069,41155,77198,3/23/2014,9,18.17948718,92,0,1.030612192,78021,0
38225,7/27/2005,07-04-2007,Male,5,guangzhou,guangdong,CN,39,3/31/2014,72,66319,39764,33130,107745,3/30/2014,2,10.02816901,77,5,0.738133649,91664,11
38493,6/18/2007,6/18/2007,Male,6,dalian,liaoning,CN,54,3/31/2014,47,74277,53538,17750,57158,2/20/2014,41,14.69565217,130,8,1.391171839,78359,13
54597,12-07-2005,4/27/2006,Male,5,shenzhen,guangdong,CN,42,3/31/2014,70,71508,23294,40167,112030,3/31/2014,1,10.57971014,71,3,0.709738017,85521,23
13946,1/30/2011,1/30/2011,Male,4,guangzhou,guangdong,CN,34,3/31/2014,51,77170,49769,33342,107440,12-10-2013,113,11.84,56,1,0.739495067,87565,17
693,5/25/2006,5/25/2006,Male,6,zhuhai,guangdong,CN,46,3/31/2014,52,71462,49222,21714,98327,3/31/2014,1,14.21568627,103,7,0.807594964,87080,37
33570,6/26/2012,6/26/2012,Male,6,guangzhou,guangdong,CN,30,3/31/2014,57,77168,28480,43061,99434,3/30/2014,2,11.48214286,38,2,0.798412817,133456,26
47381,09-04-2005,10/28/2005,Male,6,wuhan,hubei,CN,52,3/31/2014,56,78012,19440,61755,87321,3/30/2014,2,13.2,96,3,0.908338086,95106,6
40402,12/13/2009,12/13/2009,Male,6,guangzhou,guangdong,CN,45,3/31/2014,32,79139,33575,35191,60308,3/19/2014,13,23.03225806,91,1,1.3146624,81518,1
3553,1/30/2006,1/30/2006,Male,6,shenyang,shenyang,CN,41,3/31/2014,65,71202,14128,22446,94255,3/31/2014,1,11.359375,54,3,0.841129807,96007,13
4254,11-07-2009,11-07-2009,Male,4,guilin,guangxi,CN,48,3/31/2014,16,67968,13446,14985,127164,03-02-2014,30,46.73333333,116,7,0.623378315,67968,7
46483,5/26/2010,5/26/2010,Male,5,guangzhoushi,,CN,43,3/31/2014,81,68907,29103,41614,110402,3/24/2014,8,9.025,41,0,0.717648956,96715,42
3120,3/23/2008,3/23/2008,Male,6,guangzhou,guangdong,CN,58,3/31/2014,44,69905,22793,32787,104867,12/22/2013,101,14.65116279,63,6,0.755509741,87292,10
49051,1/25/2011,1/25/2011,Male,6,dalian,liaoning,CN,39,3/31/2014,96,65436,20961,50755,107452,3/21/2014,11,7.410526316,58,3,0.737285951,77930,6
60765,1/27/2013,02-07-2013,Male,5,wulumuqi,xinjiang,CN,45,3/31/2014,37,72618,18236,41956,77098,1/17/2014,75,9.555555556,31,0,1.025352668,79308,2
61862,03-01-2011,3/30/2011,Female,4,changchun,jilin,CN,37,3/31/2014,63,67023,8678,16241,108377,3/22/2014,10,11.61290323,58,3,0.729203429,75320,19
13352,11/22/2009,11/22/2009,Male,6,guangzhou,guangdong,CN,37,3/31/2014,81,61434,30766,39390,116556,03-11-2014,21,8.8625,60,0,0.677642764,79230,27
39682,12/21/2009,12/21/2009,Male,5,guangzhou,guangdong,CN,44,3/31/2014,82,58834,36457,35254,127934,3/19/2014,13,8.802469136,44,2,0.617297044,67236,8
46158,3/16/2007,06-12-2007,Male,6,guangzhou,guangdong,CN,59,3/31/2014,38,76857,33770,37470,62200,3/30/2014,2,18.7027027,115,3,1.269493087,81281,5
45610,02-12-2006,02-12-2006,Male,5,beijing,beijing,CN,47,3/31/2014,25,78764,22154,42954,63767,2/23/2014,38,26.79166667,123,5,1.238245644,79652,7
31016,04-03-2009,04-03-2009,Male,4,zhuhai,guangdong,CN,60,3/31/2014,50,72245,65460,11552,58964,1/22/2014,70,12.75510204,104,4,1.338983448,85452,10
16656,3/30/2009,3/30/2009,Male,6,changchun,jilin,CN,33,3/31/2014,66,71649,21192,37372,95599,3/26/2014,6,11.12307692,97,13,0.825197125,79764,15
35754,08-01-2008,08-01-2008,Male,6,jilin,jilin,CN,45,3/31/2014,75,71364,32496,43930,96092,3/30/2014,2,9.675675676,43,0,0.820139033,75671,0
14539,04-01-2011,4/19/2011,Female,6,guangzhoushi,guangdong,CN,49,3/31/2014,70,64758,24538,45002,119084,3/20/2014,12,9.782608696,59,3,0.661306893,92501,16
30130,3/13/2008,05-10-2010,Male,6,shenyang,liaoning,CN,50,3/31/2014,93,75430,27280,53876,67658,3/29/2014,3,7.869565217,37,5,1.163014573,93640,9
8614,7/15/2007,7/15/2007,Male,5,shenyangshi,liaoningsheng,CN,47,3/31/2014,97,75187,33434,29439,98027,3/30/2014,2,7.520833333,36,7,0.801951809,85942,14
10498,10-01-2010,5/24/2011,Male,5,shanghai,shanghai,CN,43,3/31/2014,72,68267,36277,37347,100623,03-12-2014,20,9.971830986,61,2,0.780282142,72238,6
31428,3/15/2010,06-02-2010,Male,4,Singapore,Singapore,SG,50,3/31/2014,65,75259,40598,32080,105089,3/27/2014,5,11.09375,115,2,0.746562628,85362,18
47405,9/20/2005,11-10-2005,Male,5,guangzhou,guangdong,CN,56,3/31/2014,45,75253,48206,25211,57094,02-01-2014,60,15.20454545,62,1,1.373917224,85360,12
2893,5/28/2008,06-02-2008,Male,5,shenzhen,guangdong,CN,57,3/31/2014,27,75500,28125,38701,53927,3/22/2014,10,26.96153846,98,3,1.453638993,78554,4
58076,03-01-2009,3/23/2010,Male,5,guangzhou,guangdong,CN,39,3/31/2014,81,74480,26051,48106,99333,3/30/2014,2,8.15,48,8,0.789152044,94384,12
8211,2/17/2011,3/20/2011,Male,5,dalianshi,liaoning,CN,31,3/31/2014,74,60211,29571,38030,123708,3/24/2014,8,9.767123288,38,6,0.633542051,101356,37
35446,09-09-2005,09-09-2005,Male,6,shenyang,liaoning,CN,57,3/31/2014,81,76172,21055,35421,96407,3/30/2014,2,9.075,72,5,0.812844814,85104,7
19873,6/15/2012,6/27/2012,Male,5,guangzhou,guangdong,CN,58,3/31/2014,43,62107,22023,53523,87048,1/29/2014,63,13.83333333,62,1,0.900012981,64873,2
1801,09-07-2010,09-07-2010,Male,6,,beijing,CN,52,3/31/2014,13,84110,29655,30360,74307,1/30/2014,62,53.91666667,216,1,1.054007025,93690,4
22454,01-08-2010,1/13/2010,Male,6,changshashi,hunan,CN,47,3/31/2014,68,74737,38275,30155,87657,3/30/2014,2,10.64179104,104,0,0.893445703,80460,2
61764,6/29/2011,07-02-2011,Male,5,dalian,liaoning,CN,45,3/31/2014,51,39889,54626,48800,105499,3/29/2014,3,14.32,37,0,0.742125613,41770,0
7646,7/30/2009,10-09-2009,Male,5,shanghaishi,shanghai,CN,40,3/31/2014,65,67333,39745,13806,94928,2/25/2014,36,10.859375,82,1,0.824223306,70204,2
1204,06-12-2007,6/14/2007,Female,5,guangzhou,guangdong,CN,38,3/31/2014,61,85133,28249,43650,95828,3/20/2014,12,11.81666667,49,7,0.816480465,102096,38
45667,09-01-2005,09-01-2005,Male,5,guangzhou,guangdong,CN,45,3/31/2014,34,72465,25395,42022,54155,3/29/2014,3,22.03030303,85,0,1.441951251,80102,5
55477,09-12-2005,9/13/2005,Male,6,guangzhou,guangdong,CN,52,3/31/2014,106,83901,49592,54306,73656,3/31/2014,1,6.8,32,6,1.059797165,95994,11
22402,12/22/2009,12/23/2009,Male,5,niujiushi,cichengxian,JP,55,3/31/2014,68,66235,40859,31119,117406,3/22/2014,10,10.68656716,54,1,0.664639116,73031,2
59835,03-03-2011,4/22/2011,Male,6,guangzhou,guangdong,CN,55,3/31/2014,69,76590,43483,40949,59262,3/27/2014,5,10.27941176,56,1,1.315850461,84095,4
46767,04-06-2012,5/26/2012,Male,6,beijing,beijing,CN,53,3/31/2014,31,78214,11790,55911,54938,3/23/2014,9,22.23333333,130,0,1.418710546,90814,4
49656,3/23/2010,3/23/2010,Male,5,guangzhou,guangdong,CN,32,3/31/2014,85,57601,40655,31758,123956,3/28/2014,4,8.595238095,51,2,0.628632821,65237,8
38026,11-10-2004,02-08-2005,Male,6,guangzhou,guangdong,CN,42,3/31/2014,85,68036,32596,39389,115698,3/23/2014,9,8.583333333,43,4,0.673153382,76800,10
24643,6/26/2012,6/26/2012,Male,4,taizhou,jiangsu,CN,30,3/31/2014,44,63340,22141,33887,122665,03-11-2014,21,14.51162791,47,0,0.634257612,66989,1
29118,03-12-2005,3/29/2005,Male,5,shanghai,shanghai,CN,45,3/31/2014,82,76422,35160,41207,84793,3/30/2014,2,8.950617284,47,0,0.917503332,89192,6
6362,5/17/2012,5/17/2012,Male,5,,beijing,CN,34,3/31/2014,78,69757,18273,40317,92800,03-12-2014,20,8.636363636,40,0,0.837629526,81335,6
31026,5/31/2010,7/31/2010,Male,4,wulumuqi,xinjiang,CN,43,3/31/2014,35,70055,47684,11435,98033,6/18/2013,288,12.97058824,106,3,0.792854447,70055,3
100,11/17/2010,06-07-2011,Female,5,guangzhou,guangdong,CN,31,3/31/2014,64,66106,41568,25794,113219,03-09-2014,23,11.17460317,68,2,0.686384706,75624,16
22634,4/20/2010,4/20/2010,Male,5,,,HK,41,3/31/2014,49,60317,27471,39801,106738,3/29/2014,3,15.0625,52,0,0.727940377,77691,7
14666,1/28/2012,03-12-2012,Male,4,ALHAMBRA,CALIFORNIA,US,32,3/31/2014,9,55828,11350,15850,110088,11-10-2013,143,72.625,266,0,0.705555556,55828,0
44944,04-11-2006,12-12-2006,Male,5,akesushi,xinjiang,CN,46,3/31/2014,44,60417,29037,31154,128750,12/18/2013,105,14.41860465,111,3,0.603258718,63884,5
48044,10/16/2007,10/16/2007,Male,5,haerbin,heilongjiang,CN,43,3/31/2014,86,59064,55971,46323,119842,3/29/2014,3,8.458823529,43,4,0.647968909,84669,19
18819,05-12-2006,7/20/2007,Male,5,guangzhou,guangdong,CN,47,3/31/2014,45,61409,28231,30171,101385,3/25/2014,7,16.20454545,60,3,0.765687133,88919,33
686,5/23/2006,06-12-2006,Male,6,guangzhou,guangdong,CN,41,3/31/2014,78,66455,27240,45578,113329,03-02-2014,30,9,114,3,0.684981426,85692,37
32225,05-05-2011,05-05-2011,Male,5,dongguan,guangdong,CN,56,3/31/2014,59,69581,40075,36019,108263,3/18/2014,14,12.34482759,53,3,0.71581593,89815,18
56750,8/25/2007,01-07-2009,Male,6,dongguanshi,guangdong,CN,35,3/31/2014,98,77688,15931,47825,99128,3/31/2014,1,5.030927835,40,7,0.781575034,96448,10
42189,12/21/2011,12/21/2011,Male,5,guangzhou,guangdong,CN,36,3/31/2014,87,65722,35706,38393,104670,3/20/2014,12,8.302325581,38,3,0.739837298,75684,9
54838,7/19/2006,7/19/2006,Male,4,REDLANDS,CALIFORNIA,US,58,3/31/2014,25,42719,21212,10932,118355,2/22/2014,39,26.79166667,136,0,0.654261755,42943,1
22999,1/22/2011,1/22/2011,Female,5,guangzhou,guangdong,CN,30,3/31/2014,48,66977,22504,40363,88016,03-09-2014,23,15.04255319,153,3,0.879216392,69929,3
41908,10/23/2011,10/23/2011,Male,6,beijing,.,CN,53,3/31/2014,53,66351,25627,34988,59280,3/19/2014,13,13.80769231,90,4,1.304834683,73270,6
11015,11/25/2004,7/23/2005,Male,4,dongjingdu,,JP,69,3/31/2014,31,80862,63084,30465,82721,3/22/2014,10,22.03333333,85,0,0.934580215,87556,3
28041,12/22/2006,03-05-2007,Male,5,shenzhen,guangdong,CN,43,3/31/2014,61,65922,33145,28470,102513,3/20/2014,12,11.8,76,0,0.754131281,69312,3
40606,05-07-2010,5/17/2010,Male,5,guangzhoushi,guangdong,CN,44,3/31/2014,54,74141,41659,32946,87327,3/30/2014,2,13.66037736,99,3,0.885256908,160506,55
62650,09-05-2007,09-05-2007,Male,6,.,beijing,CN,40,3/31/2014,68,74456,33304,35263,83233,3/30/2014,2,10.76119403,51,4,0.928783415,82375,12
4311,3/22/2010,3/28/2010,Male,5,guangzhou,guangdong,CN,43,3/31/2014,80,61558,25602,44910,110571,3/27/2014,5,8.683544304,56,10,0.698741804,67588,14
10171,06-09-2007,10-01-2007,Male,6,guangzhou,guangdong,CN,35,3/31/2014,70,74147,21210,50558,91869,3/30/2014,2,10.27536232,108,3,0.839639269,94649,17
22784,8/14/2010,8/14/2010,Male,6,wuhan,hubei,CN,45,3/31/2014,61,73976,21875,50956,71334,3/30/2014,2,12.15,55,5,1.081109008,85005,10
27644,11/24/2005,11/24/2005,Male,6,guangzhou,guangdong,CN,46,3/31/2014,59,67954,39494,29524,96238,3/23/2014,9,12.29310345,70,0,0.801115464,90520,32
32881,2/16/2012,3/25/2012,Male,5,nanhai,guangdong,CN,27,3/31/2014,71,67256,26233,44496,108053,3/29/2014,3,10.4,42,0,0.713502263,75653,22
37819,10-03-2012,11-01-2012,Male,6,Argyle,,US,63,3/31/2014,9,87310,18800,29332,75093,1/25/2014,67,56.25,139,0,1.026311241,90798,0
22632,04-06-2010,04-08-2010,Male,5,.,beijing,CN,45,3/31/2014,43,70800,35816,33048,63261,2/28/2014,33,16.5952381,76,3,1.218127915,81103,9
10004,2/16/2007,3/28/2007,Male,6,shanghai,shanghai,CN,39,3/31/2014,65,70886,30530,31027,81718,3/20/2014,12,11.203125,57,3,0.942705034,75158,7
36016,2/15/2006,01-02-2007,Male,6,changsha,hunan,CN,50,3/31/2014,118,74823,27356,49584,113715,3/31/2014,1,6.222222222,38,11,0.677334828,93821,14
37456,8/20/2010,05-02-2011,Male,6,guangzhou,guangdong,CN,58,3/31/2014,31,77828,37810,39109,57054,03-05-2014,27,21.43333333,68,0,1.348767483,80560,0
3697,02-06-2011,02-06-2011,Male,4,SAN GABRIEL,CA,US,37,3/31/2014,13,61080,10350,16432,123460,2/27/2014,34,54.83333333,161,2,0.623107079,61080,2
39058,8/14/2006,8/14/2006,Male,6,dalian,liaoning,CN,41,3/31/2014,105,63634,31593,37429,100538,3/21/2014,11,6.865384615,27,3,0.764620343,86938,43
8485,7/20/2006,7/20/2006,Male,5,guangzhou,guangdong,CN,33,3/31/2014,54,75836,68548,9734,97929,12/15/2013,108,11.73584906,78,3,0.784982998,133463,51
44344,08-07-2009,08-07-2009,Male,6,.,beijing,CN,55,3/31/2014,39,74185,31120,35939,53274,3/28/2014,4,18.26315789,88,0,1.441390547,77478,1
35783,9/19/2008,9/22/2008,Male,6,shenyangshi,liaoningsheng,CN,47,3/31/2014,67,73933,12244,42877,83561,3/30/2014,2,10.66666667,140,1,0.918858199,83957,3
26950,04-02-2006,10-10-2006,Male,6,wulumuqishi,xinjiang,CN,63,3/31/2014,43,73167,18733,42144,93927,03-08-2014,24,16.57142857,83,3,0.81727746,80284,6
38980,01-12-2008,01-12-2008,Male,6,shenyang,liaoning,CN,37,3/31/2014,78,77285,16700,24229,91540,3/29/2014,3,9.272727273,39,1,0.838375901,85368,5
47271,5/28/2005,2/19/2006,Male,5,guangzhou,guangdong,CN,38,3/31/2014,77,56044,39214,31265,119849,3/31/2014,1,9.5,34,3,0.640188153,62757,6
22508,12-08-2009,02-05-2010,Male,5,,beijing,CN,34,3/31/2014,33,77475,0,65038,60387,3/30/2014,2,9.03125,42,1,1.270434862,85931,3
1040,03-08-2007,04-06-2007,Male,5,guangzhou,guangdong,CN,41,3/31/2014,67,67647,30349,38212,107438,03-07-2014,25,10.66666667,55,3,0.71315326,74699,9
30713,10/30/2008,10/30/2008,Male,5,shenzhen,guangdong,CN,47,3/31/2014,34,71840,30375,36487,52371,3/31/2014,1,21.54545455,103,4,1.462471215,75757,6
19525,1/31/2010,3/19/2010,Male,4,changchun,jilin,CN,56,3/31/2014,40,56572,28251,33789,104027,01-10-2014,82,15.41025641,133,7,0.735624021,61602,9
58402,2/28/2010,2/28/2010,Male,6,guangzhoushi,guangdongsheng,CN,61,3/31/2014,47,71959,30546,38249,57546,2/27/2014,34,14.63043478,53,2,1.329559135,78055,6
54876,7/26/2006,7/26/2006,Male,5,guangzhoushi,guangdongsheng,CN,34,3/31/2014,49,68787,20340,45885,98276,3/18/2014,14,13.35416667,103,6,0.778446009,78385,18
26567,09-09-2005,09-09-2005,Male,5,guangzhoushi,guangdong,CN,45,3/31/2014,39,57218,27041,35877,106909,3/29/2014,3,18.71052632,45,3,0.71552526,60508,17
3549,02-07-2010,03-10-2010,Male,5,Komatsu-shi,Ishikawa-ken,JP,55,3/31/2014,47,43845,50972,50200,102319,3/24/2014,8,15.56521739,33,0,0.747021277,45726,0
35787,10/25/2008,10/25/2008,Male,5,shenyangshi,liaoning,CN,36,3/31/2014,72,79536,23572,46034,97247,3/28/2014,4,9.873239437,173,0,0.785089206,92696,17
12148,04-06-2008,04-06-2008,Female,5,guangzhou,guangdong,CN,59,3/31/2014,30,74837,45410,21324,55190,12-10-2013,113,18.93103448,105,2,1.382804856,75195,2
35299,10/17/2010,10/17/2010,Male,4,shanghai,shanghai,CN,39,3/31/2014,21,71841,40645,15963,54220,11/30/2013,123,28.25,164,0,1.407333272,81103,6
3231,4/23/2008,7/13/2010,Male,6,shenyang,liaoning,CN,39,3/31/2014,62,65879,27261,41268,88473,3/31/2014,1,11.57377049,63,0,0.862353147,75366,8
26458,11/19/2010,11/19/2010,Female,5,nanping,fujian,CN,35,3/31/2014,31,64326,13108,40851,95165,3/29/2014,3,24.2,132,0,0.801548679,67975,1
19658,3/27/2011,3/30/2011,Male,6,guangzhou,guangdong,CN,38,3/31/2014,85,61099,26038,47755,115578,3/27/2014,5,8.55952381,34,2,0.659933551,75037,6
31527,5/25/2010,5/25/2010,Male,4,Battery Point,TASMANIA,AU,70,3/31/2014,18,87795,88051,0,70739,3/22/2013,376,20,64,0,1.077664372,87795,0
44959,3/28/2006,12/23/2006,Female,6,wulumuqishi,xinjiang,CN,64,3/31/2014,41,70933,20640,32583,56029,03-10-2014,22,17.45,133,3,1.358675507,83218,6
13609,3/31/2010,04-07-2010,Male,4,,PARIS,FR,37,3/31/2014,12,59241,15230,19115,112511,1/21/2014,71,55.45454545,205,0,0.676484166,59241,0
37260,10-10-2007,12-07-2007,Male,6,zhanjiang,guangdong,CN,55,3/31/2014,88,78830,35416,44782,99522,3/22/2014,10,8.045977011,102,3,0.764474086,90142,7
39235,11/13/2009,11/13/2009,Male,5,MORIYAMA,Shiga,JP,58,3/31/2014,43,57754,31232,44363,103564,3/28/2014,4,17.28571429,44,0,0.734484473,74309,7
50062,1/21/2011,1/21/2011,Male,6,shanghai,shanghai,CN,34,3/31/2014,53,70682,584,25673,84028,3/30/2014,2,12.78846154,284,0,0.904737825,77398,1
50754,08-02-2011,08-02-2011,Male,4,jilin,jilin,CN,54,3/31/2014,56,66453,46584,14431,65103,03-12-2014,20,12.69090909,66,0,1.167142221,72089,4
20336,7/13/2005,08-06-2005,Male,5,guangzhou,guangdong,CN,40,3/31/2014,80,61418,32900,36417,114222,2014/2/29  0:00:00,32,8.696202532,34,2,0.664970058,91476,15
21048,1/27/2008,1/29/2008,Male,6,guangzhou,guangdong,CN,57,3/31/2014,42,74264,40943,30674,53030,03-08-2014,24,17.2195122,108,0,1.431651895,80843,4
28646,12/14/2011,12/14/2011,Male,6,guangzhou,guangdong,CN,33,3/31/2014,79,71491,26642,45605,103403,3/31/2014,1,9.333333333,100,5,0.7339671,81660,7
27096,3/30/2012,04-05-2012,Male,4,changsha,hunan,CN,59,3/31/2014,30,83054,31621,10579,85368,12/27/2013,96,21.75862069,125,0,0.888219942,84968,1
11037,02-01-2005,08-11-2005,Male,5,beijing,beijing,CN,42,3/31/2014,30,74923,42766,23158,55918,3/20/2014,12,24.68965517,115,6,1.355861619,77788,9
44988,2/20/2007,5/23/2007,Female,5,wulumuqishi,xinjiang,CN,49,3/31/2014,38,61026,33417,30082,100035,03-09-2014,23,18.45945946,57,2,0.757393112,66589,5
3732,9/16/2008,9/16/2008,Male,5,guangzhou,guangdong,CN,37,3/31/2014,49,72204,18745,46045,100244,03-07-2014,25,14.58333333,96,0,0.755588065,78423,1
24799,5/19/2012,5/26/2012,Male,6,guangzhou,guangdong,CN,32,3/31/2014,122,58254,33816,43370,91128,3/31/2014,1,5.578512397,27,0,0.83108397,67453,11
56229,4/19/2005,4/19/2005,Male,5,guangzhou,guangdong,CN,43,3/31/2014,60,71377,33110,34424,99311,3/25/2014,7,12.05084746,34,4,0.762068552,97571,40
20552,05-02-2007,05-02-2007,Male,6,yulin,guangxi,CN,44,3/31/2014,86,64779,36478,35810,96033,3/30/2014,2,8.552941176,57,2,0.787367051,86753,10
12997,1/20/2009,1/20/2009,Female,4,,CA,US,49,3/31/2014,6,86074,12600,27000,73392,2/22/2014,39,98,297,7,1.03,86074,7
60025,3/30/2012,04-01-2012,Male,4,VALL GCAN,CA,US,52,3/31/2014,6,90726,31500,6300,73392,08-10-2013,235,99.2,269,0,1.03,90726,0
47191,3/23/2005,05-09-2005,Male,5,guangzhou,guangdong,CN,35,3/31/2014,59,69042,31825,33360,105575,03-08-2014,24,12.12068966,49,2,0.715865404,87436,17
57185,4/18/2008,4/20/2008,Male,5,changsha,hunan,CN,43,3/31/2014,68,73589,31232,34748,85336,3/29/2014,3,10.68656716,58,4,0.885546077,78742,5
45664,3/20/2006,06-01-2006,Female,4,zhanjiang,guangdong,CN,48,3/31/2014,62,70154,38522,37450,87492,3/31/2014,1,11.73770492,62,6,0.863288072,73639,9
4387,07-11-2010,8/22/2010,Male,6,xining,qinghai,CN,48,3/31/2014,38,60231,32100,30783,57596,1/20/2014,72,17.45945946,61,2,1.30967272,66622,5
19503,10-08-2009,10-11-2009,Male,6,guangzhou,guangdong,CN,34,3/31/2014,104,68405,31489,44813,99462,3/26/2014,6,6.961165049,54,0,0.757270716,112140,68
44441,3/26/2011,3/26/2011,Female,4,wulumuqi,xinjiang,CN,35,3/31/2014,45,59217,20608,36128,113659,03-11-2014,21,15.79545455,74,3,0.662631116,61188,4
812,08-08-2006,08-08-2006,Male,5,guangzhou,guangdong,CN,48,3/31/2014,59,57776,40853,28146,104352,3/31/2014,1,12.37931034,80,0,0.721700494,64258,14
58462,02-03-2010,02-03-2010,Male,5,guangzhou,guangdong,CN,39,3/31/2014,57,68610,49256,24636,95289,3/21/2014,11,12.85714286,56,6,0.789974289,107081,16
55206,3/28/2007,7/25/2007,Male,4,guangzhou,guangdong,CN,52,3/31/2014,58,66176,45030,21368,103107,2/25/2014,36,12,83,3,0.729874305,66176,5
36550,1/13/2006,03-12-2006,Male,6,guangzhou,guangdong,CN,47,3/31/2014,78,61165,33255,36225,109710,3/21/2014,11,9.285714286,47,2,0.685185398,71232,17
43463,03-03-2013,3/13/2013,Male,6,zhuzhou,hunan,CN,49,3/31/2014,38,74005,1815,65607,55596,3/21/2014,11,10.10810811,42,0,1.351954277,82175,1
19636,06-01-2010,10/21/2010,Male,6,guangzhoushi,,CN,54,3/31/2014,31,70420,51525,16580,55642,3/24/2014,8,23.66666667,89,5,1.3507072,72547,7
42653,05-11-2012,05-11-2012,Female,5,guangzhou,guangdong,CN,50,3/31/2014,91,70379,42645,40158,114600,03-08-2014,24,7.411111111,24,0,0.655811606,85478,5
34453,7/14/2012,7/14/2012,Male,5,guangzhoushi,guangdongsheng,CN,53,3/31/2014,82,61534,22922,48741,118887,3/31/2014,1,7.728395062,43,2,0.631932339,75664,5
3799,11/17/2008,2/20/2009,Female,6,guangzhou,guangdong,CN,54,3/31/2014,34,72177,45857,19425,66320,12/14/2013,109,17.75757576,148,0,1.132759349,76757,3
29050,12-08-2004,12-09-2004,Male,5,guangzhou,guangdong,CN,42,3/31/2014,54,73232,34212,20172,98038,3/29/2014,3,13.66037736,58,3,0.766080091,100636,24
8651,07-03-2007,07-03-2007,Male,4,changchun,jilin,CN,39,3/31/2014,51,68019,9644,10890,80432,2/23/2014,38,13.56,86,0,0.933638602,69509,0
36622,3/20/2006,4/15/2006,Female,4,guangzhou,guangdong,CN,36,3/31/2014,62,66612,47626,23375,91853,3/28/2014,4,11.86885246,88,4,0.817490664,71866,8
16652,3/16/2009,11/27/2009,Male,6,shenyang,liaoning,CN,39,3/31/2014,101,72204,31932,40932,86102,3/21/2014,11,7.18,52,8,0.871194513,94013,16
50367,01-06-2012,02-09-2012,Male,5,dalian,liaoning,CN,54,3/31/2014,98,64599,35266,30713,90418,3/29/2014,3,7.402061856,117,0,0.82935577,70498,4
26358,11/26/2011,11/26/2011,Male,6,shenzhen,guangdong,CN,46,3/31/2014,67,58497,35100,30396,99772,3/30/2014,2,10.98484848,40,0,0.751497414,61354,3
11759,10-05-2007,7/21/2011,Male,6,shenzhenshi,guangdong,CN,31,3/31/2014,58,68430,17036,50338,82250,3/31/2014,1,12.24561404,67,4,0.911499088,120492,64
11295,09-09-2005,10/15/2005,Male,6,guangzhou,guangdong,CN,49,3/31/2014,45,72531,18130,48755,72849,3/22/2014,10,16.13636364,81,4,1.028986397,76719,6
30402,07-09-2008,07-10-2008,Male,6,guangzhou,guangdong,CN,44,3/31/2014,45,75834,19431,49342,77987,3/31/2014,1,16.59090909,87,2,0.960536115,107999,14
1351,12-11-2009,4/22/2010,Male,5,,,CN,42,3/31/2014,55,68676,24177,45819,83780,3/17/2014,15,12.31481481,114,2,0.893266651,77344,7
35932,04-04-2007,04-04-2007,Male,5,wulumuqishi,xinjiang,CN,47,3/31/2014,38,61622,24557,34921,113467,03-01-2014,31,17.54054054,43,1,0.659311165,69125,3
58495,7/15/2010,7/15/2010,Male,5,changsha,hunan,CN,48,3/31/2014,53,70481,38577,20357,85130,3/27/2014,5,13.82692308,51,9,0.878743334,71861,9
14053,12/31/2010,12/31/2010,Male,6,beijing,beijing,CN,46,3/31/2014,39,73482,21387,49360,57001,02-05-2014,56,17.71052632,121,4,1.311457343,81124,7
2380,11-10-2005,12-06-2005,Female,5,shanghai,shanghai,CN,41,3/31/2014,51,71183,25608,23723,92227,3/23/2014,9,14.42,105,3,0.810541273,73422,6
19962,10/23/2012,10/24/2012,Male,5,OOGVLIET,uid Holland,NL,51,3/31/2014,11,83658,35451,15170,81937,3/23/2014,9,51.6,183,0,0.912206573,91018,1
53352,3/28/2006,04-06-2008,Male,4,wulumuqi,xinjiang,CN,64,3/31/2014,31,65799,26250,38722,52216,02-01-2014,60,18.26666667,119,0,1.431188333,81965,12
15770,6/14/2012,6/15/2012,Male,5,guangzhou,guangdong,CN,38,3/31/2014,51,71369,40497,25565,93929,3/25/2014,7,12.98,74,1,0.795260889,78066,3
3057,4/15/2007,4/15/2007,Male,5,foshan,guangdong,CN,58,3/31/2014,67,60573,32686,33384,95559,3/25/2014,7,10.89393939,42,2,0.78088584,64215,2
8515,3/16/2006,3/16/2006,Male,5,changchun,jilin,CN,71,3/31/2014,65,64810,46360,22174,95518,1/17/2014,75,10.171875,111,3,0.780413325,69119,5
26513,8/25/2011,8/25/2011,Male,6,wulumuqi,xinjiang,CN,47,3/31/2014,22,70142,0,52253,54730,3/18/2014,14,10.14285714,48,1,1.361512333,84234,5
8947,12/20/2008,12/20/2008,Male,5,akesu,xinjiang,CN,57,3/31/2014,64,59613,21124,20764,101534,3/31/2014,1,11.41269841,59,5,0.733608939,62761,5
755,7/17/2006,11-04-2006,Male,5,guangzhou,guangdong,CN,47,3/31/2014,70,60479,33777,33138,117261,3/17/2014,15,10.37681159,56,1,0.635178874,81265,34
62287,10/17/2006,10/17/2006,Male,5,wulumuqi,xinjiang,CN,51,3/31/2014,73,64344,25059,19966,97885,3/18/2014,14,9.819444444,51,3,0.760670276,68209,4
49644,04-03-2010,04-03-2010,Female,5,guangzhou,guangdong,CN,39,3/31/2014,55,64337,26327,42556,91097,03-07-2014,25,12.61111111,117,0,0.816942819,67227,1
31064,8/24/2009,8/29/2009,Male,5,guangzhou,guangdong,CN,30,3/31/2014,59,79819,50656,24171,88730,03-02-2014,30,11.87931034,69,0,0.837943649,87899,15
22223,08-09-2009,08-09-2009,Female,5,guangzhou,guangdong,CN,39,3/31/2014,63,74639,29082,42930,84128,3/26/2014,6,11.5483871,87,4,0.88377199,84416,34
47257,5/18/2005,07-09-2005,Male,6,guangzhou,guangdong,CN,56,3/31/2014,113,57756,37856,36132,109075,3/26/2014,6,6.428571429,21,4,0.681333761,69748,7
8492,08-08-2006,08-08-2006,Male,6,dalian,liaoning,CN,47,3/31/2014,72,66945,36137,36785,60674,3/29/2014,3,10.11267606,35,5,1.224716518,80297,12
54654,2/23/2006,4/17/2006,Male,6,guangzhou,guangdong,CN,47,3/31/2014,122,76794,37578,43491,87871,3/28/2014,4,5.983471074,39,4,0.844693244,112370,12
9844,10/30/2006,7/13/2007,Female,6,guangzhou,guangdong,CN,35,3/31/2014,79,65361,33171,38249,98039,3/29/2014,3,9.141025641,60,6,0.756928263,86749,29
24359,5/17/2012,5/17/2012,Male,5,changchunshi,jilinsheng,CN,47,3/31/2014,78,67585,36204,33468,81033,3/13/2014,19,8.649350649,50,0,0.91528402,74039,2
46230,5/16/2007,7/18/2007,Male,5,beijing,,CN,37,3/31/2014,45,72645,15866,40210,97205,3/17/2014,15,15.5,63,0,0.762874749,76626,0
310,11-08-2011,11/25/2011,Male,6,guangzhou,guangdong,CN,48,3/31/2014,78,67686,27721,41318,100891,3/30/2014,2,9.207792208,51,0,0.734954258,94980,28
41094,10-11-2011,10-11-2011,Male,4,KAMEYAMA-SHI,MIE-KEN,JP,60,3/31/2014,75,71958,58908,28106,78024,2/19/2014,42,8.986486486,48,0,0.950140982,74326,0
62863,3/24/2006,6/26/2006,Male,5,wulumuqishi,xinjiang,CN,53,3/31/2014,72,56551,26461,41500,103478,3/31/2014,1,10.23943662,41,7,0.715944549,67406,17
28006,11/24/2006,4/16/2007,Male,5,guangzhou,guangdong,CN,50,3/31/2014,45,68626,68181,7112,80074,10-04-2013,180,12.13636364,113,0,0.925069436,118463,13
35937,5/31/2007,5/31/2007,Male,5,wulumuqishi,xinjiang,CN,62,3/31/2014,47,64591,33836,23932,105448,12/16/2013,107,12.19565217,55,0,0.702358414,77319,2
16747,2/16/2010,2/16/2010,Male,5,Haeundae-gu,Busan,KR,60,3/31/2014,61,62914,21482,11977,57474,3/30/2014,2,11.1,67,0,1.288559697,73388,9
43999,12/22/2011,12/22/2011,Male,4,guangzhoushi,guangdongsheng,CN,66,3/31/2014,10,41868,14950,10205,111277,01-04-2014,88,65.66666667,155,0,0.665374696,41868,0
9713,6/26/2006,08-09-2007,Female,5,zengcheng,guangdong,CN,43,3/31/2014,32,77266,31015,38251,79748,3/18/2014,14,22.58064516,108,7,0.928148418,82415,11
48126,3/28/2008,3/28/2008,Male,5,guangzhoushi,guangdong,CN,40,3/31/2014,57,72234,28339,38186,92596,3/31/2014,1,12.98214286,80,7,0.799295542,77351,11
57568,3/18/2010,3/18/2010,Male,6,dalian,liaoning,CN,53,3/31/2014,58,69157,45484,20069,51359,01-07-2014,85,10.98245614,54,4,1.441034872,73374,7
44961,5/25/2006,07-02-2006,Female,4,wulumuqishi,xinjiang,CN,44,3/31/2014,34,61601,25446,34179,99007,03-12-2014,20,21.3030303,100,1,0.746978698,68529,4
45005,9/20/2007,09-01-2008,Male,5,wulumuqi,xinjiang,CN,44,3/31/2014,45,61649,19922,37507,108968,03-04-2014,28,15.65909091,82,5,0.678618494,75480,8
9735,7/27/2006,7/30/2006,Male,5,guangzhou,guangdong,CN,40,3/31/2014,66,67998,43173,24349,99380,3/17/2014,15,11.01538462,67,0,0.743689072,70880,3
57421,7/16/2008,7/25/2008,Male,5,dalian,liaoning,CN,56,3/31/2014,52,62807,10800,12440,54902,3/21/2014,11,14.01960784,52,6,1.346142581,73785,11
38099,3/23/2005,4/30/2005,Male,5,guangzhoushi,guangdong,CN,53,3/31/2014,103,61410,37018,30428,126385,3/28/2014,4,6.990196078,58,9,0.584587649,143212,27
2310,09-01-2005,10/19/2005,Male,5,guangzhou,guangdong,CN,47,3/31/2014,61,74832,39768,28771,82229,1/31/2014,61,11.11666667,97,0,0.897384621,77417,3
34110,11-10-2012,11-10-2012,Male,5,wulumuqi,xinjiang,CN,48,3/31/2014,32,67083,3615,53212,68796,3/30/2014,2,16.32258065,144,0,1.071943718,74254,2
42624,6/13/2012,6/13/2012,Male,6,guangzhou,guangdong,CN,31,3/31/2014,92,73340,23592,54637,81252,3/29/2014,3,7.197802198,52,4,0.907426648,87533,7
40132,04-07-2009,04-07-2009,Male,5,guangzhou,guangdong,CN,56,3/31/2014,58,64266,35665,33496,94789,3/26/2014,6,12.33333333,55,5,0.777775797,67206,9
11220,07-05-2005,08-09-2005,Male,5,guangzhou,guangdong,CN,53,3/31/2014,80,64471,31925,42237,100890,3/31/2014,1,9.101265823,43,0,0.73022133,71605,1
54602,12-08-2005,6/23/2006,Male,6,guangzhou,guangdong,HK,50,3/31/2014,46,70299,49364,25678,82198,3/24/2014,8,15.95555556,73,2,0.895138446,78041,6
32423,5/29/2011,5/29/2011,Male,5,guangzhoushi,guangdong,CN,35,3/31/2014,85,67909,31528,39421,96524,3/18/2014,14,8.488095238,58,6,0.762113878,86108,23
25115,10/27/2012,01-02-2013,Female,4,foshan,guangdong,CN,53,3/31/2014,15,72637,16730,20193,87979,02-08-2014,53,28.71428571,99,0,0.835734664,78355,0
22014,01-03-2009,01-03-2009,Male,6,wuhanshi,hubei,CN,53,3/31/2014,55,70955,33617,36296,53082,03-06-2014,26,12.7962963,47,0,1.38513677,77993,4
38067,2/14/2005,3/20/2005,Male,6,guangzhou,guangdong,CN,47,3/31/2014,70,65737,16461,54168,90676,3/23/2014,9,9.68115942,61,4,0.810777824,84231,26
52661,1/15/2010,1/15/2010,Male,5,shenyangshi,liaoningsheng,CN,42,3/31/2014,84,66511,34268,29148,88600,3/28/2014,4,8.759036145,91,3,0.828726975,69819,4
45577,12/24/2005,6/26/2006,Male,5,guangzhou,guangdong,CN,52,3/31/2014,85,68872,33276,35526,94910,3/27/2014,5,8.642857143,67,7,0.773356654,75183,10
57913,02-06-2009,9/18/2009,Male,5,wulumuqi,xinjiang,CN,41,3/31/2014,51,54326,25440,24025,103334,3/24/2014,8,14.16,59,3,0.710294095,58746,4
921,11/15/2006,01-11-2007,Male,5,guangzhou,guangdong,CN,33,3/31/2014,66,66604,36460,32661,87096,3/27/2014,5,10.89230769,72,1,0.842461652,97563,34
41275,8/28/2011,8/28/2011,Female,4,shenzhen,guangdong,CN,29,3/31/2014,13,83240,51527,22151,75939,03-02-2014,30,56.66666667,287,2,0.965910007,83630,3
13131,2/20/2010,2/20/2010,Male,5,liuzhou,guangxi,CN,34,3/31/2014,85,65215,32275,37980,87222,3/26/2014,6,8.630952381,47,0,0.840588842,72740,5
56192,04-01-2005,05-09-2005,Male,5,guangzhoushi,guangdong,CN,47,3/31/2014,83,74425,34654,38075,84586,3/21/2014,11,8.304878049,42,0,0.866116497,82713,7
26638,6/14/2006,6/14/2006,Male,6,shenyang,liaoning,CN,37,3/31/2014,89,65296,35636,44097,76929,3/26/2014,6,8.238636364,52,12,0.952323571,73965,15
49794,7/22/2010,7/22/2010,Male,6,wuhanshi,hubeisheng,CN,36,3/31/2014,85,76921,35688,37124,88084,3/28/2014,4,8.630952381,37,4,0.829060102,116550,23
47757,11-01-2007,06-08-2008,Male,5,shenzhen,guangdong,CN,58,3/31/2014,53,67889,25902,36645,100834,03-12-2014,20,13.53846154,61,0,0.724125295,88447,16
41770,10-09-2011,10-09-2011,Male,5,dalian,liaoning,CN,60,3/31/2014,92,62560,18452,6409,93608,3/31/2014,1,8.010989011,31,0,0.779446094,73329,1
13247,7/15/2009,05-01-2012,Male,6,guangzhou,guangdong,CN,44,3/31/2014,54,68375,22785,45179,73594,3/17/2014,15,12.94339623,120,1,0.991353507,76909,3
43906,1/13/2011,3/25/2011,Male,5,beijing,beijing,CN,32,3/31/2014,78,67163,38602,31279,92961,3/26/2014,6,9.402597403,45,3,0.784661847,72019,6
44952,4/22/2006,06-10-2006,Male,6,wulumuqishi,xinjiang,CN,60,3/31/2014,45,63482,25366,25819,94176,3/27/2014,5,16.31818182,56,0,0.77380288,70389,3
12881,11/15/2009,11/15/2009,Male,5,.,beijing,CN,36,3/31/2014,57,68601,21050,43212,96770,03-11-2014,21,12.25,128,1,0.752291723,77706,4
3257,04-04-2010,04-04-2010,Male,5,KUSATSU-CITY,SHIGA-KEN,JP,49,3/31/2014,44,68667,39572,37761,94505,3/14/2014,18,16.48837209,51,1,0.770116925,79820,7
17745,02-12-2007,02-12-2007,Male,5,dalian,liaoning,CN,37,3/31/2014,78,57500,26891,22530,97688,3/31/2014,1,9.25974026,97,5,0.744750123,67474,9
22759,10-08-2010,10-08-2010,Male,5,,,CA,28,3/31/2014,69,40192,42180,25700,122130,3/19/2014,13,10.38235294,42,3,0.595677639,46302,4
40265,5/28/2010,5/28/2010,Male,6,guangzhou,guangdong,CN,34,3/31/2014,91,67336,39087,36960,94399,3/19/2014,13,7.844444444,57,3,0.770311126,88765,27
60246,12-11-2011,12/23/2011,Male,5,guangzhoushi,guangdong,CN,28,3/31/2014,56,69083,21376,41592,99083,3/28/2014,4,12.87272727,63,0,0.733522501,77046,11
26831,06-12-2008,06-12-2008,Male,5,benxi,liaoning,CN,45,3/31/2014,44,66923,27097,38622,69243,3/28/2014,4,16.1627907,92,0,1.048949208,68954,0
10110,4/27/2007,7/13/2007,Female,4,guangzhou,guangdong,CN,41,3/31/2014,72,67397,58788,12219,92591,3/25/2014,7,10.15492958,61,0,0.784232377,68061,4
23777,07-04-2012,07-04-2012,Male,4,shenyang,liaoning,CN,41,3/31/2014,49,61383,41339,16828,81119,6/19/2013,287,7.291666667,27,0,0.894173991,61383,0
6306,4/25/2012,4/25/2012,Male,4,wulumuqi,xinjiang,CN,55,3/31/2014,37,56589,33245,23017,107668,3/31/2014,1,19.61111111,75,1,0.67363915,59508,2
6947,11-03-2012,11-03-2012,Male,6,xuchang,henan,CN,43,3/31/2014,88,68671,17559,50116,94053,3/28/2014,4,5.873563218,20,0,0.770906191,80678,2
2472,05-08-2007,12-04-2007,Male,6,shenyang,liaoning,CN,38,3/31/2014,84,62886,19534,40201,101344,3/23/2014,9,8.240963855,72,0,0.715400813,71129,1
53232,6/28/2009,8/16/2009,Male,5,dongjingdu,,JP,58,3/31/2014,58,59580,66139,47345,96418,3/20/2014,12,12.45614035,70,1,0.751877658,61363,1
18673,12/28/2005,01-07-2006,Male,5,shenzhen,guangdong,CN,44,3/31/2014,60,56860,18820,42535,107228,3/28/2014,4,11.61016949,84,2,0.676071828,62816,4
46824,6/27/2012,10/28/2012,Male,4,dongguan,guangdong,CN,47,3/31/2014,9,68334,13820,19620,91224,3/29/2014,3,64.75,108,0,0.794444444,71180,0
55871,8/24/2012,09-01-2012,Male,4,guangzhou,guangdong,CN,31,3/31/2014,11,57707,13915,18600,95158,11-02-2013,151,42.7,115,1,0.760999706,58707,2
53944,3/25/2006,6/29/2006,Male,5,wulumuqi,xinjiang,CN,38,3/31/2014,33,61690,20075,36856,94251,3/22/2014,10,22.46875,132,1,0.76655558,65919,3
56408,9/19/2005,9/19/2005,Male,5,guangzhou,guangdong,CN,46,3/31/2014,72,66890,32574,32735,108362,2/15/2014,46,9.633802817,50,1,0.666644027,79215,9
62462,03-07-2006,03-07-2006,Female,4,dalian,liaoning,CN,55,3/31/2014,38,66164,41651,25902,57045,03-03-2014,29,17.27027027,49,2,1.265377684,69055,4
24465,08-01-2012,08-03-2012,Male,4,wulumuqi,xinjiang,CN,46,3/31/2014,27,61260,40290,7402,72382,11/23/2013,130,18.34615385,110,0,0.997066121,61260,0
8313,11/15/2010,11/15/2010,Male,5,yining,xinjiang,CN,51,3/31/2014,35,64224,36068,15975,71526,3/24/2014,8,19.47058824,96,1,1.008923608,66022,3
38248,08-11-2005,8/21/2005,Female,6,guangzhou,guangdong,CN,45,3/31/2014,84,62423,33332,37876,94699,3/27/2014,5,8.530120482,64,3,0.760778361,73274,11
14125,04-11-2012,04-11-2012,Male,4,KODAIRA-SHI,TOKYO-TO,JP,47,3/31/2014,27,70501,49895,31775,83430,03-01-2014,31,26.53846154,149,0,0.863220664,72848,1
46523,9/14/2010,9/14/2010,Male,4,shenyang,liaoning,CN,43,3/31/2014,55,59363,35279,18473,91229,01-05-2014,87,11.87037037,52,0,0.789220204,62646,3
18043,07-11-2006,05-11-2007,Male,6,qinzhou,guangxi,CN,39,3/31/2014,25,67164,23225,37652,60909,3/30/2014,2,30.33333333,169,3,1.181765256,73026,4
9581,02-01-2006,02-01-2006,Female,4,EINDHOVEN,.,NL,44,3/31/2014,24,45550,21253,22485,104992,1/16/2014,76,27.86956522,148,0,0.685569377,45550,0
60273,11/15/2011,11/17/2011,Male,4,dalian,liaoning,CN,38,3/31/2014,48,47307,64582,0,109680,2/22/2013,404,6.914893617,73,2,0.65625,47307,5
37404,03-08-2010,05-02-2010,Male,5,changsha,hunan,CN,46,3/31/2014,65,65679,29744,30610,85774,3/25/2014,7,11.1875,57,0,0.838990253,73048,3
1041,1/25/2007,3/30/2007,Male,5,beijing,beijing,CN,53,3/31/2014,67,63024,16680,48760,107942,3/27/2014,5,10.28787879,77,0,0.666477923,70960,0
54031,3/31/2008,3/31/2008,Male,4,beijing,beijing,CN,33,3/31/2014,37,57801,25598,31235,96596,2/17/2014,44,19,84,0,0.744337447,62236,2
6641,1/30/2011,1/30/2011,Male,6,.,beijing,CN,46,3/31/2014,68,63812,48755,29467,49054,3/27/2014,5,10.64179104,66,0,1.464808986,68257,3
26500,6/14/2011,7/13/2011,Male,5,wulumuqi,xinjiang,CN,51,3/31/2014,75,63296,17543,29322,94885,3/17/2014,15,9.635135135,58,2,0.756962955,73012,5
45866,8/25/2006,2/28/2007,Male,4,shanghai,shanghai,CN,46,3/31/2014,78,60656,35244,31818,95712,3/22/2014,10,9,43,0,0.749861982,69123,6
57633,09-12-2008,10-09-2008,Male,4,TOKYO,TOKYO,JP,51,3/31/2014,29,67476,49206,18550,93670,3/14/2014,18,24.71428571,140,0,0.766206897,68062,1
17391,10/22/2009,10/22/2009,Male,5,wulumuqi,xinjiang,CN,37,3/31/2014,61,58589,21021,30622,91722,3/28/2014,4,11.78333333,92,0,0.78226347,64720,4
50048,03-09-2011,4/26/2011,Male,6,shanghai,shanghai,CN,37,3/31/2014,110,59275,29292,41770,94212,3/31/2014,1,6.23853211,37,5,0.761354286,75470,10
8898,4/27/2007,07-05-2007,Male,5,wulumuqi,xinjiang,CN,60,3/31/2014,26,64046,29565,17168,50464,1/25/2014,67,25.48,106,6,1.420586557,64546,7
47233,4/22/2005,6/23/2005,Female,5,guangzhou,guangdong,CN,39,3/31/2014,62,72532,38440,27494,82613,3/25/2014,7,11.55737705,77,0,0.867230581,84365,6
47251,05-10-2005,6/15/2005,Male,5,.,beijing,CN,39,3/31/2014,61,61852,34538,30744,97269,03-03-2014,29,11.6,65,3,0.736404404,64602,5
891,10/20/2006,11/29/2006,Male,5,zhuhai,guangdong,CN,42,3/31/2014,62,57068,21766,29712,103017,3/23/2014,9,11.83606557,54,7,0.695298834,70004,19
18810,04-03-2006,04-06-2006,Male,5,,,CN,45,3/31/2014,53,65665,25024,37957,93161,2/24/2014,37,11.76923077,58,3,0.768521162,71033,7
35836,11/18/2007,11/18/2007,Male,5,haerbin,heilongjiang,CN,48,3/31/2014,28,68418,36780,13249,48681,3/23/2014,9,26.25925926,98,2,1.470489719,70939,4
18870,6/18/2006,6/18/2006,Male,6,guangzhou,guangdong,CN,37,3/31/2014,67,57999,23427,40691,105406,3/25/2014,7,8.878787879,50,1,0.678681764,66083,2
27973,11-03-2006,11-03-2006,Male,6,wuhan,hubei,CN,49,3/31/2014,79,69591,20926,42427,79187,3/14/2014,18,8.858974359,35,9,0.902894036,79520,10
9489,11-01-2004,09-11-2005,Male,6,can,gd,BR,27,3/31/2014,26,62498,25871,43444,74707,3/28/2014,4,25.56,224,46,0.956791465,244458,76
27928,9/29/2006,02-04-2010,Male,5,changsha,hunan,CN,44,3/31/2014,60,65430,29164,31982,79936,03-12-2014,20,11.84745763,48,0,0.893743995,69020,1
48152,3/27/2008,5/22/2008,Male,5,guangzhou,guangdong,CN,46,3/31/2014,47,68789,22004,40153,85104,03-07-2014,25,15.10869565,110,3,0.839405903,73247,4
4908,9/15/2010,9/15/2010,Female,5,guangzhou,guangdong,CN,41,3/31/2014,47,64841,25172,36653,93009,03-10-2014,22,15.30434783,104,2,0.767970626,68214,2
2182,05-06-2005,06-10-2006,Male,5,wuhan,hubei,CN,49,3/31/2014,47,62268,27321,39309,69445,3/26/2014,6,15.67391304,74,0,1.027577651,65578,1
30905,02-01-2009,04-07-2009,Male,5,Yokohama,Kanagawa,JP,57,3/31/2014,52,68194,37545,32419,50564,3/27/2014,5,13.98039216,49,12,1.410842497,72139,12
25211,09-08-2012,09-08-2012,Male,4,DONCOSTER EAST,VICTORIA,AU,47,3/31/2014,12,73870,12900,42200,86872,3/13/2014,19,50.18181818,111,0,0.821038309,78390,0
19386,06-09-2007,9/28/2007,Male,5,maoming,guangdong,CN,51,3/31/2014,47,71539,34608,36400,55930,3/20/2014,12,15.13043478,126,12,1.275212587,75899,13
50889,9/14/2011,10-12-2011,Female,5,wuhan,hubei,CN,54,3/31/2014,64,64084,27378,34360,95009,3/18/2014,14,11.22222222,56,2,0.750668147,66352,2
20231,3/31/2005,4/21/2005,Male,5,,,CN,46,3/31/2014,50,60265,35442,25726,91885,3/18/2014,14,14.32653061,110,5,0.776086957,66742,34
23700,6/20/2012,6/20/2012,Female,4,CORONA,CA,US,21,3/31/2014,11,69632,7801,28361,79822,01-06-2014,86,56.5,327,0,0.892701511,71376,0
62966,07-06-2008,07-06-2008,Male,5,wulumuqi,xinjiang,CN,37,3/31/2014,49,63525,13359,35733,95617,3/24/2014,8,13.58333333,52,4,0.745036761,69379,5
29752,10/21/2007,10/21/2007,Male,5,guangzhou,guangdong,CN,39,3/31/2014,43,68195,37734,25191,76616,3/25/2014,7,15.61904762,91,3,0.929799128,113456,39
28028,11/29/2006,03-11-2009,Male,6,.,beijing,CN,41,3/31/2014,59,66958,10656,47647,93989,3/24/2014,8,11.31034483,49,5,0.757864857,86732,9
19265,3/16/2007,3/16/2007,Male,6,hefei,anhui,CN,67,3/31/2014,89,62493,18961,47616,97760,3/29/2014,3,8.238636364,59,1,0.728606997,74500,3
11051,02-08-2005,06-09-2005,Male,4,.beijing,beijing,CN,53,3/31/2014,50,65693,55322,11259,66551,2/22/2014,39,13.97959184,133,5,1.070130276,67463,7
3793,11/20/2008,9/14/2009,Male,6,zhengzhou,henan,CN,49,3/31/2014,60,69634,20912,42800,59525,3/30/2014,2,11.96610169,108,2,1.19527963,80825,8
41265,5/15/2011,5/15/2011,Male,5,kuche,xinjiang,CN,47,3/31/2014,50,59630,19563,26965,86754,3/20/2014,12,14.59183673,102,1,0.820040344,65315,4
8259,4/15/2010,01-11-2011,Male,5,wulumuqi,xinjiang,CN,58,3/31/2014,60,57207,8986,37171,102459,3/28/2014,4,11.71186441,82,0,0.694059575,66595,2
29959,04-12-2008,8/19/2008,Male,5,wuhan,hubei,CN,50,3/31/2014,67,64652,26911,41523,94955,3/26/2014,6,10.86363636,39,0,0.748769944,69393,0
31387,12/22/2009,12/22/2009,Male,6,shanghai,shanghai,CN,40,3/31/2014,40,64027,12825,30404,56236,3/27/2014,5,18.43589744,62,4,1.264161391,71016,8
11916,5/27/2008,5/27/2008,Male,6,dalian,0,CN,56,3/31/2014,46,60456,8145,15259,51348,3/30/2014,2,15.91111111,68,0,1.38430046,67528,4
58849,7/31/2011,7/31/2011,Male,6,zhengzhou,henan,CN,45,3/31/2014,82,62569,46538,18341,83895,3/28/2014,4,8.975308642,86,0,0.847254187,74228,23
36711,5/31/2006,7/23/2006,Male,5,guangzhou,guangdong,CN,50,3/31/2014,56,69351,25109,37110,91642,2/27/2014,34,12.63636364,72,3,0.775610746,87703,25
39494,5/23/2010,5/23/2010,Female,4,ALHAMBRA CA,ALHAMBRA CA,US,61,3/31/2014,9,48848,21270,3000,110088,03-05-2014,27,75.875,389,0,0.645555556,48848,0
46309,8/24/2007,04-09-2008,Male,6,guangzhou,guangdong,CN,65,3/31/2014,28,71085,51255,12135,48738,11-05-2013,148,20.66666667,97,0,1.457490254,74502,4
13631,03-06-2010,3/16/2010,Male,5,guangzhou,guangdong,CN,30,3/31/2014,65,54662,21135,36074,105426,03-02-2014,30,10.203125,56,0,0.673428376,65749,6
34095,11/28/2012,11/28/2012,Male,6,shenzhen,guangdong,CN,51,3/31/2014,39,68085,17539,47333,57173,3/18/2014,14,12.52631579,42,2,1.241211236,75139,3
48928,1/26/2009,1/26/2009,Male,6,shenzhen,guangdong,CN,40,3/31/2014,63,65510,20128,43844,90448,3/27/2014,5,11.53225806,79,1,0.784394016,70380,2
56839,10/13/2009,10/13/2009,Male,5,dongguan,guangdong,CN,38,3/31/2014,17,76363,21295,37008,60715,1/20/2014,72,40.375,124,0,1.166852837,76935,0
49221,4/24/2010,4/24/2010,Female,4,DIAMOND BAR,CA,US,46,3/31/2014,8,85159,0,37460,75179,03-05-2014,27,81,242,6,0.942246505,88797,6
38177,5/26/2005,5/27/2005,Male,6,guangzhou,guangdong,CN,37,3/31/2014,84,58632,27376,40118,110523,3/29/2014,3,8.614457831,57,4,0.640647015,100329,96
62939,11/27/2007,01-10-2008,Male,4,wulumuqi,xinjiang,CN,45,3/31/2014,37,61102,17416,36270,90444,3/14/2014,18,18.69444444,114,0,0.782823294,64058,2
20800,9/13/2007,03-08-2008,Female,5,guangzhou,guangdong,CN,42,3/31/2014,80,61241,43965,22992,100267,03-03-2014,29,8.886075949,50,6,0.706098218,78754,25
49145,10/18/2006,10/18/2006,Male,5,guangzhou,guangdong,CN,48,3/31/2014,45,65073,32796,28661,82181,3/29/2014,3,15.93181818,75,0,0.861073849,67418,1
60299,2/23/2012,2/23/2012,Male,4,beijing,beijing,CN,43,3/31/2014,93,62746,50736,21938,83778,3/18/2014,14,7.336956522,120,0,0.84441154,79953,5
21206,3/27/2008,3/27/2008,Male,6,zhuzhou,hunan,CN,56,3/31/2014,44,68301,29052,35098,51657,03-11-2014,21,14.09302326,55,3,1.369228759,73623,6
46031,11/29/2006,2/20/2007,Male,5,changsha,hunan,CN,44,3/31/2014,69,64962,25992,37236,84501,3/30/2014,2,10.66176471,78,0,0.835834606,74325,2
58208,07-06-2009,08-11-2009,Male,6,guangzhou,guangdong,CN,40,3/31/2014,82,59105,40181,27442,97301,03-12-2014,20,8.777777778,46,2,0.725362843,67635,25
39669,03-01-2007,03-01-2007,Female,6,shenyang,liaoning,CN,48,3/31/2014,78,65362,5955,37532,88944,3/31/2014,1,8.25974026,95,4,0.792724074,79862,6
22317,9/17/2009,9/17/2009,Male,5,guangzhou,guangdong,CN,34,3/31/2014,69,53212,33257,26600,98985,3/29/2014,3,10.45588235,40,6,0.712019397,99585,48
53868,8/21/2006,10/19/2006,Male,5,haerbinshi,heilongjiang,CN,47,3/31/2014,84,73133,34538,24907,92064,3/13/2014,19,8.542168675,47,3,0.765469565,104612,27
56668,10/15/2007,5/26/2008,Male,5,guangzhou,guangdong,CN,40,3/31/2014,64,60353,31536,32227,104064,3/31/2014,1,11.3015873,48,6,0.676593058,74086,21
49880,9/28/2011,9/28/2011,Female,4,PARIS,,FR,52,3/31/2014,11,43655,16430,14800,111496,3/22/2014,10,53.6,119,1,0.630909091,43655,1
48877,12-07-2008,1/23/2009,Female,6,guangzhou,guangdong,CN,36,3/31/2014,87,61534,16349,51297,99343,3/30/2014,2,7.941860465,95,2,0.707182388,73844,8
8262,5/28/2010,09-10-2010,Male,5,wulumuqi,xinjiang,CN,48,3/31/2014,36,57932,27283,24473,103715,3/23/2014,9,20.02857143,69,2,0.677307911,57932,2
3435,1/15/2008,1/15/2008,Male,5,haerbin,heilongjiang,CN,49,3/31/2014,58,65322,25368,34196,93874,03-01-2014,31,12.24561404,39,5,0.748080299,69867,5
31481,1/16/2010,1/16/2010,Male,5,shanghai,shanghai,CN,54,3/31/2014,45,63758,8850,41055,89241,3/28/2014,4,16.13636364,105,1,0.786511917,66695,1
59292,04-05-2011,04-12-2011,Male,4,guangzhou,guangdong,CN,34,3/31/2014,78,64335,38718,31066,82663,3/29/2014,3,9.428571429,111,5,0.84868599,76699,35
59263,4/23/2011,4/23/2011,Male,4,changchun,liaoning,CN,49,3/31/2014,51,65845,32727,28740,70410,02-03-2014,58,13.26,74,0,0.996027411,69709,1
48232,4/26/2008,6/24/2008,Male,6,guangzhou,guangdong,CN,38,3/31/2014,81,60247,30810,37796,94452,3/26/2014,6,8.9,48,6,0.74244971,76686,27
48981,1/22/2008,2/17/2009,Male,5,guangzhou,guangdong,CN,41,3/31/2014,67,64949,37883,28584,86831,3/31/2014,1,11,43,3,0.807476938,71012,8
54771,06-01-2006,6/20/2006,Male,6,guangzhou,guangdong,CN,35,3/31/2014,83,59465,38058,30252,93223,3/20/2014,12,8.5,36,9,0.751684992,88598,17
8876,10/26/2006,11-05-2006,Male,5,wulumuqi,xinjiang,CN,49,3/31/2014,38,64379,20820,32889,79321,2/13/2014,48,15.08108108,54,4,0.88335611,70990,8
34723,8/20/2010,12/17/2010,Male,4,shanghai,shanghai,CN,54,3/31/2014,47,59849,25869,21509,79014,3/28/2014,4,15.76086957,104,0,0.886655909,61205,2
580,1/31/2006,3/25/2006,Female,5,guangzhou,guangdong,CN,40,3/31/2014,75,56679,35012,28838,94837,1/18/2014,74,8.635135135,76,10,0.738562797,85123,44
50550,1/21/2012,1/22/2012,Male,5,dalian,liaoning,CN,50,3/31/2014,50,59610,21930,38597,91158,3/25/2014,7,14.65306122,78,0,0.767943132,64430,0
58162,7/31/2009,09-05-2009,Male,6,guangzhou,guangdong,CN,40,3/31/2014,43,61742,22558,40888,96346,3/27/2014,5,17.19047619,122,3,0.726250389,63861,6
17679,11-07-2005,11-07-2005,Male,6,dalianshi,liaoningsheng,CN,54,3/31/2014,103,57568,19114,45439,98576,3/30/2014,2,7.12745098,33,3,0.709802487,67252,4
27781,6/13/2006,01-05-2007,Male,6,wuhan,wuhan,CN,48,3/31/2014,53,66202,24212,41284,58456,3/16/2014,16,13.42307692,62,0,1.196730703,70772,1
21116,03-04-2008,08-08-2008,Male,5,guangzhou,guangdong,CN,43,3/31/2014,59,58145,31380,30265,106818,3/19/2014,13,12.05172414,55,0,0.65477251,59984,3
21362,11/28/2010,11/28/2010,Male,4,SHIMONOSEKI,YAMAGUCHI,JP,58,3/31/2014,40,75887,53981,30980,84144,8/25/2013,220,13.1025641,45,0,0.831087778,77887,1
13991,12/31/2010,01-03-2011,Female,6,guangzhou,guangdong,CN,27,3/31/2014,92,56891,25595,40986,90054,3/27/2014,5,7.912087912,60,2,0.776382171,66770,5
3518,1/22/2009,1/22/2009,Male,4,ESCONDIDO,CA,US,46,3/31/2014,23,47147,20212,12587,97363,01-07-2014,85,24.63636364,134,0,0.718099175,47147,0
61726,02-04-2011,02-04-2011,Female,4,.,beijing,CN,47,3/31/2014,74,64357,43560,24599,75406,3/14/2014,18,9.739726027,80,2,0.925861603,68649,7
59386,7/29/2011,7/29/2011,Male,6,guangzhou,guangdong,CN,64,3/31/2014,31,66760,29050,32572,48504,12-06-2013,117,19.83333333,132,2,1.439048326,103847,7
47698,08-09-2007,08-09-2007,Male,5,fanyu,guangdong,CN,37,3/31/2014,66,55483,24171,37570,104974,3/27/2014,5,10.89230769,73,4,0.663684722,59652,4
3406,2/17/2008,2/17/2008,Male,5,guangzhou,guangdong,CN,35,3/31/2014,114,60565,42345,34022,106887,3/31/2014,1,6.424778761,51,6,0.651210811,103207,106
28602,9/28/2011,10-09-2011,Male,4,guangzhou,guangdong,CN,36,3/31/2014,8,44196,12800,10800,97856,2/17/2014,44,94.57142857,179,0,0.71,44196,0
20651,07-01-2007,07-03-2007,Male,5,xianggang,xianggang,HK,62,3/31/2014,74,66465,29282,35639,87556,3/25/2014,7,9.917808219,45,0,0.793000365,73501,2
40682,4/27/2010,05-07-2010,Male,5,handan,hebei,CN,40,3/31/2014,74,56700,27992,37048,95970,3/20/2014,12,9.808219178,53,0,0.723339585,61875,0
48252,10/27/2008,10/27/2008,Male,4,OSAKA,OSAKA,JP,57,3/31/2014,45,64799,39155,32386,93363,2/13/2014,48,15.18181818,57,0,0.74342941,74759,5
29499,09-12-2007,09-12-2007,Male,4,SYDNEY,NSW,AU,59,3/31/2014,19,78112,65486,11508,67361,2/23/2014,38,38.44444444,133,0,1.029754457,78112,0
7496,12-01-2009,12-02-2009,Male,5,dalian,liaoning,CN,43,3/31/2014,51,62960,48224,15772,49694,03-10-2014,22,14.08,119,3,1.395562442,65806,6
11209,6/29/2005,10/15/2005,Female,6,guangzhou,guangdong,CN,40,3/31/2014,9,80349,38949,24110,64966,01-05-2014,87,79.5,361,0,1.066327925,85695,3
12408,10-05-2011,10/13/2011,Male,4,YOTSUKAIDO-SHI,CHIBA-KEN,JP,54,3/31/2014,53,62695,12480,27024,70959,3/21/2014,11,13.67307692,68,0,0.976189208,65516,0
46565,03-08-2011,3/13/2011,Male,5,guangzhou,guangdong,CN,33,3/31/2014,63,60935,27007,37188,89864,3/22/2014,10,11.48387097,60,4,0.770572087,74829,34
62884,5/24/2006,4/21/2007,Male,5,wuhan,hubei,CN,50,3/31/2014,27,65918,23892,35680,49859,2014/2/29  0:00:00,32,19.11538462,72,4,1.388584408,69047,4
17394,7/17/2009,7/20/2009,Male,4,wulumuqi,xinjiang,CN,55,3/31/2014,39,62392,17207,33555,101074,3/23/2014,9,18.39473684,99,0,0.684744247,62392,0
20122,11/30/2004,2/23/2005,Male,6,guangzhou,guangdong,CN,44,3/31/2014,82,56135,36213,31818,98222,3/30/2014,2,8.950617284,44,4,0.704230722,83593,25
53718,9/18/2007,9/18/2007,Male,4,dalian,liaoning,CN,37,3/31/2014,52,48893,26175,32974,99663,2/21/2014,40,13.54901961,57,4,0.693893019,53605,6
21976,1/15/2009,1/15/2009,Male,5,guangzhou,guangdong,CN,45,3/31/2014,60,59106,34371,28118,95528,3/28/2014,4,11.66101695,80,1,0.72390922,61368,3
33392,3/31/2012,3/31/2012,Male,4,LIMA,LIMA,PE,39,3/31/2014,15,54158,13943,12751,102029,03-11-2014,21,50.5,202,0,0.677207167,55658,1
28209,5/29/2007,6/25/2010,Female,4,shenzhen,guangdong,CN,35,3/31/2014,64,58318,42170,16503,86680,12-04-2013,119,9.714285714,51,2,0.796799954,85446,26
38332,11-10-2005,1/20/2006,Male,6,guangzhou,guangdong,CN,48,3/31/2014,128,53805,31916,38083,122933,3/28/2014,4,5.68503937,27,0,0.561786827,66610,6
31866,11/17/2010,1/14/2012,Male,6,wulumuqi,xinqiang,CN,52,3/31/2014,21,62436,5465,52360,58554,3/15/2014,17,21.2,115,0,1.179136865,72042,2
703,5/21/2006,5/21/2006,Male,5,guangzhou,guangdong,CN,46,3/31/2014,49,66149,42870,19719,74209,01-11-2014,81,13.45833333,63,1,0.929462599,74820,10
6004,7/13/2012,7/13/2012,Male,5,zhongshan,guangdong,CN,43,3/31/2014,68,61831,9284,58226,95591,3/26/2014,6,9.28358209,83,0,0.721502024,73560,3
45659,3/15/2006,04-12-2006,Male,5,guangzhou,guangdong,CN,43,3/31/2014,52,64710,32631,28305,89362,3/18/2014,14,13.62745098,59,7,0.771647904,67070,7
29159,04-12-2005,9/21/2007,Male,6,guangzhoushi,guangdong,CN,57,3/31/2014,66,60514,28734,34847,91139,3/30/2014,2,10.26153846,63,5,0.756303449,71391,8
44782,03-05-2008,03-05-2008,Male,6,changchun,jilin,CN,55,3/31/2014,43,62006,21514,25350,56979,03-07-2014,25,16.38095238,90,1,1.208202145,65674,5
5228,3/17/2011,3/17/2011,Male,6,dalian,liaoning,CN,55,3/31/2014,79,54080,23971,42422,102497,3/14/2014,18,9,68,0,0.671539069,59429,1
54893,09-01-2006,09-01-2006,Male,6,zhanjiang,guangdong,CN,46,3/31/2014,88,68001,25264,48670,95204,3/25/2014,7,8.183908046,88,2,0.722804609,79823,5
17727,06-09-2006,06-09-2006,Male,5,changchun,jilin,CN,40,3/31/2014,62,58688,25299,32573,84141,3/25/2014,7,11.86885246,60,0,0.817781462,65013,2
54705,04-05-2006,04-06-2006,Male,5,shamen,fujian,CN,44,3/31/2014,76,53319,27046,34624,106316,3/28/2014,4,9.48,34,5,0.646832085,58799,8
57649,6/18/2009,6/18/2009,Male,5,guangzhou,guangdong,CN,37,3/31/2014,61,61895,24765,37864,93582,3/23/2014,9,11.8,51,1,0.734644483,66307,1
56375,09-07-2005,12-03-2005,Male,5,guangzhou,guangdong,CN,48,3/31/2014,63,47249,36155,24149,108742,1/23/2014,69,10.67741935,58,5,0.63222306,49313,9
9972,12/27/2006,1/30/2008,Male,6,guangzhoushi,guangdong,CN,36,3/31/2014,99,62194,27589,42667,89194,3/19/2014,13,7.295918367,33,6,0.770776846,105100,23
21336,3/23/2007,3/23/2007,Male,6,shenyang,liaoning,CN,50,3/31/2014,59,54806,15696,23065,96721,3/26/2014,6,12.17241379,92,18,0.710553034,77519,49
26946,3/28/2006,06-06-2006,Male,5,wulumuqishi,xinjiang,CN,42,3/31/2014,35,61946,17759,39445,84602,3/29/2014,3,21.32352941,166,4,0.812313302,73312,8
56734,11-01-2007,2/20/2008,Male,4,guangzhou,guangdong,CN,37,3/31/2014,93,59886,36774,31849,93800,03-07-2014,25,7.586956522,74,3,0.73240629,78245,39
28516,1/26/2011,02-07-2011,Male,6,guangzhou,guangdong,CN,31,3/31/2014,55,69250,27428,34560,86833,3/26/2014,6,13.33333333,74,2,0.790868449,74335,4
15317,2/25/2012,2/28/2012,Male,4,jilin,jilin,CN,42,3/31/2014,50,61592,23743,38172,86748,03-08-2014,24,14.10204082,83,0,0.791493983,67139,1
62016,4/25/2012,4/26/2012,Male,6,wuhanshi,hubeisheng,CN,48,3/31/2014,83,54199,24999,32577,119272,3/16/2014,16,8.414634146,57,4,0.575621269,64238,5
31106,10-01-2010,10-09-2010,Male,5,guangzhou,guangdong,CN,36,3/31/2014,54,70008,24968,35578,87334,3/28/2014,4,13.58490566,91,5,0.785793276,76497,16
56635,7/13/2007,5/24/2011,Male,5,guangzhou,guangdong,CN,40,3/31/2014,67,59283,25036,38154,99876,03-04-2014,28,10.63636364,70,1,0.686488346,62758,1
44424,2/27/2011,8/20/2011,Male,4,nanyangshi,henan,CN,56,3/31/2014,44,59941,35009,21284,78334,12/31/2013,92,14.86046512,80,2,0.872087599,62501,4
5845,01-09-2012,01-09-2012,Male,6,dalian,liaoning,CN,40,3/31/2014,71,63401,24196,37299,83498,3/31/2014,1,10.24285714,54,1,0.817774438,70965,2
4256,9/28/2009,04-07-2010,Female,4,kaiping,guangdong,CN,42,3/31/2014,8,44196,11400,11300,97856,1/15/2014,77,69.57142857,157,0,0.6975,44196,0
47210,04-05-2005,07-09-2005,Male,5,shenzhen,guangdong,CN,48,3/31/2014,67,53383,22833,35629,107343,3/24/2014,8,10.90909091,52,6,0.635725944,57440,10
29969,01-08-2008,03-12-2008,Male,4,beijing,beijing,CN,44,3/31/2014,66,61611,24575,30655,95500,3/18/2014,14,10.63076923,57,0,0.714466492,67664,5
24284,1/28/2012,1/28/2012,Male,6,shanghaishi,shanghai,CN,41,3/31/2014,37,64647,31360,34958,49165,3/27/2014,5,20.02777778,112,0,1.386588223,67090,1
29509,8/28/2007,8/28/2007,Male,6,guangzhou,guangdong,CN,56,3/31/2014,45,63626,12163,49686,64879,3/30/2014,2,14.90909091,88,0,1.050657223,68138,1
53680,04-10-2008,04-10-2008,Male,5,shenyang,liaoning,CN,34,3/31/2014,88,62920,27995,25310,82559,3/30/2014,2,7.965517241,46,2,0.825079034,90378,15
12206,6/14/2008,6/16/2008,Male,5,shanghai,shanghai,CN,35,3/31/2014,74,65218,31522,34016,87838,3/25/2014,7,9.849315068,62,5,0.77524067,74311,23
9963,12/27/2006,10/16/2007,Male,5,haerbin,heilongjiang,CN,76,3/31/2014,55,60106,40567,17690,83607,12/26/2013,97,11.48148148,121,0,0.814324997,61290,0
9846,9/29/2006,10/30/2007,Male,5,guangzhou,guangdong,CN,38,3/31/2014,63,64795,15872,48812,90250,3/30/2014,2,11.0483871,89,1,0.7542841,77706,7
57698,1/20/2009,03-08-2010,Male,6,haerbinshi,heilongjiangsheng,CN,62,3/31/2014,96,55217,28033,44978,106628,3/31/2014,1,7.652631579,84,3,0.638373879,65767,5
24517,4/20/2012,5/16/2012,Male,5,guangzhou,guangdong,CN,61,3/31/2014,63,56003,32166,27534,82060,3/23/2014,9,10.91935484,80,1,0.82876639,60726,2
44748,09-03-2007,09-04-2007,Male,5,shenyangshi,liaoningsheng,CN,40,3/31/2014,66,58886,24582,21962,86473,3/28/2014,4,10.84615385,43,0,0.786464214,62858,1
37140,4/30/2007,4/30/2007,Male,5,foshan,guangdong,CN,52,3/31/2014,65,57686,27416,33515,92968,03-07-2014,25,10.859375,61,5,0.731493094,61843,6
16533,02-01-2013,02-10-2013,Female,4,guangzhou,guangdong,CN,38,3/31/2014,9,47758,9600,15450,89386,10-09-2013,175,30.125,80,4,0.760529166,49502,4
62918,2/22/2007,2/26/2007,Male,4,guangzhou,guangdong,CN,63,3/31/2014,24,70172,32523,21838,58285,03-04-2014,28,29.43478261,101,0,1.166275543,72130,1
35486,11/14/2005,11/14/2005,Female,6,changchun,jilin,CN,67,3/31/2014,38,61630,30945,17769,47103,3/14/2014,18,18.83783784,78,7,1.443096193,64703,11
60183,04-05-2012,04-05-2012,Male,6,guangzhou,guangdong,CN,35,3/31/2014,75,54343,17889,45855,104980,3/21/2014,11,9.675675676,102,3,0.647266622,65776,4
21743,11/23/2008,11/23/2008,Female,6,guangzhou,guangdong,CN,55,3/31/2014,42,64080,35785,22393,82833,3/29/2014,3,15.2195122,69,0,0.819982012,66788,1
38338,11/21/2005,05-06-2008,Male,5,guangzhou,guangdong,CN,38,3/31/2014,48,64486,28650,32894,76188,3/14/2014,18,15.12765957,60,6,0.890162362,66725,6
71,08-08-2010,11/16/2011,Male,5,dalian,liaoning,CN,59,3/31/2014,84,60940,33665,31454,79768,3/29/2014,3,8.469879518,71,5,0.848358239,78873,41
54690,3/23/2006,05-10-2006,Male,5,nanhai,guangdong,CN,39,3/31/2014,48,54008,18229,34498,103296,3/23/2014,9,14.34042553,50,0,0.655015683,60431,5
9633,04-10-2006,04-12-2006,Male,5,TAKAOKA,TOYAMA,JP,63,3/31/2014,38,50043,13600,63892,90002,3/31/2014,1,19.72972973,122,2,0.751680518,66098,12
21955,6/25/2009,6/25/2009,Male,5,changshaxian,hunan,CN,51,3/31/2014,41,59118,24108,27939,77675,3/18/2014,14,17.35,59,6,0.870894754,61253,6
19540,11/13/2009,3/24/2010,Male,5,xiangtanshi,hunan,CN,43,3/31/2014,59,63171,24025,33433,80922,03-12-2014,20,12.20689655,50,1,0.835233064,71027,3
60584,6/29/2012,07-05-2012,Male,5,,,AE,58,3/31/2014,15,76358,16595,40825,73334,1/28/2014,64,40.85714286,325,1,0.920963128,76358,1
27411,09-10-2005,09-10-2005,Male,4,guangzhou,guangdong,CN,42,3/31/2014,50,60446,37051,22610,89808,3/17/2014,15,14.6122449,82,4,0.751963299,74309,34
37051,1/14/2007,4/22/2007,Male,5,wuhan,hubei,CN,47,3/31/2014,98,54739,38360,23003,93582,3/25/2014,7,7.453608247,32,5,0.720662841,79312,10
40327,9/22/2009,9/24/2009,Male,6,guangzhou,guangdong,CN,40,3/31/2014,70,66984,13340,51320,72324,3/23/2014,9,10.37681159,82,7,0.932417455,75818,9
12217,04-10-2008,05-11-2008,Male,6,guangzhou,guangdong,CN,46,3/31/2014,53,64630,39164,21293,75761,3/17/2014,15,13.32692308,92,2,0.890019799,67815,5
62967,07-09-2008,07-09-2008,Male,6,wulumuqi,xinjiang,CN,65,3/31/2014,23,64179,13560,36041,47595,12-11-2013,112,28.09090909,172,0,1.416268936,72917,2
23453,6/26/2011,07-01-2011,Female,5,shenyangshi,liaoning,CN,33,3/31/2014,60,56345,25790,20982,88340,3/28/2014,4,11.81355932,75,0,0.762685873,71369,13
40146,09-05-2009,05-09-2010,Male,5,guangzhou,guangdong,CN,51,3/31/2014,34,68676,25526,52089,84475,2/25/2014,36,20.51515152,132,2,0.797343238,87695,8
40535,11-06-2011,01-05-2012,Male,5,haidian,beijing,CN,56,3/31/2014,46,60808,21186,36861,97431,3/16/2014,16,15.6,67,0,0.690650512,66188,1
55224,3/14/2007,5/24/2007,Male,5,guangzhou,guangdong,CN,45,3/31/2014,66,56824,28859,32183,96751,3/29/2014,3,11.2,55,1,0.695424233,66856,23
56340,08-05-2005,08-12-2005,Male,5,guangzhou,guangdong,CN,37,3/31/2014,64,59957,15239,44707,89491,03-10-2014,22,11.22222222,120,2,0.751745539,69755,6
9967,12/23/2006,3/19/2007,Male,6,zhengzhou,henan,CN,47,3/31/2014,58,63583,30870,30679,49869,3/26/2014,6,12.43859649,54,0,1.349008201,74373,9
3757,12-11-2008,7/23/2009,Male,5,dalian,liaoning,CN,33,3/31/2014,97,56890,39599,26312,115517,3/20/2014,12,7.447916667,50,9,0.582283647,84839,40
10528,7/26/2011,09-09-2011,Male,4,xian,shanxi,CN,52,3/31/2014,50,58428,8918,26273,83383,1/31/2014,61,12.91836735,52,0,0.806665507,70110,5
50802,12-09-2011,12/13/2011,Male,4,guangzhou,guangdong,CN,38,3/31/2014,73,49860,31646,29305,107221,3/28/2014,4,10,45,0,0.62728915,54054,2
18848,06-05-2006,07-09-2006,Male,5,guangzhou,guangzhou,CN,53,3/31/2014,63,52669,29631,29435,101041,3/30/2014,2,11.4516129,46,5,0.665195416,65046,7
26778,8/31/2008,8/31/2008,Male,5,shenyang,liaoning,CN,41,3/31/2014,55,48698,19666,39185,101325,3/30/2014,2,12.03703704,80,0,0.663082359,54235,2
13682,3/31/2012,3/31/2012,Male,4,foshan,guangdong,CN,33,3/31/2014,83,61523,27617,35872,101114,3/19/2014,13,8.719512195,40,3,0.664267955,66719,5
59489,5/26/2011,6/20/2011,Male,4,FUKUOKA-SHI,FUKUOKA-KEN,JP,56,3/31/2014,37,75586,40476,46536,80277,3/27/2014,5,19.55555556,70,0,0.836672397,91976,10
44049,7/14/2012,7/14/2012,Male,6,shenyangshi,liaoning,CN,41,3/31/2014,54,62490,23784,35140,59159,3/21/2014,11,11.62264151,144,0,1.134827161,65725,1
40632,5/27/2010,5/27/2010,Female,4,guangzhou,guangdong,CN,57,3/31/2014,56,63494,37120,28562,73248,12/29/2013,94,11.30909091,38,1,0.91625,66661,5
62623,10/15/2007,10/15/2007,Male,4,changchun,jilin,CN,56,3/31/2014,54,57395,25423,28071,80811,3/27/2014,5,13.69811321,74,2,0.830013488,62606,3
30553,11/21/2009,11/21/2009,Male,6,wuhanshi,hubeisheng,CN,32,3/31/2014,77,56043,29274,24487,94466,3/27/2014,5,9.473684211,50,5,0.709930769,60816,8
20286,5/17/2005,5/17/2005,Male,4,guangzhou,guangdong,CN,52,3/31/2014,17,58559,18198,10616,90438,7/13/2013,263,25.875,122,0,0.741289723,60559,1
13182,6/23/2009,6/23/2009,Female,4,guangzhou,guangdong,CN,31,3/31/2014,61,60804,30574,29384,99005,3/29/2014,3,11.81666667,80,7,0.676810666,71214,13
26098,4/21/2012,4/21/2012,Female,5,guangzhou,guangdong,CN,38,3/31/2014,24,69665,34709,38236,75020,03-05-2014,27,29.73913043,113,2,0.892363636,76412,21
36795,7/30/2006,7/30/2006,Male,4,kunming,yunnan,CN,47,3/31/2014,25,58590,12145,40471,77593,1/24/2014,68,22.83333333,129,0,0.862744191,58590,0
47109,01-01-2005,02-11-2005,Male,5,guangzhoushi,guangdongsheng,CN,36,3/31/2014,75,56579,23059,40283,91756,3/30/2014,2,9.013513514,66,2,0.729174768,80884,43
22937,10/25/2010,10/25/2010,Male,5,chengdushi,sichuan,CN,32,3/31/2014,62,59359,30169,32106,87570,3/29/2014,3,11.80327869,52,1,0.763990179,63749,3
19207,2/14/2007,09-01-2010,Male,4,zhongshan,guangdong,CN,35,3/31/2014,8,75928,13700,17520,81088,3/26/2014,6,97.57142857,137,0,0.825,75928,0
27609,12/22/2011,12/22/2011,Male,4,shenzhen,guangdong,CN,42,3/31/2014,47,46387,22100,28740,108535,03-05-2014,27,14.93478261,103,1,0.61626093,61664,11
42203,12/16/2011,12/16/2011,Male,6,liaoyang,liaoning,CN,58,3/31/2014,77,65443,21805,49815,51017,3/27/2014,5,9.328947368,64,4,1.310647431,72757,6
53697,02-07-2007,02-07-2007,Male,6,changchun,jilin,CN,49,3/31/2014,93,75076,28290,42794,78812,3/16/2014,16,7.336956522,24,2,0.847757067,89845,5
23336,03-11-2011,03-11-2011,Male,5,guangzhou,guangdong,CN,48,3/31/2014,45,65654,27449,47778,53533,3/30/2014,2,16.27272727,83,3,1.247749239,76837,7
49054,01-02-2009,01-02-2009,Male,6,dalianshi,liaoning,CN,53,3/31/2014,84,57094,31237,35079,92563,3/16/2014,16,8.518072289,56,2,0.721065869,65898,13
38421,5/16/2007,6/30/2007,Male,5,shenzhen,guangdong,CN,47,3/31/2014,42,63885,29692,25527,74786,3/26/2014,6,17.68292683,101,6,0.892427995,65140,8
45743,06-09-2006,8/20/2006,Male,6,guangzhou,guangdong,CN,44,3/31/2014,31,64919,21825,34435,53936,3/28/2014,4,23.93333333,131,2,1.236860909,71277,3
29125,3/28/2005,5/17/2005,Male,6,guangzhou,guangdong,CN,46,3/31/2014,62,60263,26566,34912,87482,3/31/2014,1,11.42622951,77,0,0.762305046,67117,3
56764,8/20/2007,8/20/2007,Male,5,shenzhen,guangdong,CN,47,3/31/2014,27,65806,30269,27979,46587,3/29/2014,3,27.69230769,126,0,1.431428295,67024,0
4821,08-11-2010,09-03-2010,Male,6,,beijing,CN,52,3/31/2014,95,56170,45240,22766,81511,3/31/2014,1,7.765957447,36,0,0.818104182,63886,5
11060,02-01-2005,02-01-2005,Male,5,shenzhen,guangdong,CN,60,3/31/2014,65,56078,13999,25016,88117,3/30/2014,2,11.265625,65,3,0.756427364,59030,3
49963,11/22/2010,11/23/2010,Male,5,shaoguan,guangdong,CN,42,3/31/2014,60,60981,22528,39159,90460,3/29/2014,3,12,71,1,0.736783661,64957,1
62174,8/13/2011,8/14/2011,Male,4,kelamayi,xinjiang,CN,50,3/31/2014,33,58230,59191,19725,83267,03-11-2014,21,22.125,126,1,0.800237669,62665,3
44370,09-09-2010,12-07-2010,Male,4,wulumuqi,xinjiang,CN,38,3/31/2014,31,50423,51496,0,110216,1/20/2013,437,7.766666667,31,0,0.60440544,50423,0
11538,6/30/2007,09-05-2010,Female,5,shenzhen,guangdong,CN,32,3/31/2014,54,57393,21901,29766,88445,3/14/2014,18,13.11320755,60,3,0.752916615,75126,18
35887,4/13/2006,4/18/2006,Female,4,wulumuqi,xinjiang,CN,44,3/31/2014,42,52017,17912,32014,95736,3/27/2014,5,17.65853659,85,4,0.695375825,57567,6
19107,12/26/2006,01-04-2007,Male,5,guangzhou,guangdong,CN,36,3/31/2014,69,62571,48909,16745,74659,3/26/2014,6,10.61764706,108,8,0.891297365,78999,27
55424,08-10-2009,08-10-2009,Male,5,guangzhou,guangdong,CN,38,3/31/2014,62,57716,24570,35097,87599,3/25/2014,7,11.80327869,71,3,0.759543488,73278,16
29649,7/19/2007,01-10-2011,Female,4,guangzhou,guangdong,CN,41,3/31/2014,57,55387,32509,23623,96789,3/16/2014,16,12.71428571,89,3,0.687300726,58749,7
7063,10/25/2012,10/25/2012,Female,5,zengcheng,guangdong,CN,39,3/31/2014,68,62884,22608,39690,89790,3/27/2014,5,7.746268657,28,4,0.74069863,71697,6
28852,10/30/2012,10/31/2012,Female,6,shenzhen,guangdong,CN,46,3/31/2014,128,53095,25715,40901,98649,3/31/2014,1,4.070866142,26,0,0.674043427,66351,3
13041,4/14/2008,4/15/2009,Male,5,shanghai,shanghai,CN,46,3/31/2014,76,60619,22876,41177,86218,3/25/2014,7,9.493333333,45,6,0.771128999,67694,12
43617,05-02-2012,05-09-2012,Male,5,guangzhou,guangdong,CN,49,3/31/2014,67,58792,26640,51038,103410,3/26/2014,6,10.40909091,49,2,0.642522193,67836,5
26642,4/26/2006,4/26/2006,Male,5,shenyang,liaoning,CN,34,3/31/2014,56,54626,33773,25151,87501,3/18/2014,14,12.98181818,70,1,0.759053039,57846,2
13254,09-10-2009,09-10-2009,Female,4,guangzhou,guangdong,CN,35,3/31/2014,63,60606,34059,26392,86986,02-09-2014,52,10.62903226,44,8,0.763462741,85162,40
62936,8/14/2007,8/14/2007,Male,5,wulumuqishi,xinjiang,CN,37,3/31/2014,56,61443,17980,27485,97831,3/23/2014,9,13.09090909,57,5,0.678767262,66014,6
47165,3/17/2005,3/17/2005,Male,6,guangzhou,guangdong,CN,37,3/31/2014,76,50577,23166,39400,94455,3/31/2014,1,9.213333333,94,8,0.702813509,63226,18
49168,06-01-2009,8/29/2009,Male,4,fanyu,guangdong,CN,51,3/31/2014,31,71684,43271,32769,82520,03-10-2014,22,23.26666667,64,0,0.804163718,81644,5
37208,06-01-2007,1/25/2008,Male,5,guangzhou,guangdong,CN,36,3/31/2014,70,53842,29717,32540,88915,3/26/2014,6,10.04347826,39,4,0.746303211,63388,29
14359,05-06-2011,05-06-2011,Female,4,Jung-gu,Seoul,KR,54,3/31/2014,40,45246,40225,20527,89451,1/26/2014,66,16.8974359,73,1,0.741461247,46070,3
52856,09-07-2010,09-07-2010,Male,6,wugangshi,henan,CN,41,3/31/2014,86,61472,33106,27779,81293,3/25/2014,7,8.505882353,64,0,0.815594824,78172,5
43158,1/14/2012,9/27/2012,Female,4,guangzhou,guangdong,CN,52,3/31/2014,8,65136,14040,8400,97856,03-02-2014,30,74.57142857,345,0,0.6775,77078,13
62246,10/18/2009,10/18/2009,Female,5,wulumuqi,xinjiang,CN,44,3/31/2014,38,59873,13349,33702,74979,3/30/2014,2,19.7027027,122,1,0.884175169,63803,2
18926,7/29/2006,8/20/2006,Male,6,zhuhai,guangdong,CN,41,3/31/2014,75,58401,34866,31702,82533,3/22/2014,10,9.72972973,57,0,0.803243551,68261,4
14966,8/29/2011,8/29/2011,Female,5,beijing,beijing,CN,42,3/31/2014,28,60080,35308,25973,58744,2014/2/29  0:00:00,32,25.18518519,108,3,1.128214286,100080,5
32229,11-11-2011,11-11-2011,Male,5,dongguan,guangdong,CN,45,3/31/2014,58,60270,20556,45909,92630,3/29/2014,3,12.43859649,163,0,0.715125553,68922,1
4546,05-01-2010,5/24/2012,Male,5,beijingshi,beijing,CN,32,3/31/2014,56,61437,19035,39696,94125,3/26/2014,6,12.21818182,67,1,0.703703373,68512,8
15109,1/24/2012,1/24/2012,Male,4,KARIYA,AICHI,JP,50,3/31/2014,66,51010,30667,26850,104688,3/25/2014,7,10.83076923,67,1,0.632428741,78666,3
26397,7/13/2009,7/13/2009,Male,5,wulumuqishi,xinjiang,CN,43,3/31/2014,60,63093,17659,26661,85396,3/29/2014,3,12.27118644,47,3,0.774692023,72790,10
3882,3/31/2007,3/31/2007,Male,6,dalian,liaoning,CN,40,3/31/2014,108,54911,41293,28929,76956,3/29/2014,3,6.747663551,32,3,0.859564426,66288,9
56116,11-06-2004,3/17/2005,Male,4,lax,lax,US,44,3/31/2014,10,42290,13385,9200,111243,03-04-2014,28,67.77777778,150,1,0.594440819,42290,1
60434,6/28/2012,7/15/2012,Female,4,guangzhoushi,guangdong,CN,30,3/31/2014,21,62115,25914,13133,85913,02-11-2014,50,28.8,80,3,0.769594706,72365,19
40158,05-04-2010,5/22/2010,Male,6,dongguan,guangdong,CN,54,3/31/2014,17,72541,28727,31533,67111,03-01-2014,31,35.1875,151,0,0.985147442,82449,5
16961,01-04-2011,01-04-2011,Female,6,.,beijing,CN,32,3/31/2014,71,62972,15973,48629,78274,3/28/2014,4,9.071428571,133,3,0.844210977,72835,6
4363,12/26/2009,12/28/2009,Male,6,dalian,liaoning,CN,51,3/31/2014,83,51421,17438,41258,98330,3/31/2014,1,8.804878049,56,5,0.671945286,61750,11
27026,8/15/2007,09-12-2007,Male,4,wulumuqi,xinjiang,CN,47,3/31/2014,42,53020,21380,24764,96446,02-01-2014,60,16.34146341,58,0,0.684900773,55183,3
7585,5/24/2010,5/24/2010,Male,5,anshan,liaoning,CN,52,3/31/2014,62,54297,24103,33378,88828,03-07-2014,25,11.32786885,52,6,0.743601004,61308,7
7448,9/17/2012,9/17/2012,Male,4,yunfu,guangdong,CN,25,3/31/2014,32,55097,11894,35038,118596,03-09-2014,23,17.38709677,114,0,0.556829741,59957,0
17863,02-04-2008,02-04-2008,Male,5,changchun,jilinsheng,CN,36,3/31/2014,59,56992,28611,15484,82148,3/30/2014,2,12.5,105,3,0.803856089,66584,12
9518,1/17/2006,03-12-2006,Female,5,.,beijing,CN,39,3/31/2014,45,68176,16446,42979,75513,3/26/2014,6,15.63636364,159,6,0.874336472,78668,15
20411,9/20/2005,9/21/2005,Male,6,shenzhen,guangdong,CN,56,3/31/2014,62,61630,29407,32153,65751,3/30/2014,2,11.95081967,49,2,1.00370367,67595,7
40106,4/13/2009,4/13/2009,Male,4,zengcheng,guangdong,CN,33,3/31/2014,61,59326,41536,23964,96606,02-10-2014,51,10.6,50,3,0.68244726,65677,16
2395,11/27/2005,8/25/2006,Male,6,.,beijing,CN,51,3/31/2014,60,49465,14863,42388,94677,3/30/2014,2,12.3220339,64,2,0.69633966,67000,7
20722,7/16/2007,1/27/2008,Male,4,guangzhou,guangdong,CN,55,3/31/2014,25,38173,12465,17639,99217,12/16/2013,107,25.25,140,2,0.664036304,38173,2
31967,11/29/2010,11/29/2010,Male,6,guangzhou,guangdong,CN,39,3/31/2014,103,56777,33627,35921,94561,3/31/2014,1,7.078431373,35,3,0.696435211,75751,17
27738,05-12-2006,6/22/2006,Female,6,guangzhou,guangdong,CN,38,3/31/2014,64,63373,33208,29470,80426,2/27/2014,34,10.85714286,52,4,0.818625942,66333,4
15192,11/23/2011,12/25/2011,Male,5,wuhan,hubei,CN,47,3/31/2014,66,60754,25837,32926,79955,3/24/2014,8,11,50,0,0.822299043,66734,2
21682,7/23/2009,7/23/2009,Male,5,haerbin,haerbin,CN,45,3/31/2014,53,68972,24258,38074,55075,3/15/2014,17,13.30769231,57,3,1.193531729,76788,5
13553,8/13/2010,05-04-2011,Male,4,guangzhou,guangdong,CN,36,3/31/2014,71,67877,29482,36284,81869,11-09-2013,144,6.971428571,21,0,0.802114353,75957,3
1191,6/18/2007,8/13/2012,Male,6,changsha,hunan,CN,50,3/31/2014,43,64493,22750,35069,53080,3/26/2014,6,14.07142857,66,0,1.237156745,66604,0
49196,8/14/2009,11-03-2010,Female,5,guangzhou,guangdong,CN,34,3/31/2014,71,56361,31211,33556,84420,3/22/2014,10,10.07142857,41,0,0.77772471,73318,30
6737,9/21/2012,9/21/2012,Male,6,changchun,jilin,CN,46,3/31/2014,48,56949,8090,14199,78464,3/23/2014,9,11.68085106,39,0,0.836235471,61677,1
41729,08-12-2011,10/20/2011,Male,5,guangzhoushi,guangdongsheng,CN,37,3/31/2014,60,55635,33156,28179,82184,3/23/2014,9,12.05084746,51,0,0.798367322,57812,0
5284,2/15/2012,2/15/2012,Male,5,KOBE-SHI,HYOGO-KEN,JP,45,3/31/2014,34,72491,26218,48319,84604,3/30/2014,2,19.96969697,79,1,0.775308023,87432,9
24786,06-02-2012,06-02-2012,Male,6,guangzhou,guangdong,CN,43,3/31/2014,49,59276,25413,34618,78459,3/29/2014,3,13.875,70,0,0.835948457,62528,0
59048,01-06-2011,01-09-2011,Female,5,guangzhou,guangdong,CN,45,3/31/2014,43,57628,15585,34739,93727,3/30/2014,2,16.80952381,73,0,0.699716944,75763,29
36863,10-07-2006,11-07-2006,Male,5,guangzhou,guangdong,CN,40,3/31/2014,57,56186,32886,31319,90166,2/26/2014,35,12.42857143,59,0,0.726836612,61056,1
20187,02-02-2005,3/24/2005,Male,5,guangzhou,guangdong,CN,45,3/31/2014,81,58731,23842,39309,91228,3/28/2014,4,9.0875,56,6,0.718119985,94322,40
47133,02-02-2005,03-03-2005,Male,5,guangzhoushi,guangdongsheng,CN,44,3/31/2014,66,57208,37732,23150,87963,3/15/2014,17,10.72307692,51,0,0.744702659,71024,17
8355,8/13/2007,8/13/2007,Male,4,wulumuqi,xinjiang,CN,47,3/31/2014,33,58746,21897,28716,84484,3/23/2014,9,21.25,126,3,0.774850031,62688,5
1125,05-01-2007,6/23/2011,Male,5,guangzhou,guangdong,CN,40,3/31/2014,55,47647,28964,22462,103053,03-12-2014,20,13.01851852,62,2,0.635123674,51181,6
9562,3/13/2006,7/31/2006,Female,4,guangzhou,guangdong,CN,49,3/31/2014,10,39966,13645,9493,89033,12/16/2013,107,66.22222222,146,0,0.734781486,40466,1
37274,12-12-2007,6/28/2008,Male,4,guangzhou,guangdong,CN,57,3/31/2014,10,39033,8350,14506,100784,1/25/2014,67,68.77777778,182,1,0.648963923,39033,1
62435,12-12-2011,02-04-2012,Male,6,wulumuqi,xinjiang,CN,46,3/31/2014,34,54327,28371,22630,87913,03-02-2014,30,20.90909091,93,0,0.743807514,55194,0
20299,5/21/2005,6/30/2005,Male,4,guangzhou,guangdong,CN,41,3/31/2014,39,59722,23119,26063,81039,3/25/2014,7,18.78947368,77,0,0.804813608,90522,2
35910,6/20/2006,9/16/2006,Male,5,wulumuqi,xinjiang,CN,46,3/31/2014,50,53413,16069,26699,96270,3/22/2014,10,14.67346939,50,0,0.677380804,62339,2
59586,6/27/2011,6/27/2011,Male,5,guangzhou,guangdong,CN,46,3/31/2014,60,53535,21624,36492,96998,3/29/2014,3,12.33898305,76,4,0.671249716,65247,16
2627,7/25/2007,7/31/2007,Male,6,shantou,guangdong,CN,42,3/31/2014,116,67410,39223,40897,83165,3/30/2014,2,6.2,36,3,0.782612517,119057,41
4188,9/28/2010,9/28/2010,Male,4,shenzhen,guangdong,CN,48,3/31/2014,32,58237,52535,6773,46488,8/28/2013,217,16.58064516,100,1,1.400029255,60637,6
28439,06-11-2010,7/17/2010,Male,6,guangzhou,guangdong,CN,38,3/31/2014,74,55751,25571,35926,99702,3/31/2014,1,9.945205479,62,8,0.652215703,82404,84
31964,2/23/2011,3/14/2011,Male,5,BONDY,GALLIENI,FR,27,3/31/2014,13,59544,12948,29165,77042,3/26/2014,6,60.41666667,259,0,0.844045975,59544,0
57805,11-12-2008,12/22/2008,Male,5,,,SG,51,3/31/2014,28,65868,5565,50950,47951,02-01-2014,60,23.07407407,187,0,1.355540448,68735,0
41341,9/19/2011,12-01-2011,Male,5,zhanjiang,guangdong,CN,47,3/31/2014,50,45930,19354,20310,95085,3/18/2014,14,14.30612245,48,0,0.683459957,47658,0
20839,10-12-2007,10/22/2007,Male,5,guangzhou,guangdong,CN,35,3/31/2014,71,52149,35593,27354,91365,3/16/2014,16,10.18571429,58,1,0.711231544,55317,3
48517,11-10-2010,11/28/2010,Male,4,sanya,hainan,CN,45,3/31/2014,51,54810,36884,15853,86803,02-12-2014,49,13.16,64,0,0.748592215,55941,0
11033,1/15/2005,02-12-2005,Male,5,guangzhou,guangdong,CN,42,3/31/2014,63,58566,20049,40578,91024,3/20/2014,12,11.5483871,92,4,0.713542692,62846,6
10270,10-11-2008,4/25/2012,Male,5,guangzhou,guangdong,CN,33,3/31/2014,40,55147,22271,40717,52906,1/29/2014,63,16.51282051,100,0,1.227439421,59917,1
54672,03-07-2006,04-05-2006,Male,4,shanghai,,CN,38,3/31/2014,64,63065,37172,22550,89078,3/30/2014,2,11.41269841,85,6,0.728870877,87991,48
20440,10/23/2005,11/24/2005,Male,5,shenzhen,guangdong,CN,60,3/31/2014,34,59726,41518,17017,47751,3/30/2014,2,21.39393939,74,0,1.35951645,61201,2
56517,4/26/2007,6/21/2007,Male,5,shenzhen,guangdong,CN,40,3/31/2014,45,60398,17480,38422,80817,3/21/2014,11,15.25,63,5,0.803222961,63747,7
48310,5/29/2008,11/29/2008,Male,4,xinhui,guangdong,CN,54,3/31/2014,11,41692,13125,8600,89648,2/22/2014,39,55.2,166,0,0.724004216,46837,27
27046,03-07-2008,03-07-2008,Male,6,wulumuqi,xinjiang,CN,56,3/31/2014,39,58817,25370,22868,83889,3/30/2014,2,18.71052632,83,7,0.772683546,67654,11
38024,11/30/2004,03-10-2005,Male,6,guangzhou,guangdong,CN,41,3/31/2014,101,51103,28834,37137,82033,3/31/2014,1,7.27,38,7,0.789771921,74055,37
19047,11-02-2006,4/17/2010,Female,4,LAS VEGAS,NEVADA,US,40,3/31/2014,10,45196,9900,13710,98764,1/21/2014,71,60.44444444,218,4,0.655965331,45196,4
62890,06-02-2006,8/16/2006,Male,4,wulumuqishi,xinjiang,CN,42,3/31/2014,45,53513,24018,24778,90950,3/30/2014,2,16.40909091,149,0,0.712001649,58998,3
30747,10/30/2008,10/30/2008,Male,5,guangzhou,guangdong,CN,36,3/31/2014,46,56407,31409,23717,88065,2/26/2014,35,15.08888889,108,1,0.735062056,60137,4
8431,01-11-2006,01-11-2006,Male,5,dalian,liaoning,CN,54,3/31/2014,82,52689,31947,32348,87360,3/29/2014,3,8.962962963,88,4,0.740988782,61284,8
12298,10-01-2008,1/17/2009,Male,4,SAN DIEGO，CA92129,,US,57,3/31/2014,11,43426,16717,8556,90291,07-11-2013,265,34.2,129,0,0.716932695,43426,0
38194,06-01-2005,06-08-2005,Female,4,guangzhou,guangdong,CN,42,3/31/2014,61,57905,24478,31257,98900,3/17/2014,15,11.85,45,4,0.654428514,74975,42
38410,07-04-2007,07-04-2007,Male,4,BUTTERWORTH,PENANG,MY,68,3/31/2014,30,45890,25112,28130,83790,3/26/2014,6,24.20689655,88,0,0.772333333,46982,0
3835,12/18/2008,01-07-2009,Male,6,guangzhou,guangdong,CN,31,3/31/2014,97,54478,27931,35655,93299,3/31/2014,1,7.489583333,43,1,0.693535086,88220,60
29296,8/25/2005,8/25/2005,Female,5,changsha,hunan,CN,48,3/31/2014,88,55168,32138,30539,87325,3/28/2014,4,8.310344828,36,5,0.740870083,64396,8
32390,7/30/2011,1/15/2012,Male,5,SYDENY,NSW,AU,57,3/31/2014,18,55154,16610,19879,94550,3/13/2014,19,34.82352941,120,0,0.683885246,55154,0
27021,7/19/2007,08-08-2007,Female,5,wu,xinjiang,CN,36,3/31/2014,43,49431,19014,27596,99065,1/27/2014,65,15.5,71,5,0.652629385,53831,7
44029,03-03-2011,03-07-2011,Male,6,zhengzhou,henan,CN,26,3/31/2014,81,57123,24636,36556,84659,3/31/2014,1,8.9625,104,0,0.763417239,64106,12
14166,03-02-2011,04-03-2011,Male,4,guangzhou,guangdong,CN,60,3/31/2014,25,53904,16614,23793,84429,03-04-2014,28,28.66666667,220,0,0.765015931,58170,13
29247,7/18/2005,05-11-2007,Female,4,guangzhou,guangdong,CN,70,3/31/2014,13,32564,9908,12708,98379,3/26/2014,6,54.25,190,1,0.65643674,32564,1
35479,11/14/2007,11/14/2007,Male,5,dalianshi,liaoningsheng,CN,42,3/31/2014,71,56368,22363,10504,76605,2/19/2014,42,9.714285714,62,4,0.842243326,58405,7
8513,10/25/2006,10/25/2006,Male,6,dalian,liaoning,CN,37,3/31/2014,91,58011,26186,34879,83244,3/23/2014,9,7.966666667,47,4,0.774857888,79760,17
39324,08-02-2008,08-02-2008,Male,6,guangzhoushi,guangdongsheng,CN,38,3/31/2014,76,58641,12178,49798,74101,3/31/2014,1,8.506666667,135,3,0.870106206,85229,34
49304,9/21/2009,02-07-2010,Male,5,zhuhai,guangdong,CN,39,3/31/2014,48,59285,13021,46475,93831,3/21/2014,11,14.04255319,78,2,0.68701783,67984,7
28531,01-09-2011,01-09-2011,Male,4,HACIENDA HFS,CA,US,47,3/31/2014,9,41868,10600,10800,110088,3/26/2014,6,90.625,193,0,0.585555556,41868,0
54441,07-03-2012,07-03-2012,Male,5,zhuhai,guangdong,CN,39,3/31/2014,59,48614,20098,33401,98344,3/29/2014,3,10.94827586,53,3,0.655315017,63977,33
53956,4/16/2006,4/20/2006,Male,4,wulumuqi,xinjiang,CN,51,3/31/2014,28,56209,31453,22725,80963,02-04-2014,57,23.92592593,82,2,0.795878735,58673,3
27500,9/26/2012,06-01-2013,Male,5,beijing,beijing,CN,36,3/31/2014,26,63498,0,55999,50024,03-09-2014,23,11.28,31,3,1.28795738,72816,14
18975,09-05-2006,2/14/2007,Male,4,changsha,hunan,CN,51,3/31/2014,18,45086,17463,8420,94161,6/17/2013,289,22.11764706,105,0,0.684170092,45086,0
3670,11-09-2008,11-09-2008,Male,4,xining,qinghai,CN,40,3/31/2014,23,54433,33613,16274,47238,02-04-2014,57,29,221,0,1.363048817,54433,0
28678,2/14/2012,2/14/2012,Male,5,guangzhou,guangdong,CN,63,3/31/2014,89,55662,31199,39194,96608,3/17/2014,15,8.102272727,42,0,0.666431351,67220,6
15526,5/14/2012,5/14/2012,Male,5,Yeoju-gun,Gyeonggi-do,KR,48,3/31/2014,43,48404,30030,29704,93049,3/31/2014,1,16.35714286,59,1,0.69179658,54687,9
58031,11/17/2012,11/17/2012,Male,4,CEMITOS,CA,US,18,3/31/2014,7,76987,25947,7047,62686,8/21/2013,224,46.16666667,172,0,1.026835338,77090,0
37508,12-01-2010,1/24/2011,Female,5,xining,qinghai,CN,55,3/31/2014,25,50482,25645,26585,44870,1/24/2014,68,26.91666667,156,0,1.433750836,51688,0
37762,07-11-2012,8/23/2012,Male,5,guangzhou,guangdong,CN,30,3/31/2014,59,57022,21891,36776,86620,3/18/2014,14,9.879310345,60,0,0.742177442,64230,1
708,06-07-2006,10/20/2011,Male,6,shenzhen,guangdong,CN,37,3/31/2014,53,55646,34827,15069,86686,3/27/2014,5,13.59615385,79,0,0.741590338,55646,2
1022,02-04-2007,4/22/2007,Female,5,guangzhou,guangdong,CN,45,3/31/2014,56,56571,32771,27917,80865,3/20/2014,12,13.01818182,110,7,0.794874297,59029,12
38047,1/28/2005,6/18/2005,Male,4,beijing,beijing,CN,54,3/31/2014,35,60474,34572,21446,55938,01-02-2014,90,18.35294118,114,0,1.149063249,63305,1
54961,10-12-2006,01-11-2007,Male,5,haikou,hainan,CN,60,3/31/2014,51,58634,34871,27820,53198,3/20/2014,12,14.3,73,5,1.207902929,61166,6
9858,10-11-2006,7/24/2008,Female,4,guangzhou,guangdong,CN,40,3/31/2014,51,54520,42313,16798,84896,3/27/2014,5,14.52,127,5,0.75665261,69437,57
29255,7/22/2005,10/13/2005,Female,4,MONTEREY PARK,CA,US,53,3/31/2014,5,75605,37500,23500,61160,7/21/2013,255,102.5,153,1,1.05,75605,1
18976,9/14/2006,11/15/2006,Male,6,shanghai,shanghai,CN,46,3/31/2014,39,61435,7095,32984,49396,3/19/2014,13,18.60526316,84,0,1.299550976,74926,3
676,5/19/2006,8/13/2006,Female,4,shenzhen,guangdong,CN,49,3/31/2014,15,71824,17437,20084,65979,1/27/2014,65,39.64285714,150,0,0.972289971,71824,0
44531,8/16/2006,8/16/2006,Male,6,changchun,jilin,CN,46,3/31/2014,63,52557,23976,33161,85096,3/21/2014,11,10.75806452,63,21,0.753827794,57530,23
29215,6/19/2005,6/19/2005,Male,6,guangzhoushi,guangdong,CN,47,3/31/2014,52,59491,29476,34449,56462,3/27/2014,5,13.84313725,65,3,1.135377599,64892,7
38741,10-11-2007,10-11-2007,Male,5,beijing,beijing,CN,61,3/31/2014,73,59476,29305,29314,78754,3/28/2014,4,10.06944444,43,0,0.81388666,62983,0
26133,09-03-2011,09-04-2011,Male,6,benxi,liaoning,CN,41,3/31/2014,26,58016,10342,38841,47873,3/28/2014,4,25.6,155,0,1.337733378,61360,1
44647,7/31/2006,7/31/2006,Male,5,changchun,jilin,CN,64,3/31/2014,57,58485,17908,29356,80646,3/21/2014,11,12.48214286,136,27,0.794045086,60296,27
38132,4/22/2005,5/24/2005,Male,5,guangzhou,guangdong,CN,39,3/31/2014,77,60150,30869,33752,90123,3/30/2014,2,9.092105263,60,10,0.710465253,66105,16
20775,09-07-2007,11/29/2007,Male,5,wuhan,hubei,CN,49,3/31/2014,71,53887,23006,33128,83712,3/26/2014,6,10.27142857,42,2,0.764650707,60586,6
35452,10-07-2005,10-07-2005,Male,6,yingkou,liaoning,CN,54,3/31/2014,95,54488,26384,36939,74066,3/30/2014,2,7.659574468,46,0,0.862945346,118910,52
6779,7/25/2012,7/25/2012,Male,5,guangzhou,guangdong,CN,52,3/31/2014,40,64891,27680,29252,69761,3/27/2014,5,15.66666667,63,1,0.916007655,66521,1
2168,05-04-2005,10/16/2009,Male,5,,beijing,CN,48,3/31/2014,28,51429,20256,22713,91701,3/30/2014,2,26.14814815,133,0,0.69680407,51429,0
9575,2/26/2006,03-12-2006,Male,6,guangzhou,guangdong,CN,43,3/31/2014,73,45628,24097,37042,95647,3/27/2014,5,10.06944444,42,3,0.668030362,59485,28
56468,12-03-2005,1/27/2006,Female,4,guangzhou,guangdong,CN,42,3/31/2014,43,66049,28742,21738,85974,11/22/2013,131,14.21428571,64,6,0.743074883,71854,18
27085,2/13/2010,12-07-2010,Male,4,beijing,beijing,CN,60,3/31/2014,25,58479,51507,7548,52450,3/24/2014,8,29.45833333,195,0,1.2176,58479,0
17635,1/26/2006,1/28/2006,Male,5,shenyangshi,liaoning,CN,38,3/31/2014,63,56277,29403,21796,80675,2/14/2014,47,10.82258065,45,0,0.791293957,59398,2
26019,5/21/2011,5/21/2011,Male,5,jilinshengjilinshi,jilin,CN,53,3/31/2014,49,56864,8730,16142,75477,3/28/2014,4,15.125,70,5,0.845687295,59510,5
62905,9/23/2006,12-06-2006,Female,4,wulumuqishi,xinjiang,CN,47,3/31/2014,46,53428,15572,31962,89271,03-10-2014,22,13.93333333,96,3,0.714593877,58203,4
58032,09-12-2012,09-12-2012,Male,4,VALINDA,CA,US,,3/31/2014,10,38174,16918,5400,100472,5/23/2013,314,28.11111111,91,0,0.634799745,38174,0
10525,7/18/2011,7/21/2011,Male,6,guangzhou,guangdong,CN,31,3/31/2014,59,68908,32051,26427,80541,3/30/2014,2,12.5,118,4,0.791726947,79474,14
54589,6/20/2012,11-05-2012,Male,4,guangzhou,guangdong,CN,65,3/31/2014,9,45554,13250,16150,91224,2/23/2014,38,59.375,126,0,0.698888889,45554,0
2981,10/27/2005,11-09-2005,Male,6,shenyang,liaoning,CN,43,3/31/2014,81,60860,21879,38740,75182,3/30/2014,2,9.0875,47,9,0.847747732,119218,53
30987,11/18/2012,11/18/2012,Female,4,taishan,guangdong,CN,60,3/31/2014,7,53504,3520,18450,85624,01-05-2014,87,68.83333333,164,0,0.744285714,53504,0
5489,06-11-2011,6/21/2011,Male,6,shenzhen,guangdong,CN,50,3/31/2014,75,63112,17815,46345,60283,3/30/2014,2,9.810810811,59,5,1.056982731,73019,10
1502,5/20/2011,5/29/2011,Male,6,guangzhou,guangdong,CN,30,3/31/2014,107,62968,34797,29279,79501,3/28/2014,4,6.858490566,24,8,0.801270927,106698,90
35194,4/22/2012,4/22/2012,Male,6,.,beijing,CN,55,3/31/2014,73,59773,29480,30550,80241,3/31/2014,1,9.847222222,49,0,0.793687766,67548,2
62839,5/16/2008,5/16/2008,Male,5,hulin,heilongjiang,CN,55,3/31/2014,65,54695,26935,25844,96693,3/28/2014,4,11.0625,50,4,0.658601864,57010,4
8638,3/22/2007,3/22/2007,Male,6,shenyang,liaoning,CN,39,3/31/2014,76,59867,13720,41004,71746,3/29/2014,3,9.493333333,83,0,0.886963733,73583,32
40763,11/23/2010,11/23/2010,Male,5,dalian,liaoning,CN,57,3/31/2014,64,48430,14254,42771,93264,2014/2/29  0:00:00,32,10.49206349,58,2,0.682162356,60468,6
28236,6/15/2007,09-05-2007,Male,4,foshan,guangdong,CN,44,3/31/2014,34,46307,18699,17281,95000,03-08-2014,24,19.39393939,206,4,0.669690526,46307,4
46967,12/15/2012,01-05-2013,Male,4,beijing,beijing,CN,59,3/31/2014,67,53252,14317,42595,89045,2014/2/29  0:00:00,32,6.363636364,25,1,0.714236622,67347,3
56142,02-07-2005,08-10-2005,Male,6,.,beijing,CN,46,3/31/2014,39,59992,30676,27312,56993,02-04-2014,57,17.34210526,89,10,1.115859141,61790,13
29173,05-06-2005,02-11-2006,Male,6,shenzhen,guangdong,CN,62,3/31/2014,28,59481,18575,28413,43915,2/17/2014,44,25.2962963,121,0,1.447174086,63387,2
20860,12/16/2007,12/16/2007,Male,5,wuhan,hubei,CN,47,3/31/2014,71,59564,23727,31945,88022,03-08-2014,24,10.1,57,2,0.721764104,66242,4
54166,11/25/2010,7/15/2012,Male,4,foshan,guangdong,CN,33,3/31/2014,12,43739,11447,10900,85695,03-04-2014,28,54.36363636,257,0,0.741325632,46039,2
44823,10/13/2008,10/13/2008,Male,6,changchun,jilin,CN,30,3/31/2014,54,54168,4848,40599,80475,3/26/2014,6,11.05660377,149,0,0.789281267,62730,1
31270,11-06-2009,04-12-2010,Male,6,changchun,jilin,CN,58,3/31/2014,50,59282,25872,29838,47419,3/19/2014,13,14.55102041,100,6,1.339272022,64267,8
26814,3/19/2008,3/19/2008,Male,5,dalian,liaoning,CN,36,3/31/2014,63,50577,23622,20133,90508,3/14/2014,18,11.16129032,46,4,0.701515115,53305,6
62338,10/31/2010,3/18/2011,Male,4,wulumuqi,xinjiang,CN,36,3/31/2014,47,50199,17307,22607,95635,3/16/2014,16,13.2826087,40,1,0.663811052,56613,3
45752,06-07-2006,11/18/2006,Female,6,guangzhou,guangdong,CN,55,3/31/2014,52,60280,21846,32362,88665,3/25/2014,7,13.62745098,90,0,0.715828568,70462,3
60391,5/30/2012,5/30/2012,Male,6,chengdu,sichuan,CN,46,3/31/2014,30,62151,3525,49620,43997,3/28/2014,4,23.03448276,290,0,1.442555629,71358,3
44675,08-02-2007,08-04-2007,Male,5,wenzhou,zhejiang,CN,60,3/31/2014,50,57257,11572,26850,79538,03-06-2014,26,14.24489796,58,0,0.796849682,58412,0
12801,12-01-2009,12-07-2009,Male,5,tangshan,hebei,CN,46,3/31/2014,67,50362,36962,27752,115950,3/25/2014,7,10.92424242,47,2,0.546489866,56010,3
23221,2/25/2011,2/25/2011,Female,4,guangzhou,guangdong,CN,28,3/31/2014,51,58168,37659,20449,79381,2/28/2014,33,13.9,66,3,0.798170595,59438,3
53730,5/31/2007,06-02-2007,Male,6,shenyang,liaoning,CN,67,3/31/2014,75,61442,29797,30861,77582,1/22/2014,70,8.797297297,48,6,0.816596247,72084,11
19085,12-11-2006,12/22/2006,Male,5,zhuhai,guangdong,CN,52,3/31/2014,61,46153,22668,32826,98657,3/22/2014,10,11.86666667,40,3,0.641866669,50182,4
4181,12-10-2009,10/19/2010,Male,4,S.P.S,CORTES,HN,45,3/31/2014,6,76027,0,33615,62259,11/30/2013,123,42.4,136,0,1.017113992,79515,0
45807,07-02-2006,07-02-2006,Male,5,guangzhou,guangdong,CN,38,3/31/2014,72,50670,28107,32792,90317,3/27/2014,5,10.11267606,59,3,0.701083628,92536,41
19475,1/24/2009,1/29/2009,Male,5,guangzhou,guangdong,CN,33,3/31/2014,77,56408,27775,33797,86916,3/18/2014,14,9.328947368,49,7,0.72837993,88991,47
13752,06-09-2010,06-10-2010,Male,4,guangzhou,guangdong,CN,60,3/31/2014,19,66977,14823,43289,50352,1/18/2014,74,33.66666667,126,0,1.256990983,70751,0
573,1/15/2006,1/17/2006,Male,5,shenzhen,guangdong,CN,48,3/31/2014,46,51531,19798,21368,81221,3/28/2014,4,16.11111111,71,1,0.779039657,65025,14
11572,8/28/2007,06-03-2008,Male,4,guangzhou,guangdong,CN,39,3/31/2014,49,61953,23628,33221,76772,3/31/2014,1,14.60416667,111,1,0.823695227,66074,2
32845,9/26/2011,9/26/2011,Male,5,beijing,beijing,CN,30,3/31/2014,93,57418,37925,23905,78991,3/27/2014,5,7.880434783,38,7,0.800058361,75332,44
46317,10-01-2007,10/20/2011,Male,4,wuhan,hubei,CN,46,3/31/2014,29,51043,17296,20621,93643,2/16/2014,45,22.28571429,78,3,0.67474611,51043,3
12158,9/13/2008,9/13/2008,Male,6,guangzhoushi,guangdong,CN,50,3/31/2014,49,45050,22772,25782,93195,3/17/2014,15,14.47916667,123,4,0.677956972,62681,49
46898,9/22/2012,10-09-2012,Male,5,zengcheng,guangdong,CN,51,3/31/2014,62,55709,24122,34873,83902,3/21/2014,11,8.672131148,30,0,0.75303485,60456,1
53994,02-12-2007,2/13/2007,Male,4,wulumuqishi,xinjiang,CN,50,3/31/2014,36,54184,21339,31636,77225,3/24/2014,8,19.94285714,67,1,0.817882551,61576,4
34787,09-07-2010,09-07-2010,Male,5,dalianshi,liaoning,CN,36,3/31/2014,78,51427,23944,19590,80399,3/19/2014,13,9.298701299,62,0,0.785563626,64384,17
13704,10-09-2010,12-10-2010,Male,4,PANTIN,PANTIN,FR,33,3/31/2014,20,45589,11365,21113,89005,01-02-2014,90,32.10526316,139,0,0.709340599,45589,0
10596,12/13/2011,01-08-2012,Male,5,beijing,beijing,CN,55,3/31/2014,36,64229,43717,28597,53142,2/28/2014,33,19.74285714,108,1,1.187838997,67405,3
9710,07-01-2006,09-10-2006,Male,4,haikou,hainan,CN,56,3/31/2014,11,38705,9600,15751,84655,2/20/2014,41,64.2,175,1,0.745532928,40093,3
44599,3/13/2006,3/13/2006,Male,5,changchun,jilin,CN,56,3/31/2014,54,58613,5073,22332,77036,3/24/2014,8,13.62264151,121,10,0.819158575,64226,12
37160,4/27/2007,7/18/2007,Female,5,shanghai,shanghai,CN,25,3/31/2014,33,59301,36480,25270,43164,03-04-2014,28,21.78125,111,0,1.461818182,64113,4
26673,08-05-2006,08-05-2006,Male,6,changchun,jilin,CN,44,3/31/2014,35,58712,27636,31344,45965,03-01-2014,31,19.35294118,110,1,1.372635266,64053,5
62577,09-03-2006,09-03-2006,Male,4,shenyang,liaoning,CN,37,3/31/2014,44,58213,56320,0,68873,12/19/2013,104,14.20930233,276,1,0.915871241,71666,30
62825,01-08-2008,01-08-2008,Female,5,ningbo,zhejiang,CN,39,3/31/2014,48,54103,21815,32934,80586,3/27/2014,5,14.93617021,74,2,0.782426848,56652,2
23628,5/31/2011,5/31/2011,Male,4,compton,ca,US,39,3/31/2014,9,73194,30491,3400,67245,4/22/2013,345,46,168,0,0.937580192,73194,0
30848,7/19/2009,7/19/2009,Male,5,guangzhou,guangdong,CN,32,3/31/2014,49,58236,14414,29596,75716,3/31/2014,1,14.91666667,126,3,0.832198082,61637,3
57358,5/15/2008,12/27/2008,Male,5,beijingshi,beijing,CN,53,3/31/2014,55,54342,32727,21548,88604,3/23/2014,9,13.12962963,61,5,0.711070945,57005,8
61361,01-12-2013,01-12-2013,Male,5,wulumuqi,xinjiang,CN,44,3/31/2014,19,59657,15048,33514,48560,3/27/2014,5,24.44444444,84,0,1.297306219,66032,2
14570,06-11-2011,08-03-2011,Female,4,shenzhen,guangdong,CN,49,3/31/2014,5,73279,12600,20700,61160,01-06-2014,86,138,249,0,1.03,73279,0
5132,4/20/2011,05-11-2011,Male,6,zhengzhou,henan,CN,30,3/31/2014,82,55593,23195,37369,86882,3/31/2014,1,8.888888889,109,2,0.724723993,76744,32
44869,7/31/2007,7/31/2007,Male,4,haerbin,heilongjiang,CN,45,3/31/2014,40,45489,21517,23287,99177,03-10-2014,22,18.07692308,45,0,0.634788005,47854,1
9700,6/20/2006,6/20/2006,Male,6,wuhanshi,hubei,CN,44,3/31/2014,81,55318,22436,38290,85753,3/28/2014,4,9.075,59,5,0.734077525,71282,9
47297,6/30/2005,09-05-2005,Male,5,guangzhou,guangdong,CN,70,3/31/2014,61,48923,33440,23287,99202,3/29/2014,3,11.76666667,96,0,0.634378944,49507,12
17725,5/16/2006,5/16/2006,Male,5,changchun,jilin,CN,57,3/31/2014,54,51703,24678,31587,88586,3/27/2014,5,13.18867925,47,1,0.710252297,56662,3
37290,03-10-2008,10/25/2008,Male,4,MONTEREY PARK,CA,US,65,3/31/2014,7,32564,9300,11800,85624,12/23/2013,100,93.66666667,189,0,0.734285714,33064,1
39391,6/22/2008,10-10-2009,Male,4,guangzhou,guangdong,CN,40,3/31/2014,40,54562,29326,29019,70631,03-01-2014,31,17.46153846,169,1,0.889793009,55362,4
28410,11-10-2009,3/16/2010,Male,5,dalianshi,liaoningsheng,CN,38,3/31/2014,62,51934,21995,33442,81546,3/20/2014,12,11.57377049,41,0,0.770479116,55707,0
37204,07-02-2007,11/27/2007,Male,5,guangzhou,guangdong,CN,45,3/31/2014,48,54657,44900,18102,48815,3/15/2014,17,15.10638298,138,2,1.286855884,56781,4
36235,5/20/2011,09-01-2011,Female,5,guangzhou,guangdong,CN,37,3/31/2014,52,63039,31464,25845,73187,3/14/2014,18,13.03921569,97,0,0.858296282,75030,27
56242,04-09-2005,6/13/2005,Male,5,guangzhou,guangdong,CN,65,3/31/2014,42,57847,40305,17965,56487,3/30/2014,2,17.56097561,99,9,1.110958274,63618,13
22097,04-10-2009,12-04-2009,Male,5,shenzhen,guangdong,CN,34,3/31/2014,42,56890,26977,22026,80686,03-12-2014,20,16.46341463,108,1,0.776964157,65483,24
744,07-03-2006,07-04-2006,Male,5,guangzhou,guangdong,CN,35,3/31/2014,69,52844,31294,28809,89629,3/21/2014,11,10.45588235,59,0,0.699150052,57703,2
4853,12/14/2010,12/14/2010,Male,5,foshan,guangdong,CN,60,3/31/2014,26,57093,47272,7094,43810,11/23/2013,130,23.32,256,0,1.428440995,58679,3
18181,5/17/2010,07-06-2010,Male,6,dalian,liaoning,CN,39,3/31/2014,71,54683,10002,47551,76572,3/30/2014,2,7.942857143,52,0,0.816414747,89264,30
47090,12/14/2004,07-11-2005,Male,5,guangzhoushi,guangdongsheng,CN,49,3/31/2014,58,50528,26146,31693,94925,3/17/2014,15,12.0877193,77,0,0.658075323,54417,1
2972,10/16/2009,12-09-2009,Male,4,SYDNEY,NSW,AU,52,3/31/2014,13,60020,25630,9900,79971,8/15/2013,230,41.5,76,1,0.779887959,60020,1
8425,09-09-2005,09-09-2005,Male,5,shanghai,shanghai,CN,37,3/31/2014,42,57552,20532,21854,61051,3/27/2014,5,17.3902439,56,6,1.021400632,58662,9
26507,12/20/2010,08-10-2011,Male,6,wulumuqi,xinjiang,CN,36,3/31/2014,37,58009,8194,41767,75552,03-09-2014,23,16.83333333,73,0,0.824821977,69694,3
3802,2/17/2009,12/13/2010,Male,4,nanning,guangxi,CN,62,3/31/2014,82,49879,32591,25849,90889,3/22/2014,10,8.864197531,64,2,0.685324627,55359,3
8563,7/23/2008,7/23/2008,Male,5,beijing,beijing,CN,40,3/31/2014,75,47980,35870,21714,100319,3/23/2014,9,9.702702703,65,7,0.620769346,52174,10
13977,12/31/2010,1/16/2011,Female,4,shenzhen,guangdong,CN,54,3/31/2014,31,56015,3685,21840,42750,11-09-2013,144,19.26666667,114,0,1.455932164,60894,5
20222,3/20/2005,04-12-2005,Male,5,guangzhou,guangzhou,CN,56,3/31/2014,49,48549,35553,14865,95380,3/26/2014,6,14.75,82,1,0.652557664,69260,34
53796,06-06-2007,06-06-2007,Male,5,shenyangshi,,CN,38,3/31/2014,76,53624,32081,25764,82886,3/21/2014,11,9.493333333,85,0,0.750763458,78801,36
62965,06-07-2008,06-07-2008,Male,5,wulumuqi,xinjiang,CN,46,3/31/2014,41,50895,24522,22744,82668,2/22/2014,39,14.925,83,2,0.752550806,56525,7
51486,7/28/2012,8/27/2012,Male,5,shanghai,shanghai,CN,53,3/31/2014,70,52608,9330,11150,80023,3/21/2014,11,8.289855072,46,0,0.776725316,58795,1
40063,6/23/2009,3/19/2010,Male,5,changsha,hunan,CN,43,3/31/2014,70,57896,30992,28463,83798,03-11-2014,21,10.17391304,69,3,0.74161054,61818,6
19349,5/23/2007,5/23/2007,Male,4,,,HK,49,3/31/2014,50,55187,37364,19438,73964,2/25/2014,36,14.16326531,72,1,0.839648207,57780,2
1340,9/22/2009,04-11-2010,Male,5,guangzhou,guangdong,CN,39,3/31/2014,59,53679,40351,21162,70841,3/22/2014,10,12.34482759,117,7,0.876578253,66859,40
38551,7/28/2007,3/16/2012,Male,6,wuhan,hubei,CN,62,3/31/2014,41,61134,19905,34933,43296,3/30/2014,2,17.575,70,0,1.433718588,67532,2
29291,08-11-2005,8/16/2005,Male,5,zhengzhou,henan,CN,42,3/31/2014,80,57933,37517,23259,63090,3/30/2014,2,9.189873418,46,0,0.983662863,61527,3
43181,9/29/2012,10-09-2012,Male,5,guangzhoushi,guangdongsheng,CN,37,3/31/2014,44,57736,13600,40171,82596,03-06-2014,26,11.95348837,59,0,0.751008887,60981,1
40168,1/17/2010,05-02-2010,Male,4,guangzhou,guangdong,CN,60,3/31/2014,34,60537,38260,27378,78078,1/15/2014,77,19.51515152,95,0,0.794455801,68505,4
11009,12/31/2004,04-07-2005,Male,4,guangzhou,guangdong,CN,39,3/31/2014,35,59473,37155,13456,74052,03-05-2014,27,20.58823529,123,5,0.837397234,63649,9
11873,4/29/2006,4/29/2006,Male,6,changchun,jilin,CN,46,3/31/2014,60,53942,30537,28966,73500,3/23/2014,9,11.15254237,71,2,0.842998503,58535,5
40363,12/20/2009,12/20/2009,Male,6,beijing,beijing,CN,47,3/31/2014,54,58148,22019,25899,79706,3/21/2014,11,13.22641509,67,3,0.777335081,71000,10
26494,3/24/2011,5/14/2011,Male,6,wulumuqishi,xinjiang,CN,36,3/31/2014,46,56370,10002,30466,87839,3/26/2014,6,16.06666667,105,1,0.705171165,63862,7
26704,9/22/2007,9/24/2007,Male,6,shenyangshi,liaoningsheng,CN,57,3/31/2014,51,56933,28262,30871,52044,2/24/2014,37,12.66,67,0,1.188997963,60432,2
2267,08-02-2005,09-06-2005,Male,5,guangzhou,guangdong,CN,37,3/31/2014,65,57457,31302,28790,78842,3/22/2014,10,10.296875,81,6,0.784764846,60084,7
56086,12-03-2004,5/21/2006,Male,5,guangzhoushi,guangdongsheng,CN,52,3/31/2014,60,44626,29611,24381,104351,2/26/2014,35,11.79661017,72,0,0.592701939,49476,2
28509,12/31/2010,1/13/2011,Male,4,guangzhoushi,guangdongsheng,CN,45,3/31/2014,49,61020,35837,25889,56791,1/14/2014,78,12.25,47,0,1.089030304,67082,4
47656,10-09-2007,10-09-2007,Male,5,guangzhoushi,,CN,45,3/31/2014,65,58304,25512,33536,79460,03-12-2014,20,10.796875,44,2,0.778212056,60845,3
53993,02-06-2007,04-06-2007,Male,5,wulumuqishi,xinjiang,CN,58,3/31/2014,53,47211,19841,16694,83213,03-12-2014,20,13.61538462,93,4,0.742994364,48003,4
48025,04-03-2008,03-01-2009,Male,5,kunshan,jiangsu,CN,48,3/31/2014,62,55045,13007,33892,80734,3/29/2014,3,11.93442623,84,1,0.765801273,63084,7
1767,8/17/2012,9/20/2012,Male,4,,,SG,45,3/31/2014,50,44055,13191,25579,110765,03-08-2014,24,10.91836735,42,0,0.55817343,50351,0
16571,12-11-2012,12-11-2012,Male,4,jiangmen,guangdong,CN,58,3/31/2014,47,45183,6277,34956,101838,8/31/2013,214,5.717391304,59,0,0.607049628,49897,1
29031,11-11-2004,1/24/2005,Male,4,.,beijing,CN,39,3/31/2014,37,60873,42030,13577,62604,1/26/2014,66,18.27777778,100,2,0.987120791,83305,26
17254,01-07-2010,01-07-2010,Male,4,guangzhou,guangdong,CN,33,3/31/2014,49,54229,36511,15248,86330,2/28/2014,33,13.58333333,106,3,0.715697788,54831,17
53645,5/17/2006,5/17/2006,Male,5,changchun,jilin,CN,42,3/31/2014,40,52693,5165,45931,80889,3/16/2014,16,16.97435897,275,2,0.763638443,56716,2
32425,6/20/2011,6/20/2011,Male,5,beijing,beijing,CN,47,3/31/2014,47,52037,28679,25940,80833,3/25/2014,7,15.5,75,0,0.763938119,52037,3
24965,09-01-2012,9/15/2012,Male,5,akesu,xinjiang,CN,32,3/31/2014,51,48605,11903,21657,81466,3/31/2014,1,11.26,37,1,0.757720276,59026,25
39887,04-01-2011,4/13/2011,Male,5,shanghai,shanghai,CN,38,3/31/2014,63,50230,28696,26132,90863,3/30/2014,2,11.61290323,54,2,0.678944235,62143,25
49687,10-02-2010,10-02-2010,Male,5,guangzhou,guangdong,CN,52,3/31/2014,58,54058,22305,34853,84039,3/27/2014,5,12.19298246,59,1,0.734023251,57714,2
3172,4/24/2008,4/24/2008,Male,5,shanghai,shanghai,CN,34,3/31/2014,57,53066,19475,26951,83010,3/29/2014,3,12.57142857,71,0,0.742986146,56676,4
31638,8/30/2010,8/30/2010,Male,5,philippines,philippines,PH,48,3/31/2014,79,46636,28717,32204,90194,03-07-2014,25,9.051282051,70,0,0.683735171,55289,1
54673,2/23/2006,2/23/2006,Male,6,guangzhou,guangdong,CN,44,3/31/2014,64,50494,26584,30985,81662,3/27/2014,5,11.34920635,61,3,0.754111215,55752,7
44682,11-01-2006,11-01-2006,Male,5,changchun,jilin,CN,53,3/31/2014,42,57394,22896,31061,45445,03-08-2014,24,15.97560976,109,7,1.355081527,62354,8
49026,08-01-2009,8/21/2009,Male,6,wuhan,hubei,CN,39,3/31/2014,71,57546,14288,43664,79337,3/25/2014,7,10.2,68,0,0.776073711,84904,5
35923,11-07-2006,11/28/2006,Male,4,wulumuqishi,xinjiang,CN,43,3/31/2014,34,46032,28251,21066,91793,03-11-2014,21,20.96969697,97,0,0.670704084,46032,0
40837,6/29/2011,6/29/2011,Male,5,beijing,beijing,CN,56,3/31/2014,58,59458,28310,29166,65833,3/26/2014,6,12.66666667,90,7,0.935059924,61496,9
40008,1/26/2009,03-05-2009,Male,5,dalian,liaoningsheng,CN,47,3/31/2014,75,52866,33918,28091,75269,3/20/2014,12,9.5,53,2,0.817348709,56625,5
11228,07-06-2005,4/24/2011,Male,6,shenzhen,guangdong,CN,56,3/31/2014,35,58953,19068,36863,54134,3/31/2014,1,21.38235294,111,2,1.136308789,61617,2
39043,05-11-2012,05-11-2012,Male,4,KUALA LUMPUR,KUALA LUMPUR,MY,36,3/31/2014,28,56707,30703,24908,79765,3/31/2014,1,25.55555556,85,0,0.771087319,56707,0
1039,2/16/2007,06-01-2007,Male,4,guangzhou,guangdong,CN,35,3/31/2014,49,49108,19196,32294,89006,3/29/2014,3,14.70833333,86,3,0.690976788,50608,4
27666,2/25/2006,2/27/2006,Female,4,guangzhou,guangdong,CN,46,3/31/2014,10,33338,12971,11500,83564,3/30/2014,2,60.66666667,185,0,0.73567936,33338,0
5130,1/20/2011,1/20/2011,Male,5,guangzhou,guangdong,CN,34,3/31/2014,58,48239,30920,24823,90921,2014/2/29  0:00:00,32,11.45614035,93,1,0.676096501,54585,16
11195,6/15/2005,12/17/2006,Male,4,guangzhou,guangdong,CN,43,3/31/2014,34,41306,16480,24379,102881,3/15/2014,17,20.66666667,100,4,0.597434026,41306,4
50899,10/13/2011,10/13/2011,Male,6,shanghai,shanghai,CN,46,3/31/2014,32,55898,15435,18841,42050,3/22/2014,10,22.80645161,195,1,1.46025874,57562,1
30924,3/30/2009,01-04-2011,Female,4,beijing,beijing,CN,55,3/31/2014,14,34667,12450,20943,86722,02-04-2014,57,38.92307692,137,0,0.70785314,34667,0
62600,09-07-2007,09-07-2007,Female,5,shenyangshi,liaoningsheng,CN,57,3/31/2014,87,57597,21648,32230,71979,3/21/2014,11,8.209302326,38,0,0.852811931,65886,3
55437,10/18/2009,11/17/2009,Female,5,guangzhou,guangdong,CN,39,3/31/2014,54,59581,32077,23633,71954,3/20/2014,12,13.47169811,106,2,0.852759958,65171,27
28281,9/26/2007,12-02-2007,Female,4,guangzhou,guangdong,CN,36,3/31/2014,20,38988,16163,14748,83302,1/25/2014,67,28.57894737,151,1,0.73654354,72854,36
56420,10-02-2005,11/17/2005,Male,4,JAKARTA,,ID,66,3/31/2014,34,58206,19150,19171,84253,3/27/2014,5,21.66666667,91,1,0.728149977,58706,2
25040,9/25/2012,9/26/2012,Male,4,changchunshi,jilinsheng,CN,37,3/31/2014,30,54602,30681,19615,46508,12-03-2013,120,14.93103448,66,0,1.316232906,57752,3
2615,6/21/2007,11/23/2007,Male,5,tianjin,tianjin,CN,51,3/31/2014,36,55951,38901,16774,47888,03-06-2014,26,20,119,1,1.277978826,57897,2
41149,3/19/2011,3/19/2011,Male,4,guangzhoushi,guangdong,CN,31,3/31/2014,46,56114,31355,22110,85335,3/24/2014,8,15.75555556,93,0,0.717079276,61059,5
3930,09-09-2011,10-01-2011,Male,5,zhengzhou,henan,CN,57,3/31/2014,53,58128,50837,8881,45414,8/25/2013,220,9.807692308,34,0,1.346975602,59672,2
60782,1/13/2013,02-07-2013,Male,5,CLICHY SOUS BOIS,FRANCE,FR,38,3/31/2014,15,43022,13300,16448,97250,3/24/2014,8,29.35714286,310,0,0.628571517,43022,0
49806,08-06-2010,8/15/2010,Male,6,hangzhou,zhejiang,CN,49,3/31/2014,95,59063,28461,39272,76026,3/26/2014,6,7.670212766,70,0,0.803118801,68952,3
53946,3/24/2006,06-03-2006,Male,4,wulumuqishi,xinjiang,CN,47,3/31/2014,52,57531,25586,13149,75015,02-12-2014,49,12.62745098,129,1,0.813926148,58269,1
18096,04-05-2008,04-05-2008,Male,4,zhuhai,guangdong,CN,42,3/31/2014,64,45755,28739,20148,94526,3/26/2014,6,10.63492063,45,4,0.645575291,52114,9
32801,9/19/2011,12-01-2011,Male,4,zhanjiang,guangdong,CN,37,3/31/2014,38,44656,18907,28312,85034,3/27/2014,5,17.89189189,57,0,0.717405391,44656,0
47076,12-02-2004,01-06-2005,Male,4,foshanshi,guangdongsheng,CN,54,3/31/2014,51,58016,59627,0,67167,12/27/2012,461,5.36,28,5,0.908231721,58016,9
59143,8/21/2011,8/21/2011,Male,5,guangzhou,guangdong,CN,38,3/31/2014,48,62629,29218,41556,78489,3/24/2014,8,14.27659574,62,1,0.776952312,70963,4
44838,1/13/2009,1/13/2009,Male,5,shenyangshi,liaoning,CN,38,3/31/2014,65,60703,14042,28273,73962,3/16/2014,16,10.890625,35,6,0.824283416,69022,21
13750,3/22/2010,3/22/2010,Male,4,,,HK,62,3/31/2014,23,58774,31709,21119,41859,12/30/2013,93,28.27272727,122,1,1.45569101,60707,2
19023,11-05-2006,11/28/2006,Male,4,beijing,beijing,CN,41,3/31/2014,55,56529,32319,24462,72751,3/27/2014,5,13.14814815,98,2,0.837370483,58296,6
39672,10/19/2007,10/19/2007,Male,4,beijing,beijing,CN,38,3/31/2014,58,62392,24185,32442,64594,3/25/2014,7,12.36842105,75,5,0.943011116,65558,9
8353,4/22/2011,6/15/2011,Male,6,wulumuqi,xinjiang,CN,55,3/31/2014,31,52698,18477,31325,75610,3/17/2014,15,23.16666667,98,0,0.805359344,56394,1
42229,02-06-2012,2/28/2012,Male,5,guangzhoushi,guangdongsheng,CN,31,3/31/2014,78,50618,19124,29984,80959,3/22/2014,10,8.818181818,52,1,0.751913932,55601,7
635,4/13/2006,4/13/2006,Male,5,beijing,beijing,CN,61,3/31/2014,54,57789,23937,34081,67130,3/29/2014,3,13.60377358,97,2,0.906626843,61087,2
8505,5/20/2006,6/27/2006,Male,5,shenyang,liaoning,CN,48,3/31/2014,58,57488,17790,36909,64240,3/20/2014,12,11.94736842,61,0,0.947089664,61520,2
21205,5/24/2010,5/24/2010,Male,4,zhongqing,zhongqing,CN,54,3/31/2014,37,48450,22932,23403,84950,3/14/2014,18,19.5,63,0,0.716192584,48450,0
32208,6/13/2011,6/13/2011,Male,5,beijing,beijing,CN,36,3/31/2014,43,57288,26750,26317,79376,3/29/2014,3,17.28571429,82,0,0.766335668,58718,0
12569,1/28/2006,1/21/2009,Male,5,haerbin,heilongjiang,CN,68,3/31/2014,57,53038,26311,26440,87540,3/29/2014,3,12.92857143,60,4,0.694763651,55444,4
22276,8/27/2009,4/18/2013,Male,5,shenzhen,guangdong,CN,41,3/31/2014,62,49224,0,55297,91011,3/30/2014,2,5.68852459,65,4,0.667879817,59835,5
54611,12/20/2005,3/14/2006,Male,5,beijing,beijing,CN,40,3/31/2014,59,50135,25569,28376,84795,03-09-2014,23,12.18965517,61,0,0.716748865,53317,1
10223,10/26/2007,12/21/2007,Male,4,guangzhou,guangdong,CN,52,3/31/2014,10,61421,16820,6900,103500,01-04-2014,88,63,159,3,0.586999807,65695,5
46087,1/26/2007,4/24/2013,Male,6,.,tianjin,CN,47,3/31/2014,36,55562,0,54060,68760,03-10-2014,22,9.171428571,21,0,0.883333333,59642,1
3722,02-12-2009,2/13/2009,Male,5,shenyang,liaoning,CN,41,3/31/2014,58,57692,1377,5530,74908,2014/2/29  0:00:00,32,11.73684211,78,3,0.810649463,62646,7
722,6/16/2006,7/31/2006,Male,4,guangzhou,guangdong,CN,42,3/31/2014,45,55225,25337,37880,78758,3/27/2014,5,15.97727273,96,5,0.770872165,59035,7
60228,12/19/2011,12/19/2011,Male,5,xiangtan,hunan,CN,47,3/31/2014,81,57341,22675,31509,73941,3/24/2014,8,8.875,51,1,0.820894497,61943,2
27720,4/22/2006,10/13/2010,Male,6,shenyangshi,liaoning,CN,46,3/31/2014,60,48134,28456,19006,88186,3/21/2014,11,12.15254237,48,2,0.688250629,54725,9
41083,1/17/2011,1/17/2011,Male,5,guangzhou,guangdong,CN,32,3/31/2014,62,57016,36915,22969,72630,3/29/2014,3,11.68852459,88,2,0.835425306,58748,5
38196,06-05-2005,06-05-2005,Male,5,shenzhenshi,shenzhenshi,CN,37,3/31/2014,26,55683,22195,22844,44816,03-08-2014,24,27.28,76,17,1.353867369,193107,46
51446,5/31/2012,5/31/2012,Male,6,dongguan,guangdong,CN,48,3/31/2014,28,56691,17315,39448,42440,3/13/2014,19,24.14814815,85,0,1.4296336,58290,1
20424,10-03-2005,10-07-2005,Male,5,shenzhen,guangdong,CN,40,3/31/2014,56,54758,11401,40282,86835,3/25/2014,7,12.61818182,101,5,0.698594461,59466,7
13196,01-12-2006,07-07-2009,Male,6,zengcheng,guangdong,CN,51,3/31/2014,75,49333,15823,41654,79162,3/21/2014,11,9.621621622,48,0,0.765996564,55078,1
15974,9/20/2012,12-11-2012,Male,5,shanghai,shanghai,CN,41,3/31/2014,7,72032,17550,27700,58856,01-06-2014,86,65.16666667,196,0,1.03,92188,2
25999,1/30/2011,1/30/2011,Male,4,xiaoshan,hangzhou,CN,37,3/31/2014,74,52164,28865,27614,76240,1/30/2014,62,9.123287671,61,2,0.795091028,64334,7
62548,4/28/2006,4/28/2006,Male,4,shanghaishi,.,CN,47,3/31/2014,45,53720,7611,9798,72869,3/25/2014,7,16.27272727,46,1,0.831767281,53720,1
2656,08-08-2007,08-08-2007,Female,5,guangzhou,guangdong,CN,45,3/31/2014,47,54227,21398,31396,81560,3/21/2014,11,15.19565217,92,1,0.742864272,55890,1
32501,5/23/2011,5/23/2011,Male,5,changsha,hunan,CN,53,3/31/2014,53,54417,30632,20697,70743,3/28/2014,4,13.23076923,71,3,0.856389749,56476,4
14981,03-09-2013,03-09-2013,Female,4,,,US,43,3/31/2014,8,13956,6720,14257,86723,03-09-2014,23,52.28571429,208,0,0.698258824,13956,0
22422,01-03-2010,01-03-2010,Male,6,guangzhou,guangdong,CN,37,3/31/2014,67,54342,24795,35329,73170,3/30/2014,2,10.72727273,35,3,0.827588903,77354,20
36857,09-12-2006,11/28/2006,Male,5,guangzhou,guangdong,CN,56,3/31/2014,77,48868,28173,29438,88662,3/27/2014,5,9.486842105,55,5,0.682154474,51548,9
11017,12/15/2004,03-07-2005,Male,6,guangzhou,guangdong,CN,49,3/31/2014,68,53072,22864,36260,82504,3/31/2014,1,10.56716418,69,4,0.733065548,55549,7
50058,4/24/2011,4/24/2011,Male,5,beijing,beijing,CN,34,3/31/2014,57,57101,33306,21635,66811,3/17/2014,15,12.76785714,51,2,0.904841119,59092,5
21139,4/25/2008,08-05-2010,Male,6,changsha,hunan,CN,44,3/31/2014,40,60391,16974,37879,51323,3/28/2014,4,18.51282051,87,0,1.176348031,98920,5
8395,08-10-2011,9/30/2011,Male,4,guangzhou,guangdong,CN,42,3/31/2014,45,49151,16880,27236,83981,2/21/2014,40,15.18181818,67,1,0.718592062,53552,3
62543,6/13/2006,6/13/2006,Female,5,shenyang,liaoning,CN,41,3/31/2014,62,53610,9366,20319,79286,3/16/2014,16,11.70491803,74,1,0.761092374,57808,6
13566,06-03-2010,06-03-2010,Male,5,changsha,hunan,CN,49,3/31/2014,57,57633,33599,19122,71068,3/19/2014,13,12.76785714,63,0,0.848845753,58018,0
23032,11-10-2010,11-12-2010,Male,4,guangzhou,guangdong,CN,35,3/31/2014,57,49764,17602,29351,88302,2/27/2014,34,12.125,94,5,0.682957351,121584,41
19199,2/18/2007,12/15/2009,Male,4,guangzhou,guangdong,CN,33,3/31/2014,77,49666,38960,17909,94463,3/22/2014,10,9.447368421,51,4,0.638324741,79732,140
43339,3/30/2006,09-05-2007,Male,5,wulumuqi,xinjiang,CN,52,3/31/2014,28,54365,7947,40782,72750,3/30/2014,2,16,67,1,0.828830653,63999,4
45734,06-02-2006,6/28/2006,Male,5,shenzhenshi,guangdong,CN,39,3/31/2014,40,53492,28790,22002,83080,3/20/2014,12,18.30769231,89,2,0.7255,53492,5
4759,8/31/2010,10/18/2010,Female,4,ARCIDA,CA,US,19,3/31/2014,7,66692,23309,6300,62499,04-11-2013,356,46.16666667,169,0,0.964329669,66692,0
47201,04-05-2005,4/28/2005,Male,5,guangzhou,guangdong,CN,58,3/31/2014,61,54386,31047,25310,85126,3/27/2014,5,12.05,68,4,0.70780913,62807,29
45744,06-08-2006,06-08-2006,Male,6,guangzhou,guangdong,CN,35,3/31/2014,50,61457,20964,35581,71439,3/25/2014,7,14.42857143,132,1,0.843246266,68307,24
10176,06-05-2007,06-05-2007,Female,5,guangzhou,guangdong,CN,40,3/31/2014,41,64640,26420,26928,74057,3/29/2014,3,16.575,61,4,0.813431276,67343,8
17213,7/16/2009,10-01-2009,Male,4,shenzhen,guangdong,CN,38,3/31/2014,28,57112,38077,13126,45672,02-08-2014,53,24.03703704,140,0,1.318700298,58000,1
23991,12-06-2012,12-06-2012,Male,5,sheshuishi,fushanxian,JP,41,3/31/2014,41,41177,16647,67802,79948,3/31/2014,1,12.025,51,0,0.752799695,48563,3
27322,07-09-2011,7/24/2011,Female,5,guangzhou,guangdong,CN,28,3/31/2014,57,52837,20383,30156,81750,3/31/2014,1,12.69642857,72,4,0.735845138,64130,36
62478,09-09-2005,09-09-2005,Male,6,shenyang,liaoning,CN,51,3/31/2014,40,54205,26250,29538,43971,3/26/2014,6,18.17948718,73,2,1.367751473,56343,3
20146,12/17/2004,12/19/2004,Female,4,guangzhoushi,guangdong,CN,45,3/31/2014,50,58506,27990,30194,63915,12/21/2013,102,12.32653061,48,1,0.940822029,63053,7
29795,2/25/2008,3/14/2008,Male,4,CABRAMATTA,N.S.W,AU,62,3/31/2014,11,59445,27068,24000,70903,12-02-2013,121,55.9,181,0,0.847978647,59445,0
10826,11-08-2012,11/28/2012,Male,4,guangzhou,guangdong,CN,44,3/31/2014,11,61838,7346,22316,74784,2/27/2014,34,45.6,84,4,0.803704536,63261,4
16938,2/19/2011,08-02-2011,Male,5,dalian,liaoning,CN,56,3/31/2014,45,48573,40071,29705,75360,3/22/2014,10,15.70454545,78,2,0.797246285,50005,2
26962,4/16/2006,09-05-2006,Male,4,wulumuqi,xinjiang,CN,56,3/31/2014,32,46312,25699,22333,92386,02-11-2014,50,21.61290323,81,1,0.650243543,47812,2
56928,12/13/2007,12/14/2007,Male,4,guangzhou,guangdong,CN,43,3/31/2014,55,47810,23098,30728,91409,3/20/2014,12,13.27777778,52,2,0.657085407,50194,4
38632,3/14/2008,3/14/2008,Male,4,guangzhou,guangdong,CN,33,3/31/2014,62,49512,25329,30729,79377,2/24/2014,37,11.27868852,71,3,0.756558701,57175,20
49524,6/22/2010,05-01-2011,Male,5,guiyang,guizhou,CN,57,3/31/2014,38,55494,18998,35164,54418,2/25/2014,36,18.72972973,149,0,1.103523099,57769,0
10968,11-01-2004,12-02-2004,Male,5,fanyu,guangdong,CN,56,3/31/2014,33,55944,27722,31145,41717,2/27/2014,34,20.96875,68,1,1.439426133,116409,35
29460,5/24/2007,7/26/2007,Male,5,guangzhou,guangdong,CN,46,3/31/2014,44,59509,21771,31000,77388,3/27/2014,5,16.76744186,61,1,0.775820541,65192,14
5474,04-01-2012,5/13/2012,Male,5,beijingshi,beijing,CN,31,3/31/2014,75,54851,9112,36166,75387,3/20/2014,12,9.148648649,67,2,0.796333055,67820,7
30761,4/18/2011,4/18/2011,Male,6,chenghai,guangdong,CN,53,3/31/2014,80,67943,48261,46786,46786,3/27/2014,5,9.189873418,50,0,1.28204356,74366,4
15490,01-12-2012,01-12-2012,Male,4,zhongqing,zhongqing,CN,29,3/31/2014,31,41635,19323,21746,84213,3/18/2014,14,23.36666667,73,3,0.712216641,41635,3
57211,04-05-2008,04-05-2008,Female,6,guangzhou,guangdong,CN,32,3/31/2014,55,42944,21838,23931,95097,03-10-2014,22,13.11111111,66,5,0.630205895,125219,58
50658,8/26/2011,8/26/2011,Male,5,nanyang,henan,CN,47,3/31/2014,54,54833,24827,24248,70492,3/23/2014,9,13.56603774,41,2,0.849685071,59215,3
47583,7/31/2007,10/14/2007,Male,4,TEMPLE,CA,US,38,3/31/2014,15,55213,9349,15742,78406,9/26/2013,188,36.92857143,149,2,0.763890008,55713,3
27688,03-03-2006,6/23/2006,Male,5,guangzhou,guangdong,CN,38,3/31/2014,69,47574,35414,21170,80779,3/26/2014,6,10.61764706,57,3,0.741118979,51216,6
4401,12/21/2009,6/18/2011,Female,4,shishi,fujian,CN,37,3/31/2014,18,50855,14968,18665,76005,2/20/2014,41,38.52941176,302,0,0.786949543,50855,0
59670,1/15/2012,1/15/2012,Male,4,CHANDLER,AZ,US,56,3/31/2014,10,41221,11350,10816,88788,02-08-2014,53,64.22222222,157,0,0.67362121,41221,0
23899,09-04-2011,09-04-2011,Male,4,guangzhou,guangdong,CN,30,3/31/2014,62,42915,34585,19163,96120,3/26/2014,6,11.67213115,59,1,0.62216469,44534,2
6538,6/20/2012,6/22/2012,Male,6,guangzhou,guangdong,CN,43,3/31/2014,48,42510,22700,30863,90522,3/28/2014,4,13.72340426,53,0,0.660571242,45396,0
45060,8/18/2009,08-10-2010,Male,4,guangzhou,guangdong,CN,34,3/31/2014,9,50586,16950,10300,74714,1/23/2014,69,75.75,193,0,0.799971357,57100,22
38009,11/19/2004,3/22/2005,Male,4,shanghai,shanghai,CN,47,3/31/2014,63,51866,36952,17498,84674,2/20/2014,41,10.96774194,57,2,0.705565817,62751,13
59395,07-08-2011,10-07-2011,Female,4,beijing,beijing,CN,40,3/31/2014,11,57365,41330,0,73370,02-09-2013,417,31.2,80,4,0.813636364,57365,6
29141,04-01-2005,05-07-2005,Male,6,fanyu,guangdong,CN,41,3/31/2014,61,47489,22895,31158,90278,03-11-2014,21,11.68333333,79,4,0.661176809,51018,4
14855,04-09-2012,05-03-2012,Male,5,guangzhoushi,guangdong,CN,28,3/31/2014,55,68049,20919,37041,76308,03-11-2014,21,12.55555556,60,5,0.782083399,78068,18
15007,08-11-2012,8/23/2012,Male,4,AYAUTA-GUN,KAGAWA-KEN,JP,36,3/31/2014,29,52804,27384,37919,76647,3/29/2014,3,20.85714286,91,0,0.77862069,62764,8
46060,11/29/2006,5/27/2007,Male,5,beijingshi,beijing,CN,38,3/31/2014,46,67337,16006,36822,76109,3/28/2014,4,16.08888889,108,3,0.784000841,99278,28
5560,02-09-2012,02-11-2012,Male,6,beijing,beijing,CN,56,3/31/2014,21,61533,19414,30089,73122,3/24/2014,8,33.3,242,3,0.815881267,62621,4
40738,3/23/2010,3/23/2010,Male,6,guangzhou,guangdong,CN,48,3/31/2014,61,45397,14431,39061,93107,3/26/2014,6,11.16666667,54,2,0.640218781,54561,7
29664,09-07-2007,09-07-2007,Female,4,guangzhou,guangdong,CN,32,3/31/2014,30,53254,11928,24033,105909,2/15/2014,46,23.55172414,101,3,0.562647556,56714,28
45867,09-09-2006,9/19/2006,Male,4,guangzhou,guangdong,CN,32,3/31/2014,43,47352,32999,14842,79095,02-03-2014,58,15.95238095,78,3,0.753221316,47752,5
58729,03-04-2011,03-04-2011,Male,4,TEMPIE CITY,CA,US,36,3/31/2014,7,39544,8150,12400,85624,9/21/2013,193,48.83333333,99,0,0.695714286,39544,0
624,04-03-2006,6/20/2006,Male,6,guangzhou,guangdong,CN,40,3/31/2014,81,45697,22516,36304,82484,3/28/2014,4,9.05,63,4,0.722041608,57779,28
29370,11-04-2005,12-05-2005,Male,5,guangzhou,guangdong,CN,40,3/31/2014,31,57279,24230,27045,49504,2/19/2014,42,22.66666667,90,2,1.202572115,95271,32
58018,4/15/2009,7/13/2009,Male,4,guangzhou,guangdong,CN,48,3/31/2014,56,60014,31872,23121,79405,3/16/2014,16,12.67272727,59,3,0.749712487,64594,6
55330,6/17/2007,01-03-2008,Female,6,guangzhou,guangdong,CN,54,3/31/2014,44,49255,23304,34071,41743,03-12-2014,20,16.44186047,69,1,1.425675443,52238,2
1250,1/14/2008,4/23/2011,Male,6,xian,shanxi,CN,47,3/31/2014,30,56010,2175,41324,42562,3/27/2014,5,24.96551724,364,0,1.396327945,61606,1
29919,12-12-2006,12-12-2006,Male,5,shenyang,liaoning,CN,44,3/31/2014,65,51183,22361,31117,73072,3/30/2014,2,11.3125,83,1,0.813006213,54888,2
32521,03-09-2011,07-03-2011,Female,4,,,AU,40,3/31/2014,10,39739,22150,12600,75964,02-04-2014,57,73.44444444,368,0,0.781935522,39739,0
42220,12-04-2011,12/18/2011,Female,4,guangzhou,guangdong,CN,37,3/31/2014,59,50736,27053,29774,84722,3/14/2014,18,12.25862069,71,2,0.700848186,56619,5
26771,1/17/2008,1/17/2008,Male,6,changchun,jilin,CN,61,3/31/2014,35,53216,43766,10918,42697,12/20/2013,103,18.17647059,138,3,1.390304003,55840,7
56087,11-05-2004,11-05-2004,Male,5,guangzhou,,CN,36,3/31/2014,42,60908,28820,24978,65658,3/25/2014,7,17.63414634,110,5,0.903884675,84151,31
49264,9/28/2009,9/28/2009,Male,4,shenzhen,guangdong,CN,44,3/31/2014,60,50293,26533,23768,81648,3/17/2014,15,11.6440678,50,5,0.72681964,54285,9
35942,7/18/2007,7/18/2007,Male,4,xian,shanxi,CN,38,3/31/2014,47,54329,26095,20170,90546,9/13/2013,201,11.26086957,88,0,0.654768847,55686,0
11478,7/21/2007,10/13/2007,Male,5,hangzhou,zhejiang,CN,45,3/31/2014,81,50762,21068,37364,78220,3/29/2014,3,9.0125,49,2,0.757902455,102305,36
54720,04-01-2006,5/17/2006,Male,5,wuhan,hubei,CN,48,3/31/2014,62,53070,33874,19896,68784,3/28/2014,4,11.90163934,49,4,0.861806234,56546,5
30475,6/26/2009,12/13/2009,Female,4,guangzhou,guangdong,CN,30,3/31/2014,45,54190,28824,21367,78301,3/28/2014,4,16.43181818,76,0,0.757046909,54190,0
60165,01-06-2012,07-04-2012,Male,5,guangzhou,guangdong,CN,41,3/31/2014,42,60057,31874,29836,60518,2/15/2014,46,14.41463415,67,0,0.97947718,71629,4
26999,12/31/2006,01-07-2007,Male,5,wulumuqi,xinjiang,CN,50,3/31/2014,42,54506,23000,25241,85269,1/30/2014,62,16.09756098,96,2,0.694923947,59287,5
50952,9/22/2012,9/22/2012,Female,4,zhuhai,guangdong,CN,39,3/31/2014,7,60968,36334,24316,53692,9/15/2013,199,59.66666667,231,0,1.103162482,60968,0
9976,02-08-2007,03-08-2007,Male,5,beijing,beijing,CN,41,3/31/2014,49,54875,31767,21459,72864,03-07-2014,25,14.64583333,64,3,0.812725077,58560,23
48605,3/20/2010,5/21/2010,Male,5,dalian,liaoning,CN,59,3/31/2014,64,41953,21623,35106,101898,3/30/2014,2,11.47619048,85,0,0.581049186,46310,1
14486,7/25/2011,09-03-2011,Male,4,shanghai,shanghai,CN,41,3/31/2014,29,54610,14945,25243,41192,3/25/2014,7,25.46428571,138,4,1.437351185,58762,8
48174,4/23/2008,12/18/2008,Female,6,fuzhou,fujian,CN,27,3/31/2014,27,58377,19915,42692,45867,3/24/2014,8,25.15384615,145,0,1.290050145,61408,2
19071,03-01-2006,03-01-2006,Male,4,guangzhou,guangdong,CN,45,3/31/2014,33,51720,14774,31629,71908,03-06-2014,26,19.90625,124,3,0.822704011,52520,4
2579,6/20/2007,6/20/2007,Female,5,foshan,guangdong,CN,48,3/31/2014,60,49861,28581,25785,83201,3/15/2014,17,11.84745763,55,2,0.710764534,52806,2
44660,10/20/2006,10/20/2006,Male,5,dalian,liaoning,CN,44,3/31/2014,71,51234,31226,15496,74124,3/27/2014,5,10.32857143,52,5,0.797750121,64922,11
55008,11/29/2006,12-02-2006,Male,6,guangzhou,guangdong,CN,48,3/31/2014,45,47355,14941,38253,81578,3/29/2014,3,15.88636364,73,0,0.7247199,52456,4
39920,6/29/2011,7/25/2011,Male,5,zhengzhou,henan,CN,46,3/31/2014,40,56626,25343,23745,64345,3/18/2014,14,18.17948718,120,0,0.918675888,57514,1
58123,03-09-2009,03-09-2009,Male,5,dalian,liaoning,CN,46,3/31/2014,48,53542,19402,29034,78250,3/21/2014,11,15.19148936,57,0,0.755420703,56082,0
58190,6/27/2009,6/27/2009,Female,4,guangzhou,guangdong,CN,45,3/31/2014,68,53756,27683,27138,75428,3/19/2014,13,10.53731343,48,1,0.78270324,58084,5
62481,04-11-2006,4/14/2006,Male,6,shenyangshi,liaoningsheng,CN,44,3/31/2014,91,55976,11092,38056,72913,3/31/2014,1,7.688888889,40,2,0.809087268,65014,2
2206,6/16/2005,6/21/2005,Female,4,,,CN,38,3/31/2014,30,48173,35233,10166,66574,6/27/2013,279,15.5862069,48,6,0.885915823,48173,7
51020,12/22/2011,12/22/2011,Male,6,changsha,hunan,CN,47,3/31/2014,55,55200,22009,28252,72305,3/28/2014,4,13.40740741,56,2,0.815335316,58941,2
44638,4/16/2006,4/16/2006,Male,5,liaoyang,liaoning,CN,39,3/31/2014,61,47864,21719,28894,80829,2/28/2014,33,10.8,37,2,0.72922268,50377,3
56605,1/22/2006,1/22/2006,Female,4,beijing,beijing,CN,41,3/31/2014,31,55032,19086,47759,52138,1/24/2014,68,21.53333333,124,4,1.12996375,62053,10
54731,4/27/2006,4/25/2007,Male,6,fanyu,guangdong,CN,39,3/31/2014,85,49343,22211,37083,76910,3/30/2014,2,8.654761905,55,4,0.765663893,85307,29
743,07-01-2006,08-06-2006,Male,5,guangzhou,guangdong,CN,45,3/31/2014,76,52363,35329,29137,80079,03-10-2014,22,9.32,49,4,0.735177762,61015,16
19726,09-01-2011,09-12-2011,Male,5,shenyangshi,liaoning,CN,32,3/31/2014,65,49632,21131,26490,79988,3/28/2014,4,10.609375,48,7,0.735672851,60209,18
47937,11/22/2007,11/22/2007,Male,5,gaoyao,guangdong,CN,73,3/31/2014,68,43074,18497,24603,80245,3/30/2014,2,10.26865672,49,5,0.733140507,45510,5
60067,1/16/2012,1/20/2012,Male,6,guangzhou,guangdong,CN,31,3/31/2014,109,49616,32214,31913,83362,3/13/2014,19,6.574074074,23,2,0.705422615,56583,6
35554,4/25/2006,4/25/2006,Male,6,shenyangshi,liaoning,CN,50,3/31/2014,90,55795,22887,38986,63771,3/17/2014,15,8.011235955,41,3,0.921863543,87394,34
18058,12/22/2006,3/17/2007,Male,5,dalian,liaoning,CN,48,3/31/2014,41,48904,25543,25691,83804,3/23/2014,9,17.6,89,4,0.701363897,51541,4
23884,10-05-2011,10-05-2011,Male,4,guangzhou,guangdong,CN,30,3/31/2014,67,41783,45261,11420,87169,11-07-2013,146,8.742424242,79,3,0.67426218,43974,5
21057,04-09-2008,04-11-2008,Male,5,guangzhou,guangdong,CN,61,3/31/2014,57,47943,40540,16393,72377,03-07-2014,25,12.57142857,49,0,0.811419926,48796,0
31648,1/14/2011,1/14/2011,Male,4,IRVINE,CA,US,53,3/31/2014,7,39544,13850,7250,85624,07-10-2013,266,56.33333333,121,1,0.685714286,39544,1
4228,8/27/2009,9/16/2009,Male,5,haikou,hainan,CN,45,3/31/2014,32,56047,30168,29103,46358,3/23/2014,9,19.96774194,58,2,1.266520342,59728,4
35307,01-04-2012,1/19/2012,Male,4,wulumuqi,xinjiang,CN,42,3/31/2014,47,49665,20817,17891,87515,1/30/2014,62,14.23913043,99,0,0.670796435,52084,2
56554,7/19/2007,2/26/2012,Male,5,,beijing,CN,51,3/31/2014,33,54370,34188,19284,50530,2/23/2014,38,19.96875,124,0,1.161700178,73467,30
57270,08-12-2010,08-12-2010,Male,5,KOBE,,JP,56,3/31/2014,49,51835,42674,37002,78353,03-06-2014,26,14.58333333,49,0,0.748831953,55342,1
46906,08-04-2012,08-04-2012,Male,5,guangzhou,guangdong,CN,37,3/31/2014,67,43576,15800,36087,96735,3/30/2014,2,9.151515152,46,4,0.60650106,60117,25
24611,07-08-2012,07-08-2012,Male,4,,,JP,50,3/31/2014,54,48564,20071,37356,78534,3/22/2014,10,11.75471698,67,0,0.746956605,50107,0
3962,01-06-2009,06-11-2009,Male,4,guangzhou,guangdong,CN,43,3/31/2014,16,49346,9385,17950,81414,3/21/2014,11,45.8,240,5,0.720098386,106444,16
61968,8/15/2011,8/20/2011,Male,6,shenyang,liaoning,CN,41,3/31/2014,51,53926,0,62791,79538,03-10-2014,22,6.5,41,0,0.736965727,67403,3
43481,3/24/2013,3/24/2013,Male,4,dalian,liaoning,CN,46,3/31/2014,17,35918,4800,31721,95007,03-01-2014,31,21.4375,106,0,0.616385003,35918,0
17928,6/17/2007,6/17/2007,Male,5,shenyang,liaoning,CN,42,3/31/2014,82,55576,27013,27365,69588,2/20/2014,41,8.50617284,53,4,0.841365753,58714,7
58234,9/29/2009,9/29/2009,Male,5,guangzhou,guangdong,CN,36,3/31/2014,39,60930,27656,24196,69083,3/14/2014,18,18.68421053,91,4,0.847488528,63269,13
60609,4/14/2012,4/14/2012,Female,4,foshan,guangdong,CN,32,3/31/2014,41,55424,49157,2994,68390,03-09-2014,23,17.375,295,1,0.856000731,55424,1
51429,3/25/2012,3/25/2012,Male,5,aomen,,MO,48,3/31/2014,56,34913,33464,23305,92694,3/25/2014,7,13.14545455,76,0,0.631503441,36870,0
27144,7/26/2010,9/22/2010,Female,4,guangzhou,guangdong,CN,30,3/31/2014,24,48077,7885,30762,97867,3/22/2014,10,30.04347826,144,0,0.598009646,53137,17
18961,7/27/2006,7/27/2006,Male,5,.,shanghai,CN,69,3/31/2014,37,54211,30340,23167,41818,3/27/2014,5,19.58333333,113,3,1.39931441,57089,5
3001,01-12-2008,4/22/2008,Male,4,,,HK,68,3/31/2014,39,45486,27969,17100,83226,3/18/2014,14,18.71052632,74,0,0.703076923,45486,0
32415,11/20/2011,12-06-2011,Male,4,YANAGAWA CITY,FUKUOKA-KEN,JP,,3/31/2014,65,45232,46808,48004,89309,2/23/2014,38,10.671875,57,0,0.654886518,47453,0
13360,11-04-2009,11-04-2009,Male,6,wushi,xinjiang,CN,26,3/31/2014,27,55206,24513,23707,46514,3/16/2014,16,25.5,169,3,1.257314572,59627,4
57607,09-06-2008,09-08-2008,Male,5,beijing,beijing,CN,47,3/31/2014,64,49771,25809,29471,79497,3/14/2014,18,11.06349206,66,3,0.73549656,53333,7
34382,12-03-2012,12-03-2012,Male,6,shenzhen,guangdong,CN,43,3/31/2014,29,58559,29605,29957,68743,3/26/2014,6,17.10714286,70,5,0.850526308,63662,7
16663,07-03-2009,07-03-2009,Male,4,guangzhou,guangdong,CN,46,3/31/2014,34,41384,22062,28554,85416,3/23/2014,9,21.12121212,74,1,0.684334083,41384,1
46300,8/16/2007,9/26/2007,Male,5,guangzhou,guangdong,CN,32,3/31/2014,46,50701,30939,22901,73101,1/24/2014,68,14.33333333,108,0,0.799320392,52275,0
5487,9/18/2011,11/14/2011,Female,5,shenzhen,guangdong,CN,42,3/31/2014,38,58158,39870,24910,54795,3/16/2014,16,17.86486486,77,5,1.066140706,59216,7
36879,10/22/2006,10/22/2006,Female,5,guangzhou,guangdong,CN,45,3/31/2014,43,55452,25285,25696,75115,03-12-2014,20,16.83333333,94,0,0.777458963,81988,58
26099,9/29/2011,9/29/2011,Male,5,shanghai,shanghai,CN,44,3/31/2014,52,57965,1978,10414,68969,3/26/2014,6,14.09803922,39,0,0.84672592,61320,4
20688,7/15/2007,7/15/2007,Male,6,changsha,hunan,CN,45,3/31/2014,57,54124,26471,21621,75446,3/14/2014,18,12.41071429,53,0,0.77384858,63082,4
46092,08-01-2006,02-07-2008,Female,5,shenyang,liaoning,CN,57,3/31/2014,47,55388,24521,10918,65982,3/16/2014,16,15.04347826,193,1,0.884623079,57209,2
2674,9/14/2007,10/17/2007,Male,6,.,beijing,CN,65,3/31/2014,21,56226,27979,35915,45128,03-06-2014,26,31.6,117,5,1.29325585,69533,10
58557,05-07-2010,05-07-2010,Male,4,changsha,hunan,CN,39,3/31/2014,47,55919,25582,23210,63694,3/18/2014,14,14.93478261,83,0,0.916174522,56919,1
29524,6/29/2007,09-11-2007,Male,5,guangzhou,guangdong,CN,35,3/31/2014,45,52868,28957,22871,74632,3/17/2014,15,16.20454545,145,3,0.781728347,60801,14
38533,07-06-2007,07-09-2007,Female,5,beijingshi,beijing,CN,51,3/31/2014,35,54985,22773,27956,63799,3/31/2014,1,21.23529412,79,0,0.914372012,56526,1
61722,5/24/2010,5/24/2010,Male,6,dalianshi,liaoning,CN,54,3/31/2014,80,51256,23617,34975,73557,3/26/2014,6,9.063291139,58,11,0.792120532,100318,57
11955,12/30/2007,01-07-2008,Male,4,MATRAVILLE,NSW,AU,48,3/31/2014,18,42832,15495,20147,80843,3/14/2014,18,36.52941176,262,0,0.720704081,42832,0
39810,12-06-2008,2/25/2012,Male,4,chengdu,sichuan,CN,69,3/31/2014,20,65214,25526,30614,53323,2/23/2014,38,32.10526316,193,0,1.092643137,65214,0
3150,6/16/2008,09-12-2008,Male,4,guangzhou,guangdong,CN,46,3/31/2014,56,50528,30878,24691,74586,03-02-2014,30,12.61818182,59,3,0.781062934,53462,18
47424,9/26/2005,07-01-2010,Female,5,guangzhou,guangdong,CN,35,3/31/2014,49,55216,25108,27215,73499,3/28/2014,4,14.66666667,63,3,0.792537449,60230,5
34587,10/24/2009,12/15/2009,Male,5,,,CN,38,3/31/2014,68,47382,15993,13309,76061,3/15/2014,17,10.59701493,43,3,0.765782596,51575,6
1379,11/19/2009,03-07-2010,Male,4,shenzhenshi,guangdong,CN,44,3/31/2014,6,55830,19400,4400,73392,1/15/2014,77,91.4,336,8,0.793333333,55916,9
21791,8/16/2009,10/19/2009,Male,4,guangzhou,guangdong,CN,37,3/31/2014,54,44811,21873,20784,127679,3/30/2014,2,13.67924528,56,1,0.455938643,65302,27
31500,11/29/2010,11/29/2010,Male,5,OMAGARI-SHI,AKITA,JP,67,3/31/2014,21,59852,27082,34950,67830,2/21/2014,40,29.15,95,6,0.858095238,68565,12
62620,12/26/2006,4/17/2013,Female,5,changchunshi,jilinsheng,CN,55,3/31/2014,49,54255,0,51081,64070,3/28/2014,4,7.208333333,37,1,0.908325581,61831,2
36745,06-01-2006,7/30/2006,Male,5,guangzhou,guangdong,CN,62,3/31/2014,68,46686,18645,36325,87081,3/30/2014,2,9.791044776,70,0,0.668273676,51046,7
29090,02-03-2005,4/21/2005,Male,6,。,beijing,CN,46,3/31/2014,70,55277,10698,37494,85202,3/19/2014,13,9.942028986,90,4,0.682023309,66272,12
57025,1/28/2008,06-06-2008,Male,4,guangzhou,guangdong,CN,40,3/31/2014,36,51248,30873,19598,71104,03-12-2014,20,20.28571429,113,5,0.816660666,61848,11
36013,4/15/2010,06-02-2013,Female,6,guangzhou,guangdong,CN,54,3/31/2014,25,59357,0,51221,43499,3/21/2014,11,12.20833333,48,0,1.33482149,70017,1
38210,6/22/2005,08-11-2007,Female,5,wuhan,hubei,CN,56,3/31/2014,64,48095,22273,32656,68124,3/19/2014,13,11.36507937,52,2,0.851735952,51508,4
2119,3/23/2005,05-04-2005,Male,4,guangzhou,guangdong,CN,40,3/31/2014,51,51262,28204,24433,69907,3/31/2014,1,14.5,74,1,0.829807172,52264,4
8161,6/24/2009,7/15/2009,Male,5,haerbin,heilongjiang,CN,44,3/31/2014,53,49179,14187,25207,83854,03-06-2014,26,12.84615385,73,3,0.691750662,53161,4
31112,1/17/2010,03-06-2010,Male,5,guangzhou,guangdong,CN,32,3/31/2014,37,51180,21757,24459,77711,3/31/2014,1,19.88888889,225,0,0.746388928,53357,0
39608,10/22/2008,11/17/2008,Female,6,.,beijing,CN,42,3/31/2014,33,53908,24240,28798,41928,2/23/2014,38,20.84375,83,0,1.382889239,59642,4
28074,02-01-2007,8/29/2007,Male,4,dongguan,guangdong,CN,59,3/31/2014,22,46933,31320,19029,46757,3/26/2014,6,33.23809524,187,8,1.239995509,46933,8
33308,05-02-2012,06-02-2012,Male,4,foshan,guangdong,CN,33,3/31/2014,41,42920,22664,29378,80545,03-02-2014,30,15.975,86,0,0.719569433,46609,1
41200,4/16/2012,5/21/2012,Male,5,SHIMOINA-GUN,NAGANO-KEN,JP,56,3/31/2014,66,48663,33738,57644,92015,3/27/2014,5,10.4,37,0,0.629454002,58530,5
31469,7/27/2010,09-05-2010,Female,6,shenzhen,guangdong,CN,53,3/31/2014,90,43700,17631,35344,93966,3/31/2014,1,8.179775281,41,1,0.616375817,49976,6
44607,6/30/2006,10/29/2009,Male,5,beijing,beijing,CN,42,3/31/2014,63,54172,27965,26787,70879,3/27/2014,5,11.70967742,88,3,0.817082916,58981,6
62928,05-10-2007,6/28/2007,Male,5,kashishi,xinjiang,CN,50,3/31/2014,35,51005,14859,33507,55902,03-09-2014,23,19.41176471,138,4,1.035714465,57379,8
8906,6/25/2007,6/25/2007,Male,4,kelamayishi,xinjiang,CN,52,3/31/2014,35,46905,18706,26975,85251,3/29/2014,3,20.61764706,76,4,0.679067812,49861,6
62853,08-05-2008,08-05-2008,Male,4,haerbin,heilongjiang,CN,39,3/31/2014,17,58090,19431,18986,46397,1/22/2014,70,41.125,185,0,1.246928896,58090,0
20142,12/29/2004,02-10-2005,Female,5,guangzhoushi,guangdongsheng,CN,38,3/31/2014,41,54513,32769,16839,69717,1/24/2014,68,15.95,83,2,0.829597085,81496,12
27080,1/30/2009,12/18/2010,Female,5,nanning,guangxi,CN,40,3/31/2014,64,49944,24453,29796,72921,3/26/2014,6,11.33333333,47,1,0.792919598,75015,40
32976,11-01-2011,12-09-2011,Female,6,changsha,hunan,CN,47,3/31/2014,54,53795,17986,32053,63845,3/24/2014,8,13.41509434,84,0,0.905549064,63574,1
60481,4/28/2012,5/25/2012,Male,4,shunde,guangdong,CN,44,3/31/2014,50,46762,22833,30900,83834,3/25/2014,7,13.67346939,153,0,0.689368872,46762,0
35760,01-09-2008,01-09-2008,Male,5,shanghai,shanghai,CN,35,3/31/2014,47,51570,7950,10605,63477,3/20/2014,12,15.56521739,56,5,0.910236936,73225,77
21193,04-01-2008,10-12-2008,Male,5,OUDENBOSCH,NB,NL,62,3/31/2014,12,45008,5750,27417,75167,12-02-2013,121,55.36363636,252,0,0.768661248,45008,0
26993,10-10-2006,01-09-2007,Male,5,wulumuqishi,xinjiang,CN,52,3/31/2014,55,43535,20672,31605,85186,3/31/2014,1,13.48148148,52,3,0.678248304,50122,8
21640,02-09-2008,9/27/2008,Male,4,shenzhen,guangdong,CN,41,3/31/2014,26,54488,35235,11214,38789,02-02-2014,59,24.76,194,0,1.489189977,56909,3
34440,3/28/2013,3/28/2013,Male,5,beijing,.,CN,31,3/31/2014,14,47585,2050,31273,102944,3/20/2014,12,27.53846154,131,0,0.560795287,68801,4
45626,2/15/2006,4/26/2006,Male,4,beijing,beijing,CN,57,3/31/2014,21,54705,31040,20866,43318,02-11-2014,50,33.45,119,0,1.332436401,54705,0
33221,1/25/2012,1/25/2012,Male,6,shenzhenshi,guangdongsheng,CN,55,3/31/2014,76,53246,24720,30621,73126,3/31/2014,1,9.693333333,48,3,0.789220387,65377,19
2211,6/19/2005,7/16/2005,Male,6,shenzhen,guangdong,CN,47,3/31/2014,29,51823,26948,22000,41143,3/27/2014,5,25.85714286,95,2,1.40125003,54024,4
11430,4/17/2007,10/19/2007,Male,4,foshan,guangdong,CN,47,3/31/2014,32,49155,27277,12020,84122,03-09-2014,23,22.41935484,93,1,0.685331899,49155,1
62539,11/14/2007,11/14/2007,Male,6,shanghai,shanghai,CN,63,3/31/2014,54,48773,14222,16100,74377,2/18/2014,43,12.96226415,44,2,0.775025209,88153,90
47965,03-09-2008,03-09-2008,Female,5,shanghai,shanghai,CN,45,3/31/2014,32,56765,22997,14619,55766,3/20/2014,12,22.35483871,138,0,1.033650432,57339,0
53621,8/15/2008,8/15/2008,Male,5,shenyang,liaoning,CN,57,3/31/2014,72,52798,24693,28225,64322,3/29/2014,3,10.09859155,57,4,0.895860981,65295,21
19566,07-08-2010,10-07-2010,Male,5,wulumuqi,xinjiang,CN,45,3/31/2014,37,49340,17909,25761,76634,2/17/2014,44,19.08333333,73,1,0.751621995,52804,3
30241,4/25/2010,4/25/2010,Male,4,,,JP,42,3/31/2014,31,30379,31330,24143,81933,3/25/2014,7,23.93333333,162,2,0.702903226,32371,6
57994,04-01-2009,04-03-2009,Male,5,haerbin,heilongjiang,CN,44,3/31/2014,31,45601,21771,26520,73550,3/28/2014,4,23.4,93,0,0.782758532,46137,1
11026,01-10-2005,3/16/2005,Male,5,fanyu,guangdong,CN,37,3/31/2014,55,55447,15118,37498,73722,03-07-2014,25,12.98148148,94,7,0.780814411,58372,8
3083,03-09-2008,05-08-2008,Male,5,guangzhoushi,guangdong,CN,41,3/31/2014,40,53210,19533,22712,81847,3/21/2014,11,17.79487179,79,1,0.703059611,55757,20
47614,7/13/2007,12-10-2008,Male,5,nanhai,guangdong,CN,43,3/31/2014,34,52438,16955,36481,45522,02-04-2014,57,14.27272727,47,0,1.263444269,59074,8
58898,12/27/2010,12/27/2010,Male,4,ARCADIA,CA,US,35,3/31/2014,5,62810,0,28300,61160,1/15/2014,77,55.75,83,0,0.94,64554,0
39495,1/19/2010,1/19/2010,Male,4,LA,CA,US,67,3/31/2014,18,39533,13927,10693,106154,11/21/2013,132,33.76470588,139,0,0.541375926,39533,0
1391,4/27/2010,5/16/2010,Male,5,foshan,guangdong,CN,37,3/31/2014,60,42705,31383,19792,85903,3/21/2014,11,12.01694915,77,4,0.668561983,48638,15
12126,5/15/2006,5/15/2006,Male,6,guangzhou,guangdong,CN,37,3/31/2014,81,55310,23541,37006,72708,3/31/2014,1,9.1125,54,2,0.789687105,68544,20
7827,2/20/2011,03-12-2011,Male,5,dalianshi,liaoningsheng,CN,46,3/31/2014,63,46270,15633,16698,72722,3/13/2014,19,11.24193548,65,4,0.789229257,59073,21
49675,05-08-2010,05-08-2010,Male,5,shanghai,shanghai,CN,47,3/31/2014,53,46694,3662,31533,74641,3/27/2014,5,13.17307692,41,5,0.768829464,50049,6
57450,10/22/2008,07-01-2009,Male,5,shanghai,.,CN,46,3/31/2014,50,58470,7559,12435,68689,3/28/2014,4,13.59183673,51,2,0.835194864,62882,5
42390,07-07-2007,07-07-2007,Male,6,.,beijing,CN,46,3/31/2014,32,58207,14205,38179,40592,3/20/2014,12,17.80645161,76,2,1.413034834,260408,5
1079,03-08-2007,09-10-2007,Male,5,shenzhen,guangdong,CN,51,3/31/2014,59,54592,17784,33391,70019,3/29/2014,3,12.48275862,53,4,0.818839029,58478,8
38057,02-03-2005,2/17/2005,Male,4,shanghai,shanghai,CN,67,3/31/2014,38,56253,23171,27334,53772,3/30/2014,2,19.45945946,88,1,1.066208436,57569,1
37098,10-12-2005,1/29/2006,Female,5,shenyang,liaoning,CN,38,3/31/2014,76,50782,22351,31371,73422,3/29/2014,3,9.56,54,5,0.780757266,62693,12
36632,04-03-2006,6/25/2006,Male,6,guangzhou,guangdong,CN,58,3/31/2014,98,49422,18376,45027,76335,3/27/2014,5,7.391752577,131,0,0.750742779,61288,4
45929,10-10-2006,08-06-2008,Male,4,beijing,beijing,CN,42,3/31/2014,41,45779,29975,19650,79016,3/18/2014,14,17.875,65,3,0.725187937,45803,6
48026,3/28/2008,4/19/2008,Male,4,guangzhou,guangdong,CN,53,3/31/2014,37,59914,35306,16219,61733,03-10-2014,22,19.44444444,164,4,0.928196103,60914,6
52730,5/28/2010,06-03-2010,Male,6,yanji,jilin,CN,50,3/31/2014,44,58010,17795,26654,43446,03-11-2014,21,15.46511628,76,0,1.318862036,60197,0
51358,5/22/2012,6/22/2012,Male,4,wulumuqi,xinjiang,CN,40,3/31/2014,27,50355,28341,20206,75917,3/25/2014,7,24.69230769,118,0,0.754722131,50355,0
10243,02-06-2008,2/19/2008,Male,4,guangzhou,guangdong,CN,35,3/31/2014,62,43330,36074,17978,76996,3/24/2014,8,11.80327869,165,2,0.744064886,51906,33
11636,7/17/2007,9/18/2009,Male,5,haerbin,heilongjiang,CN,34,3/31/2014,46,51192,15215,34767,65102,2/13/2014,48,15.04444444,95,5,0.879509078,64779,16
24300,11/18/2011,2/16/2012,Male,5,fuzhou,fujian,CN,35,3/31/2014,55,50109,25707,27288,82964,3/25/2014,7,13.35185185,53,3,0.690070392,52448,3
45823,07-10-2006,09-02-2006,Male,4,WALNUT,CA,US,47,3/31/2014,8,33327,14950,5000,87591,7/15/2013,261,60.28571429,166,4,0.653613956,56711,8
48404,3/15/2010,3/15/2010,Male,5,wuhan,hubei,CN,46,3/31/2014,63,56481,20196,32640,69155,3/28/2014,4,11.37096774,64,0,0.827563155,60308,1
24606,05-09-2012,05-09-2012,Male,5,guangzhou,guangdong,CN,44,3/31/2014,57,50839,22114,29780,88153,3/25/2014,7,12.25,48,2,0.64904609,53210,2
54915,8/18/2006,8/18/2006,Male,5,,beijing,CN,52,3/31/2014,40,51797,18564,32138,66718,3/30/2014,2,18.25641026,102,0,0.857412992,55493,2
46456,07-11-2007,07-11-2007,Male,4,dongguan,guangdong,CN,55,3/31/2014,24,40822,14124,23790,76925,1/14/2014,78,27.95652174,97,0,0.743102372,40822,0
21765,9/14/2008,9/18/2008,Male,5,guangzhoushi,guangdong,CN,38,3/31/2014,57,52695,20479,33409,76907,3/24/2014,8,12,82,5,0.743209851,94551,61
39192,7/29/2008,5/25/2011,Male,4,zhuhai,guangdong,CN,46,3/31/2014,34,53169,18047,33400,71479,01-09-2014,83,19.33333333,123,0,0.799645071,54995,3
45170,12/13/2010,2/28/2011,Male,5,dalian,liaoning,CN,38,3/31/2014,69,49534,11764,36039,72453,3/18/2014,14,9.632352941,71,0,0.788858846,59496,2
36718,06-01-2006,06-03-2006,Male,5,fanyu,guangdong,CN,42,3/31/2014,63,52799,22127,33704,83598,3/19/2014,13,11.22580645,80,3,0.68333764,63609,28
45432,7/21/2012,9/25/2012,Female,5,guangzhou,guangdong,CN,29,3/31/2014,44,47605,13234,36597,81708,12/22/2013,101,10.53488372,50,1,0.698985901,98041,23
53479,9/25/2011,9/25/2011,Female,4,wulumuqi,xinjiang,CN,35,3/31/2014,49,44658,14150,21642,90688,3/27/2014,5,14.83333333,61,3,0.629715288,51377,9
51445,4/13/2012,4/13/2012,Male,5,shanghai,shanghai,CN,42,3/31/2014,59,50592,18723,25729,79093,03-12-2014,20,12.05172414,53,0,0.7218104,55557,1
3287,11/26/2009,11/26/2009,Male,4,OSAKA,,JP,44,3/31/2014,29,31874,34712,18055,76647,03-12-2014,20,25.35714286,165,0,0.744482759,35858,2
1291,1/18/2009,2/20/2009,Male,5,guangzhou,guangdong,CN,39,3/31/2014,63,50755,21987,25896,72647,3/25/2014,7,11.25806452,80,3,0.785325891,79929,14
53284,4/24/2011,4/25/2011,Male,5,.,beijing,CN,54,3/31/2014,55,49680,17160,28871,75656,3/24/2014,8,13,47,2,0.753726208,52894,3
1209,08-03-2007,11-12-2007,Male,5,beijing,beijing,CN,46,3/31/2014,41,56766,17984,32137,67470,03-04-2014,28,13.475,44,2,0.844768934,61593,3
26913,2/27/2008,2/27/2008,Male,5,haerbin,heilongjiang,CN,55,3/31/2014,62,47095,28261,22044,91815,3/17/2014,15,11.55737705,78,0,0.620526385,49953,0
26379,11-04-2009,12-03-2009,Male,5,haerbin,heilongjiang,CN,43,3/31/2014,71,56570,29767,25176,67878,3/22/2014,10,10.17142857,70,2,0.839344559,61895,3
29235,07-05-2005,08-10-2005,Male,4,guangzhou,guangdong,CN,40,3/31/2014,59,53183,25337,27028,74381,1/18/2014,74,11.18965517,41,1,0.765892499,59180,13
48062,03-06-2008,8/28/2011,Male,6,guangzhou,guangdong,CN,35,3/31/2014,95,43670,33311,24275,76451,3/30/2014,2,7.755319149,48,4,0.744784633,57491,24
38102,3/24/2005,9/15/2010,Male,5,shanghai,shanghai,CN,46,3/31/2014,47,52005,22000,20415,65003,3/28/2014,4,15.41304348,77,0,0.87572589,54506,4
12824,11/20/2008,11/20/2008,Male,4,beijing,beijing,CN,50,3/31/2014,20,53451,43061,18026,40490,03-06-2014,26,35.73684211,147,0,1.405455668,53526,0
41809,01-06-2012,01-06-2012,Male,5,wuhan,hubei,CN,50,3/31/2014,71,48986,25730,25849,76763,3/29/2014,3,10.04285714,45,3,0.741266105,61509,15
20878,10/17/2007,10/17/2007,Female,4,guangzhou,guangdong,CN,50,3/31/2014,10,36274,13540,12600,76380,11-06-2013,147,63.66666667,177,3,0.744669809,36274,3
39437,08-02-2008,9/14/2009,Male,5,guangzhou,guangdong,CN,31,3/31/2014,89,47447,22504,34894,84070,3/26/2014,6,8.193181818,60,4,0.676331985,54171,8
51239,12/28/2011,05-12-2012,Female,5,changchun,jilin,CN,66,3/31/2014,45,48230,20357,27691,68998,3/19/2014,13,15.38636364,68,4,0.822271805,52868,5
47336,08-07-2005,08-07-2005,Male,6,guangzhou,guangdong,CN,55,3/31/2014,41,50926,24183,26654,62887,3/23/2014,9,17.525,94,4,0.90209948,53396,5
56076,11/17/2004,12/30/2004,Male,5,zhuhai,guangdong,CN,40,3/31/2014,69,39524,20898,27586,92179,3/15/2014,17,9.75,46,4,0.615404159,73523,35
10510,06-01-2011,6/24/2011,Male,6,guangzhou,guangdong,CN,32,3/31/2014,68,55618,16336,40130,69358,03-08-2014,24,7.895522388,55,2,0.817760172,62534,7
653,4/25/2006,4/25/2006,Male,4,shenzhen,guangdong,CN,36,3/31/2014,45,51739,30561,15758,74402,3/20/2014,12,16.15909091,66,6,0.762287439,57790,19
29082,1/28/2005,7/13/2005,Male,5,shenzhen,guangdong,CN,77,3/31/2014,24,52067,15195,28318,39737,1/14/2014,78,28.13043478,131,3,1.427256713,53561,3
53298,08-06-2009,08-06-2009,Male,5,wulumuqi,xinjiang,CN,42,3/31/2014,56,47853,14175,29819,85000,3/21/2014,11,12.27272727,106,0,0.666922235,50016,0
45689,4/13/2006,4/13/2006,Male,5,guangzhou,guangdong,CN,48,3/31/2014,57,47647,20661,34465,83433,03-12-2014,20,12.23214286,70,0,0.679352175,49928,0
51247,07-09-2012,07-09-2012,Male,6,changchunshi,jilinsheng,CN,33,3/31/2014,48,49944,9174,27956,74967,3/27/2014,5,13.34042553,121,4,0.75562074,53945,5
5848,06-02-2012,06-04-2012,Male,6,shenzhen,guangdong,CN,54,3/31/2014,32,49479,10515,32469,48252,03-09-2014,23,20.77419355,80,0,1.173499337,50673,0
38677,09-08-2007,5/14/2008,Male,5,guangzhou,guangdong,CN,,3/31/2014,51,51045,22462,29532,77156,3/29/2014,3,14.32,106,1,0.733756545,54167,2
12151,3/30/2008,7/18/2008,Male,6,nanjing,jiangsu,CN,52,3/31/2014,25,52800,21000,23863,43886,02-04-2014,57,27.25,88,3,1.289499613,53146,3
29085,1/29/2005,3/26/2005,Female,5,zhuhai,guangdong,CN,50,3/31/2014,39,53290,16380,36524,62937,3/28/2014,4,18.78947368,157,5,0.899042217,56672,8
29355,10/24/2005,12-10-2005,Male,4,wulumuqi,xinjiang,CN,54,3/31/2014,35,49113,18757,24321,92839,03-09-2014,23,20.79411765,91,1,0.609367723,49113,1
145,10/19/2010,10/19/2010,Male,6,guangzhou,guangdong,CN,38,3/31/2014,96,48787,22120,37987,81229,3/31/2014,1,7.115789474,39,2,0.696412242,55040,9
29239,7/14/2005,8/30/2005,Male,4,guangzhou,guangdong,CN,51,3/31/2014,46,48242,37379,12357,80667,03-11-2014,21,15.71111111,87,0,0.701231359,65742,2
22657,04-09-2010,4/17/2010,Male,6,shantou,guangdong,CN,57,3/31/2014,73,57444,21453,41073,74367,3/29/2014,3,9.763888889,67,0,0.760014926,67684,2
16965,03-01-2011,03-01-2011,Male,6,.,beijing,CN,46,3/31/2014,72,51192,23628,29309,68331,3/14/2014,18,9.957746479,40,3,0.827066485,61826,8
58013,01-02-2009,10/30/2011,Male,4,jilin,jilin,CN,56,3/31/2014,58,50322,39516,15313,64221,11-07-2013,146,9.263157895,75,3,0.879984273,56791,4
56168,03-10-2005,03-10-2005,Male,6,zhuhai,guangdong,CN,55,3/31/2014,44,42425,15594,33685,85760,03-12-2014,20,14.11627907,54,0,0.658901819,173209,31
47091,11/25/2004,3/16/2005,Male,6,huizhoushi,guangdongsheng,CN,43,3/31/2014,45,37758,30173,17983,86458,3/31/2014,1,16.40909091,60,10,0.653396562,78459,45
21271,05-01-2008,3/20/2011,Male,5,guangzhou,guangdong,CN,47,3/31/2014,66,48866,12176,41572,82541,3/13/2014,19,6.876923077,63,0,0.68432585,57312,2
36017,8/20/2006,5/16/2007,Male,5,beijing,beijing,CN,39,3/31/2014,42,45414,17003,31172,79751,2/25/2014,36,15.48780488,86,3,0.708147609,57919,27
12225,05-11-2010,05-12-2010,Male,5,,beijing,CN,36,3/31/2014,59,49574,34336,18781,80298,3/16/2014,16,12.27586207,86,2,0.703297965,51463,7
43645,10-08-2010,10/27/2010,Male,4,changchun,jilin,CN,57,3/31/2014,51,37315,32797,34203,81263,2/28/2014,33,13.9,80,2,0.694876512,37315,2
48362,10-09-2008,10-09-2008,Male,5,shenzhen,guangdong,CN,49,3/31/2014,39,52000,19533,26442,66327,3/18/2014,14,18.42105263,87,1,0.85130128,56704,3
7947,11-09-2005,11-09-2005,Male,5,shenyangshi,liaoningsheng,CN,49,3/31/2014,31,50287,26580,18158,38651,3/20/2014,12,23.86666667,116,7,1.460683553,52577,9
9877,11-01-2006,11-02-2006,Male,5,guangzhou,guangdong,CN,41,3/31/2014,60,51583,21998,30536,84179,3/26/2014,6,12.10169492,85,7,0.670326922,53583,10
34543,08-10-2009,09-07-2009,Male,5,shenyang,liaoning,CN,42,3/31/2014,45,52682,16932,5023,69685,9/27/2013,187,11.34090909,56,0,0.809556576,53445,2
4654,8/18/2010,8/19/2010,Male,4,shanghai,shanghai,CN,41,3/31/2014,62,48676,3500,6901,63825,3/23/2014,9,11.55737705,44,8,0.883695104,51385,9
16386,02-05-2013,02-05-2013,Male,4,akesu,xinjiang,CN,48,3/31/2014,44,47727,2240,29614,68508,03-03-2014,29,9.11627907,56,2,0.822996438,56567,4
62934,1/18/2006,1/18/2006,Male,5,dalian,liaoning,CN,48,3/31/2014,64,49892,16292,27860,65406,3/26/2014,6,11.46031746,71,0,0.861653518,57341,2
22346,9/16/2009,11-02-2009,Male,5,guangzhou,guangdong,CN,42,3/31/2014,53,50808,26187,24780,75672,3/31/2014,1,13.96153846,75,2,0.74474178,53176,2
46448,02-06-2010,02-09-2010,Male,5,dalianshi,liaoning,CN,31,3/31/2014,59,45287,15086,37424,75046,3/17/2014,15,11.13793103,95,2,0.750699837,52929,6
12430,6/28/2008,6/28/2008,Male,4,guangzhou,guangdong,CN,43,3/31/2014,44,46086,17698,26536,88633,3/30/2014,2,16.95348837,67,7,0.635538005,46086,8
28053,1/17/2007,11/26/2008,Male,5,shanghai,shanghai,CN,39,3/31/2014,63,49394,29086,17603,82031,3/23/2014,9,11.4516129,59,6,0.686489376,54434,14
19687,6/27/2011,7/18/2011,Male,4,guangzhou,guangdong,CN,34,3/31/2014,28,51375,28223,14165,78729,02-06-2014,55,24.85185185,122,0,0.715280646,51375,0
26706,03-10-2009,08-04-2009,Male,5,shenyang,liaoning,CN,44,3/31/2014,55,49133,25309,24396,69808,3/30/2014,2,13.5,83,0,0.806595233,50353,0
58728,7/28/2010,7/28/2010,Male,5,ICHI CAWA CITY,CHIBA,JP,66,3/31/2014,43,36275,39513,24310,74894,3/24/2014,8,16.85714286,61,2,0.751682244,38534,2
53719,9/22/2006,07-02-2007,Male,5,dalian,liaoning,CN,47,3/31/2014,97,44373,29774,29576,82733,3/31/2014,1,7.489583333,38,1,0.680453991,53809,6
29386,11/30/2005,11/28/2006,Male,5,beijing,beijing,CN,52,3/31/2014,16,57375,3580,51860,61636,03-05-2014,27,46.13333333,232,1,0.913205432,77541,9
19530,2/13/2010,03-11-2010,Male,5,atushi,xinjiang,CN,50,3/31/2014,65,43360,18393,21830,100156,03-11-2014,21,10.796875,54,0,0.561892348,47628,2
5628,04-01-2012,9/16/2012,Male,4,ROSEMEAD,CA,US,50,3/31/2014,6,34892,10650,8700,73392,10/21/2013,163,80,190,0,0.766666667,34892,0
49972,10/18/2010,10/18/2010,Male,5,guangzhou,guangdong,CN,30,3/31/2014,74,48435,19697,37123,72093,3/28/2014,4,9.849315068,106,8,0.780475497,63888,87
13213,9/19/2009,10-01-2009,Male,5,shenzhen,guangdong,CN,50,3/31/2014,44,48574,16325,22916,61371,3/31/2014,1,16.48837209,89,2,0.916820974,51641,3
48811,1/28/2009,8/25/2010,Male,5,wulumuqi,xinjiang,CN,51,3/31/2014,18,60624,7221,38016,46690,3/20/2014,12,42.17647059,279,0,1.204624545,75804,5
13901,11/24/2010,11/24/2010,Male,6,zhanjiang,guangdong,CN,42,3/31/2014,61,56106,7899,48648,71268,3/20/2014,12,11.55,187,0,0.789186732,63299,1
10181,6/15/2007,04-02-2008,Male,4,shenzhen,guangdong,CN,53,3/31/2014,61,43960,21083,14904,83349,3/14/2014,18,11.65,81,5,0.674546305,45633,6
28160,3/25/2007,11/25/2008,Male,6,wuhan,hubei,CN,77,3/31/2014,48,53915,26960,26747,51733,3/29/2014,3,15.4893617,99,0,1.086691474,61084,3
48298,09-07-2009,09-07-2009,Female,5,yueyang,hunan,CN,42,3/31/2014,39,58436,17553,47317,61168,03-05-2014,27,18.39473684,88,5,0.91878564,84640,11
4280,10/30/2009,10/30/2009,Male,4,beijing,beijing,CN,45,3/31/2014,29,46217,26607,14057,67347,12/14/2013,109,21,110,0,0.834418311,46217,0
13625,4/19/2010,4/19/2010,Male,4,guangzhou,guangdongsheng,CN,44,3/31/2014,40,51704,32492,17164,71180,2014/2/29  0:00:00,32,17.64102564,97,0,0.78941964,71006,23
41040,04-01-2011,04-01-2011,Male,6,wuhan,hubei,CN,40,3/31/2014,69,54510,17819,36792,71466,3/26/2014,6,10.41176471,117,3,0.786237092,58579,5
55076,12/21/2006,03-08-2009,Male,5,guangzhoushi,guangdong,CN,36,3/31/2014,56,46421,33390,19511,78490,1/24/2014,68,11.96363636,59,4,0.715853357,46675,7
28554,06-02-2011,10/13/2011,Male,5,guangzhou,guangdong,CN,37,3/31/2014,47,45162,18655,31826,76300,3/24/2014,8,15.41304348,86,0,0.736197903,49470,4
33649,08-09-2012,08-09-2012,Male,4,beijing,beijing,CN,42,3/31/2014,46,41861,12825,33604,95433,1/27/2014,65,11.91111111,83,0,0.588578374,41861,0
52751,04-01-2010,5/26/2010,Male,5,nanning,guangxi,CN,45,3/31/2014,56,49640,23043,29232,66389,3/18/2014,14,12.67272727,66,0,0.846053111,52331,0
26994,6/28/2006,11/19/2006,Male,4,wulumuqi,xinjiang,CN,59,3/31/2014,31,51554,11617,31951,75246,3/31/2014,1,23.46666667,92,0,0.745776785,51554,0
54864,08-01-2006,1/25/2010,Male,5,guangzhou,guangdong,CN,38,3/31/2014,15,51879,29400,14852,80603,3/27/2014,5,48.28571429,326,1,0.696142575,61879,2
8646,9/22/2007,9/22/2007,Male,5,shenyang,liaoning,CN,54,3/31/2014,51,46078,24734,26023,70932,3/30/2014,2,14.42,63,0,0.790889866,48651,0
57934,03-01-2009,03-03-2009,Male,5,.,beijing,CN,36,3/31/2014,70,54132,34081,19785,59909,3/25/2014,7,10.43478261,79,1,0.936210085,57471,4
11420,3/17/2008,3/24/2008,Male,5,guangzhou,guangdong,CN,46,3/31/2014,72,48147,31850,23556,75203,2/13/2014,48,9.464788732,62,5,0.745592995,82785,18
28149,3/17/2007,7/19/2008,Male,4,LAE,MOROBE,GN,63,3/31/2014,36,48692,17799,23354,80368,3/21/2014,11,20.57142857,208,0,0.697468644,48692,0
54251,1/13/2011,1/26/2012,Female,4,guangzhou,guangdong,CN,31,3/31/2014,63,52070,30651,26730,69106,3/31/2014,1,11.37096774,47,1,0.810884583,67097,29
3437,6/20/2008,2/17/2011,Male,5,gongyi,henan,CN,43,3/31/2014,85,52416,22130,32478,62227,3/27/2014,5,8.357142857,82,0,0.900294406,59526,2
46213,05-09-2007,8/16/2007,Male,5,guangzhou,guangdong,CN,36,3/31/2014,72,43171,26488,29579,79481,3/31/2014,1,10.15492958,37,7,0.704807564,51758,39
51269,05-01-2012,05-01-2012,Male,4,jilinshi,jilinsheng,CN,51,3/31/2014,30,39502,45107,2291,79478,6/18/2013,288,14.24137931,123,0,0.704627822,39502,0
4750,10/15/2012,10/16/2012,Female,6,shishi,fujian,CN,26,3/31/2014,76,34960,7400,35100,106400,3/28/2014,4,7.053333333,62,0,0.526315789,48750,1
38352,4/16/2007,4/16/2007,Male,5,guangzhou,guangdong,CN,53,3/31/2014,21,54234,42905,7153,39508,4/13/2013,354,16.95,86,1,1.417197783,54234,1
38188,06-02-2005,6/19/2005,Female,5,,,CN,40,3/31/2014,59,50139,9044,43265,80323,3/30/2014,2,8.310344828,76,0,0.696915578,55796,1
26989,09-06-2006,09-06-2006,Male,5,chengdu,sichuan,CN,51,3/31/2014,56,47057,10696,21018,76547,3/29/2014,3,12.89090909,125,2,0.731288751,60560,7
37617,11/17/2011,12/22/2011,Male,5,zhuzhou,hunan,CN,44,3/31/2014,50,46127,11863,33683,80994,3/24/2014,8,13.85714286,88,0,0.691065881,49424,0
24393,9/19/2012,9/28/2012,Male,6,shenzhen,guangdong,CN,38,3/31/2014,50,48924,9724,41783,83103,3/31/2014,1,11.2244898,54,3,0.673498189,54162,3
38052,02-03-2005,2/28/2005,Female,5,guangzhoushi,guangdongsheng,CN,57,3/31/2014,69,49792,24063,32001,76532,3/21/2014,11,10.51470588,43,9,0.73099919,53225,11
4842,10/22/2011,10/22/2011,Male,4,guangzhou,guangdong,CN,49,3/31/2014,54,51026,54398,0,79160,2/13/2013,413,5.981132075,40,0,0.706080091,51026,1
62002,12/31/2011,12/31/2011,Male,6,anshan,liaoning,CN,52,3/31/2014,58,50067,19240,31425,62719,3/13/2014,19,12.12280702,60,0,0.891100783,55979,2
54821,7/14/2006,7/17/2006,Female,5,guangzhou,guangdong,CN,35,3/31/2014,51,56120,18858,34350,73629,3/31/2014,1,12.7,96,4,0.758694672,69578,33
53145,10-01-2011,10-01-2011,Male,5,changchunshi,jilin,CN,41,3/31/2014,61,50732,25657,24186,69082,3/23/2014,9,11.9,63,4,0.808590805,53161,4
62631,10-04-2006,10-04-2006,Male,5,,,SG,47,3/31/2014,50,51853,28471,24454,55778,3/19/2014,13,14.30612245,47,0,1.000959697,56403,1
7524,5/19/2010,5/19/2010,Male,4,guangzhou,guangdong,CN,40,3/31/2014,47,46252,21314,28688,72918,2/27/2014,34,14.65217391,89,0,0.765313366,48196,2
5593,11/15/2011,11/15/2011,Female,4,guangzhou,guangdong,CN,40,3/31/2014,8,39744,20558,0,85808,2/21/2013,405,45.57142857,94,0,0.650214432,39744,0
38666,09-11-2007,11-07-2007,Male,6,guangzhou,guangdong,CN,48,3/31/2014,72,42896,34821,19578,80691,3/23/2014,9,10.15492958,34,4,0.691439814,46704,8
15116,01-02-2012,01-02-2012,Male,5,,,CN,41,3/31/2014,70,44447,17102,37060,85144,3/28/2014,4,10.53623188,46,0,0.654763812,51766,1
34767,9/20/2010,9/20/2010,Male,5,shanghai,shanghai,CN,32,3/31/2014,64,50188,20119,18325,72112,3/27/2014,5,11.42857143,69,7,0.77303722,52388,7
53533,3/29/2006,3/29/2006,Male,5,shenyang,liaoning,CN,42,3/31/2014,49,40096,20068,26680,91281,3/28/2014,4,14.64583333,62,0,0.610603192,46892,13
25990,5/14/2011,5/14/2011,Male,5,shanghaishi,shanghai,CN,33,3/31/2014,34,51035,0,18278,50289,03-10-2014,22,21.15151515,83,0,1.107902722,58122,10
28677,2/19/2012,2/19/2012,Male,4,guangzhou,guangdong,CN,37,3/31/2014,38,55768,10253,38125,63860,03-07-2014,25,14.13513514,71,0,0.872191669,61159,14
45890,9/16/2006,4/13/2007,Male,4,,,NL,47,3/31/2014,21,37250,21457,9904,78418,03-08-2014,24,32.9,135,0,0.710221633,37250,0
51011,11/14/2012,11/14/2012,Male,5,zhongqingshi,zhongqing,CN,47,3/31/2014,64,45235,14173,36403,86513,3/15/2014,17,7.73015873,36,2,0.643706842,52675,3
45818,6/22/2006,6/22/2006,Male,5,guangzhou,guangdong,CN,37,3/31/2014,77,43005,20523,25512,74127,3/31/2014,1,9.578947368,35,7,0.75117501,54266,27
40067,9/24/2009,9/24/2009,Male,6,guangzhou,guangdong,CN,65,3/31/2014,104,42931,36872,22235,84578,3/30/2014,2,7.038834951,31,4,0.658278039,50978,10
47783,9/22/2007,12-10-2007,Male,4,guangzhou,guangdong,CN,39,3/31/2014,44,50635,21760,26750,79843,3/26/2014,6,16.55813953,82,3,0.696777175,52451,4
49838,12-07-2010,12-07-2010,Male,4,wuhanshi,hubeisheng,CN,32,3/31/2014,83,50115,27364,23302,70100,1/25/2014,67,7.963414634,46,1,0.7932301,57318,5
31130,08-07-2009,08-08-2009,Male,4,LANCESTER,PA,US,47,3/31/2014,6,50050,4224,20750,62468,01-01-2014,91,86.6,174,0,0.890073638,50050,0
54125,06-10-2007,06-10-2007,Male,6,guangzhou,guangdong,CN,36,3/31/2014,81,51937,26661,31695,75769,3/16/2014,16,8.7,70,0,0.733546437,139562,46
60638,6/20/2012,6/20/2012,Male,5,xining,qinghai,CN,47,3/31/2014,38,43366,14374,29189,60286,03-05-2014,27,16.86486486,59,0,0.921759447,46895,2
48508,08-09-2008,08-09-2008,Male,5,guangzhou,guangdong,CN,32,3/31/2014,71,38668,21611,29229,94420,03-09-2014,23,9.571428571,38,4,0.588499682,41892,8
47302,6/20/2005,08-07-2008,Female,4,guangzhou,guangdong,CN,54,3/31/2014,33,58735,22550,25568,64140,03-06-2014,26,21.90625,79,1,0.866290614,58735,1
53740,06-11-2007,06-11-2007,Male,5,suzhou,jiangsu,CN,32,3/31/2014,54,48758,12490,11049,69289,2/28/2014,33,12.98113208,53,2,0.801744144,75254,28
34103,12/28/2012,12/31/2012,Male,4,PARIS,,FR,76,3/31/2014,9,62625,6800,30021,55777,02-02-2014,59,49.75,217,0,0.995776395,64283,0
47581,11/13/2006,11/13/2006,Male,4,beijing,beijing,CN,37,3/31/2014,43,51485,18974,30633,71266,3/31/2014,1,16.28571429,69,4,0.778998681,51485,5
58954,11-07-2010,08-06-2012,Male,4,KAWAGUCHI-SHI,SAITAMA-KEN,JP,55,3/31/2014,47,60605,41601,19877,64549,02-12-2014,49,12.06521739,94,1,0.860040125,60605,1
13649,09-11-2010,09-11-2010,Male,5,shanghai,shanghai,CN,51,3/31/2014,28,50100,0,22954,37966,03-07-2014,25,25.74074074,145,0,1.462118738,51893,1
14106,3/19/2011,3/19/2011,Male,5,kuerle,xinjiang,CN,39,3/31/2014,42,54623,10360,27460,71691,3/15/2014,17,17.04878049,71,1,0.774258973,68390,4
8719,11-10-2008,11-10-2008,Male,5,changchun,jilin,CN,53,3/31/2014,58,51005,14267,36428,70720,3/23/2014,9,12.33333333,83,2,0.7847278,55400,3
20395,8/27/2005,01-08-2013,Male,6,guangzhou,guangdong,CN,52,3/31/2014,29,55449,4320,46748,40512,12/26/2013,97,12.57142857,63,0,1.369818325,66044,1
37430,5/17/2010,06-10-2010,Male,5,shanghai,shanghai,CN,40,3/31/2014,52,50166,31789,21579,69546,3/22/2014,10,13.35294118,61,1,0.79788701,50666,5
37075,03-05-2007,05-11-2007,Male,5,shenzhen,guangdong,CN,43,3/31/2014,63,46327,27331,26220,80760,3/30/2014,2,11.75806452,65,2,0.68665899,50120,7
16646,11-12-2005,11-12-2005,Male,6,beijing,beijing,CN,51,3/31/2014,78,47114,33630,25909,63841,3/25/2014,7,9.285714286,75,0,0.868342914,47909,0
3698,08-06-2009,8/15/2009,Female,6,HK,HK,HK,52,3/31/2014,174,70834,72468,76349,68891,3/30/2014,2,4.213872832,40,0,0.804662728,95884,2
23925,02-06-2012,02-06-2012,Female,5,shanghai,shanghai,CN,31,3/31/2014,67,48411,28011,24974,73322,3/22/2014,10,10.90909091,96,3,0.755922506,56186,7
52777,2/18/2010,2/22/2010,Male,4,dalian,liaoning,CN,44,3/31/2014,53,48728,37930,19762,70809,3/17/2014,15,13.55769231,78,8,0.782651358,122989,52
44794,06-06-2008,06-06-2008,Male,6,dalian,liaoning,CN,57,3/31/2014,71,42429,19182,28276,72608,3/27/2014,5,10.34285714,57,1,0.763069772,54523,2
53800,10/18/2008,10/18/2008,Male,4,shenyang,liaoning,CN,49,3/31/2014,41,42454,21390,15753,72573,3/30/2014,2,18.225,139,0,0.76296529,42454,0
17711,03-05-2006,03-05-2006,Male,6,,liaoning,CN,49,3/31/2014,52,54822,11837,16548,65494,3/26/2014,6,14.1372549,73,17,0.84519101,60088,19
36720,04-07-2006,09-06-2006,Male,4,guangzhou,guangdong,CN,39,3/31/2014,36,52669,33074,17060,60161,1/16/2014,76,17.4,120,4,0.920092086,66169,6
24159,11-10-2011,11-10-2011,Male,4,hetian,xinjiang,CN,41,3/31/2014,50,44312,7589,17661,82644,3/14/2014,18,13.97959184,108,0,0.669776269,46762,0
39321,2/25/2010,2/26/2010,Female,4,beijing,beijing,CN,38,3/31/2014,39,52680,18226,32285,59983,02-03-2014,58,15.65789474,76,0,0.922404515,55218,1
45933,10-11-2006,04-01-2007,Male,6,.,beijing,CN,47,3/31/2014,21,53847,28110,19178,39984,02-05-2014,56,32.75,85,0,1.383658463,58751,4
54738,05-10-2006,05-11-2006,Female,5,guangzhou,guangdong,CN,46,3/31/2014,47,49004,26321,22729,84222,3/20/2014,12,14.60869565,63,4,0.656885256,54067,21
1064,03-06-2007,11/30/2011,Male,6,shenzhen,guangdong,CN,43,3/31/2014,20,54677,18390,27988,43133,3/16/2014,16,30.68421053,99,1,1.282584796,61757,5
2289,8/22/2005,10/30/2005,Male,5,,guangdongsheng,CN,35,3/31/2014,51,50134,22286,29022,77134,2/28/2014,33,13.96,102,1,0.71721018,53209,4
53604,03-01-2007,03-01-2007,Female,5,dalian,liaoning,CN,53,3/31/2014,53,48829,18958,20695,68853,3/31/2014,1,13.80769231,74,6,0.80343253,52612,8
23989,10-09-2012,10-09-2012,Male,5,NANTO-SHI,TOYAMA-KEN,JP,62,3/31/2014,49,32941,20972,49924,81236,3/31/2014,1,11.22916667,79,0,0.680954626,35362,0
38298,10/18/2005,10/27/2005,Male,5,guangzhoushi,guangdong,CN,46,3/31/2014,50,46049,17515,31278,85464,2/24/2014,37,13.91836735,80,3,0.647232636,56067,10
38796,1/16/2008,1/24/2008,Male,5,beijing,beijing,CN,41,3/31/2014,32,52957,27418,24692,38568,3/25/2014,7,21.61290323,138,0,1.433378189,56112,4
10993,11/25/2004,04-05-2005,Male,4,guangzhou,guangdong,CN,49,3/31/2014,30,47371,17222,23311,80091,2/22/2014,39,23.55172414,98,3,0.690167684,47371,3
28259,6/20/2007,10-10-2011,Female,4,.,beijing,CN,32,3/31/2014,32,53641,27911,23180,39703,1/26/2014,66,20.64516129,85,4,1.392156512,54744,6
61072,11/21/2012,11/21/2012,Male,5,yudugongshi,riben,JP,51,3/31/2014,61,45858,6703,57462,87434,03-10-2014,22,7.916666667,50,3,0.632155683,57203,5
24509,03-07-2012,4/28/2012,Male,4,shanghai,shanghai,CN,47,3/31/2014,46,47450,0,16641,71424,3/23/2014,9,15.44444444,76,3,0.773761061,51490,4
35702,11/22/2007,11/22/2007,Male,6,changchun,jilin,CN,43,3/31/2014,72,46574,16193,34531,76714,3/29/2014,3,9.915492958,55,1,0.720287692,54367,3
29730,1/23/2008,4/14/2008,Male,4,shanghai,shanghai,CN,40,3/31/2014,28,50988,33224,9920,39634,3/24/2014,8,26.48148148,220,11,1.393130141,56183,18
26977,6/21/2006,6/22/2006,Male,5,wulumuqishi,xinjiang,CN,44,3/31/2014,30,42719,22259,19194,82401,3/29/2014,3,25,121,0,0.669913472,43211,1
25692,3/25/2012,3/25/2012,Male,6,wenzhoushi,zhejiangsheng,CN,37,3/31/2014,39,52377,15827,31360,50287,3/27/2014,5,18.86842105,65,0,1.09740768,54143,1
29809,01-07-2008,12/23/2008,Male,4,shenzhen,guangdong,CN,58,3/31/2014,27,51225,22144,23198,41594,3/16/2014,16,25.84615385,122,0,1.326618262,52021,0
36699,05-01-2006,6/26/2006,Male,4,guiyang,guizhou,CN,52,3/31/2014,24,49353,27283,20036,39764,12-09-2013,114,23.17391304,70,2,1.387523137,52667,3
50179,3/29/2011,06-12-2011,Male,4,guangzhou,guangdong,CN,52,3/31/2014,7,32564,7850,10700,85624,12/30/2013,93,98.16666667,259,0,0.644285714,32564,0
22671,3/18/2010,3/28/2010,Male,4,wulumuqi,xinjiang,CN,49,3/31/2014,30,41009,24269,19409,81736,3/27/2014,5,24.82758621,143,0,0.674919619,41009,0
19320,5/15/2007,06-11-2007,Male,6,guangzhou,guangdong,CN,36,3/31/2014,46,49665,27398,24736,64070,3/26/2014,6,16.08888889,112,3,0.860966287,51661,3
56049,3/18/2013,7/28/2013,Male,4,Simi Valley,,US,54,3/31/2014,12,49121,0,26093,69857,3/23/2014,9,21.72727273,130,0,0.789432698,51012,0
21055,1/18/2008,02-04-2008,Male,6,.,beijing,CN,71,3/31/2014,36,54702,34467,22048,38524,3/30/2014,2,20.28571429,115,0,1.431433133,58504,4
50335,06-08-2011,06-08-2011,Female,5,beijing,beijing,CN,56,3/31/2014,49,46372,24884,23222,91574,3/27/2014,5,15.04166667,63,2,0.602134012,47525,4
23511,3/19/2012,3/19/2012,Female,4,dalian,liaoning,CN,46,3/31/2014,66,46509,20002,26693,74480,3/16/2014,16,10.96923077,84,0,0.740179108,48373,2
31272,12-02-2009,03-04-2010,Male,5,shaoxingxian,zhejiangsheng,CN,37,3/31/2014,64,35900,26234,22361,104131,3/21/2014,11,11.07936508,46,0,0.52925853,68889,4
21852,1/31/2009,7/17/2009,Female,4,guangzhou,guangdong,CN,40,3/31/2014,42,50600,21618,27189,71762,3/26/2014,6,17.43902439,133,0,0.767894568,58484,12
53764,3/17/2006,3/17/2006,Male,6,beijing,beijing,CN,41,3/31/2014,62,51101,27910,27463,62432,3/27/2014,5,11.63934426,55,4,0.882587295,55072,8
44943,04-07-2006,3/27/2007,Male,4,wulumuqi,xinjiang,CN,52,3/31/2014,31,48688,17675,21741,67038,02-02-2014,59,21.9,89,0,0.821573734,49188,1
18849,5/21/2006,11-01-2006,Female,5,guangzhou,guangdong,CN,50,3/31/2014,53,45734,24234,26188,82420,3/18/2014,14,13.32692308,65,2,0.668129095,56360,21
59221,04-06-2012,04-07-2012,Male,5,guiyang,guizhou,CN,38,3/31/2014,47,51960,17914,30232,56774,3/23/2014,9,15.56521739,89,2,0.969595237,57629,4
18757,03-02-2006,5/19/2006,Male,6,beijing,beijing,CN,42,3/31/2014,28,52505,26504,21100,46337,2/25/2014,36,20.48148148,97,0,1.187985195,57802,3
13439,1/20/2010,1/20/2010,Male,5,zhanjiang,guangdong,CN,38,3/31/2014,35,55886,22760,28659,61578,1/22/2014,70,16.91176471,90,0,0.893933061,58656,1
22588,1/31/2010,1/31/2010,Female,5,guangzhou,guangdong,CN,37,3/31/2014,68,47288,24980,29534,76495,03-08-2014,24,10.55223881,64,0,0.719430812,49430,2
42872,08-02-2012,08-02-2012,Male,5,shenzhenshi,guangdong,CN,37,3/31/2014,52,38241,18017,24088,77850,3/27/2014,5,11.82352941,48,2,0.706811432,46349,9
35142,4/24/2009,10-03-2009,Male,6,dalian,liaoning,CN,43,3/31/2014,95,49630,24035,38593,62435,3/30/2014,2,6.595744681,26,1,0.881219028,56443,3
33177,11-10-2011,11-10-2011,Male,5,guangzhou,guangdong,CN,39,3/31/2014,55,54944,16970,36871,61764,3/20/2014,12,12.25925926,71,2,0.890241241,60010,5
29766,10-11-2007,10-11-2007,Male,6,wuhan,hubei,CN,53,3/31/2014,66,51905,21222,31234,70001,3/14/2014,18,10.72307692,82,10,0.785338209,68765,15
36523,12-04-2005,12/18/2005,Male,4,guangdong,guangzhoushi,CN,44,3/31/2014,85,40498,30575,22485,77413,2/23/2014,38,8.05952381,48,3,0.70946456,43932,6
43910,2/15/2011,2/27/2011,Male,5,dalian,liaoning,CN,41,3/31/2014,63,43071,35654,18087,68137,03-10-2014,22,11.40322581,62,0,0.805492023,44895,0
48225,4/18/2008,4/18/2008,Male,4,shenzhen,guangdong,CN,43,3/31/2014,60,37325,21553,19375,90640,3/26/2014,6,12.28813559,58,2,0.605253641,40562,5
31693,10/16/2010,10/16/2010,Female,4,LA,CA,US,50,3/31/2014,12,32541,14495,9047,84678,11-07-2013,146,38.90909091,200,0,0.647776046,32541,0
39301,3/13/2008,3/13/2008,Male,5,changchun,jilin,CN,37,3/31/2014,53,45890,20387,19001,70758,3/28/2014,4,13.96153846,87,1,0.775084089,47312,1
16729,10-03-2007,10-03-2007,Female,4,shenyang,liaoning,CN,59,3/31/2014,29,49771,23323,23055,43510,01-02-2014,90,21.46428571,114,0,1.259702597,50118,0
40361,11/17/2009,12/22/2009,Male,6,guangzhou,guangdong,CN,63,3/31/2014,22,53573,34330,16005,38318,3/26/2014,6,34.42857143,179,0,1.429628112,56952,5
9883,11-01-2006,1/21/2007,Male,5,wuhan,hubei,CN,47,3/31/2014,72,49004,23550,26926,71784,3/30/2014,2,10.23943662,64,2,0.763005823,59184,6
12518,08-05-2008,9/19/2011,Male,6,changchun,jilin,CN,27,3/31/2014,34,49500,17089,13881,46983,03-01-2014,31,21.18181818,132,2,1.165268501,52502,5
3139,7/13/2008,08-07-2008,Male,6,zhengzhou,henan,CN,46,3/31/2014,76,55827,21926,28561,66323,3/31/2014,1,9.693333333,44,3,0.825049832,60205,3
17750,01-11-2007,01-11-2007,Female,4,shenyang,liaoning,CN,48,3/31/2014,68,37632,18912,24443,84174,3/21/2014,11,10.70149254,36,0,0.650000713,41676,3
57505,11/27/2008,2/13/2010,Male,5,shenzhen,guangdong,CN,41,3/31/2014,47,48165,19348,27247,77084,2/23/2014,38,14.7173913,130,4,0.709719397,49985,4
35476,12-06-2005,3/26/2006,Male,6,tonghua,jilin,CN,55,3/31/2014,55,47489,24350,21816,69597,3/14/2014,18,12.87037037,67,0,0.786059169,50094,1
33512,6/22/2012,07-04-2012,Male,4,guangzhou,guangdong,CN,53,3/31/2014,6,27912,12800,5900,73392,01-11-2014,81,111.2,226,0,0.745,27912,0
32592,7/21/2011,7/25/2011,Male,5,guangzhou,guangdong,CN,28,3/31/2014,46,54742,29036,22908,61573,3/22/2014,10,15.44444444,75,2,0.887718318,57635,3
44968,05-12-2006,6/28/2006,Female,4,wulumuqishi,xinjiang,CN,57,3/31/2014,39,44203,18216,25151,72327,1/27/2014,65,17.07894737,225,0,0.755574129,48480,3
1114,04-05-2007,12/30/2008,Male,5,shanghai,shanghai,CN,41,3/31/2014,43,51288,5280,5615,60055,02-01-2014,60,14.92857143,81,6,0.909902756,53742,10
27042,01-09-2008,01-09-2008,Male,4,kuerle,xinjiang,CN,37,3/31/2014,24,47888,22857,21167,65492,3/31/2014,1,31.43478261,91,1,0.834027209,50194,2
47080,12-03-2004,1/14/2005,Male,5,guangzhoushi,guangdongsheng,CN,43,3/31/2014,53,52598,36840,15881,60147,2/27/2014,34,12.73076923,75,4,0.908051939,52598,6
9872,11/14/2006,11/14/2006,Male,5,guangzhou,guangdong,CN,34,3/31/2014,43,54082,26197,20465,63973,1/25/2014,67,15.76190476,64,6,0.853737827,64776,37
10298,5/30/2009,06-02-2009,Male,5,wulumuqi,xinjiang,CN,39,3/31/2014,62,47278,19619,13023,72933,3/28/2014,4,11.81967213,98,4,0.748585825,53444,9
14665,01-01-2012,01-01-2012,Male,4,BUENA PARA,CA,US,50,3/31/2014,6,64606,17190,12600,53572,6/26/2013,280,87.2,365,0,1.01873068,64606,0
22285,9/25/2009,9/25/2009,Male,6,guangzhou,guangdong,CN,36,3/31/2014,114,44820,27991,32820,82801,3/22/2014,10,6.371681416,67,6,0.659096267,66581,32
32305,5/24/2011,5/24/2011,Male,5,changsha,hunan,CN,43,3/31/2014,61,50566,19455,30552,64379,3/18/2014,14,11.28333333,64,6,0.847582907,57454,10
35630,2/27/2007,2/27/2007,Male,5,changchun,jilin,CN,45,3/31/2014,52,52489,10756,35644,64867,3/20/2014,12,11.25490196,69,13,0.841186428,54774,13
26365,9/14/2009,9/14/2009,Male,5,guangzhou,guangdong,CN,32,3/31/2014,44,59200,4470,39862,68928,3/14/2014,18,15.81395349,302,7,0.791287721,65960,9
45674,3/15/2006,3/15/2006,Male,5,,,SG,46,3/31/2014,54,43439,23228,33788,76493,03-07-2014,25,13.24528302,54,2,0.712893598,48997,4
14442,07-05-2011,07-07-2011,Male,4,PARIS,PARIS,FL,37,3/31/2014,12,43009,18788,8757,76027,01-07-2014,85,52.36363636,315,0,0.717172452,43009,0
56452,11/25/2005,6/26/2006,Male,4,guangzhou,guangdong,CN,43,3/31/2014,25,54568,45787,9932,65115,10/30/2013,154,17.375,70,0,0.837251478,56629,1
42691,5/25/2012,5/26/2012,Male,4,haerbin,heilongjiang,CN,43,3/31/2014,29,37754,24587,17968,80529,03-05-2014,27,23.17857143,78,1,0.676881744,38254,2
48276,10-04-2011,10-04-2011,Male,4,SHIKI-GUN,NARA-KEN,JP,60,3/31/2014,31,47522,33432,22875,71469,11-10-2013,143,18.4,60,0,0.762352209,52502,4
46706,01-12-2012,2/20/2012,Female,5,guangzhoushi,guangdongsheng,CN,31,3/31/2014,43,50269,21020,25916,75284,3/26/2014,6,17.19047619,87,1,0.723608336,52136,1
8231,7/16/2009,8/18/2009,Female,5,wulumuqi,xinjiang,CN,40,3/31/2014,52,46045,12598,23503,74029,3/16/2014,16,13.23529412,57,3,0.735863648,50376,4
39667,01-01-2007,2/19/2009,Male,4,guangzhou,guangdong,CN,53,3/31/2014,23,52807,29905,18406,40062,12/28/2013,95,27.68181818,150,1,1.359759373,52807,1
56350,8/17/2005,4/20/2009,Male,5,jinan,shandong,CN,44,3/31/2014,59,52737,22168,20970,61407,3/17/2014,15,12.20689655,52,1,0.887042682,80436,26
40046,1/22/2009,04-09-2009,Male,5,shenyangshi,liaoningsheng,CN,46,3/31/2014,56,49151,15362,27323,67116,03-08-2014,24,12.18181818,63,0,0.811097652,57185,2
26644,1/19/2006,1/19/2006,Male,5,changchun,jilin,CN,58,3/31/2014,43,51274,31026,22165,54877,3/30/2014,2,15.76190476,49,0,0.991978607,52514,0
38068,2/24/2005,04-03-2005,Male,4,guangzhou,guangdong,CN,40,3/31/2014,27,54765,20620,17254,68470,3/28/2014,4,27.5,120,1,0.794989338,57236,15
17742,5/28/2007,5/28/2007,Male,6,dalian,liaoning,CN,45,3/31/2014,69,42528,16121,25021,75480,3/25/2014,7,9.808823529,45,4,0.720937467,46780,5
22898,11-04-2010,11-04-2010,Male,5,zhengzhou,henan,CN,38,3/31/2014,77,52614,28320,25323,56973,3/30/2014,2,9.592105263,87,1,0.954623243,57377,5
62,06-07-2010,10/31/2011,Female,4,beijing,beijing,CN,28,3/31/2014,45,46880,35419,12328,80124,03-07-2014,25,15.81818182,130,3,0.678752559,46880,3
55014,10-05-2006,10-05-2006,Male,5,beijing,beijing,CN,38,3/31/2014,63,54604,26934,25458,68917,3/31/2014,1,11.61290323,93,1,0.788672461,62921,5
38051,1/27/2005,5/26/2005,Female,4,guangzhou,guangdong,CN,36,3/31/2014,24,53410,20483,36637,57573,11-02-2013,151,25.04347826,144,2,0.94360082,53410,3
38547,10/21/2007,10/21/2007,Male,4,NGAPORE,NGAPORE,SG,53,3/31/2014,38,37408,20666,20589,78590,3/24/2014,8,19.51351351,86,1,0.691248759,38408,2
55124,2/18/2007,3/20/2007,Male,5,guangzhou,guangdong,CN,34,3/31/2014,54,46661,27111,22688,79184,3/17/2014,15,13.50943396,98,0,0.686011189,60898,17
29299,09-07-2005,9/16/2005,Male,6,guangzhou,guangdong,CN,38,3/31/2014,85,43207,29541,27069,78884,3/31/2014,1,8.69047619,40,0,0.688358603,48009,6
15710,07-01-2012,7/16/2012,Female,4,wulumuqi,xinjiang,CN,34,3/31/2014,22,51111,15539,25040,72667,3/19/2014,13,29.14285714,96,0,0.74724304,53575,1
48622,8/23/2008,8/30/2009,Male,4,zhuozhou,hebei,CN,52,3/31/2014,24,45609,16911,27931,71665,03-11-2014,21,28.56521739,77,0,0.75735059,49873,3
14739,12/21/2011,02-07-2012,Female,5,shenzhen,guangdong,CN,34,3/31/2014,49,45375,1088,25602,78672,3/19/2014,13,14.04166667,58,3,0.689859543,67276,47
17478,12/19/2010,2/28/2011,Male,4,wushi,xinjiang,CN,36,3/31/2014,25,46007,30621,11363,71043,12/21/2013,102,25.25,99,3,0.763866813,48478,5
9825,10-06-2006,06-10-2010,Male,4,guangzhou,guangdong,CN,46,3/31/2014,45,49825,32630,18356,65606,03-11-2014,21,15.90909091,75,0,0.827163064,49825,1
50219,05-02-2011,05-02-2011,Female,4,liuzhou,guangxi,CN,32,3/31/2014,24,42229,19837,8482,92065,11-12-2013,141,23.69565217,106,5,0.589396079,51673,7
38171,05-02-2005,7/27/2005,Male,5,beijing,beijing,CN,60,3/31/2014,24,48844,17730,23880,41244,3/24/2014,8,28.82608696,130,2,1.315569295,53894,4
32943,10/21/2011,03-04-2013,Female,4,IRVIN,CL,US,50,3/31/2014,8,58790,13847,15800,57464,3/26/2014,6,55.42857143,354,0,0.943893568,58790,0
23235,3/27/2011,3/27/2011,Male,6,wulumuqi,xinjiang,CN,56,3/31/2014,43,47344,23596,17354,69691,3/30/2014,2,17.14285714,100,3,0.778118265,49247,6
730,6/13/2006,6/13/2006,Female,4,shunde,guangdong,CN,36,3/31/2014,63,46894,23083,22960,77086,3/30/2014,2,10.96774194,60,1,0.703105622,49704,2
2678,09-07-2007,2/28/2008,Male,6,shantou,guangdong,CN,46,3/31/2014,101,60473,30046,38827,70218,3/30/2014,2,6.77,33,1,0.771874733,69438,5
46724,01-10-2012,11-05-2012,Male,4,EL MONTE,CA,US,29,3/31/2014,9,63303,13549,14610,56255,8/31/2013,214,37.375,276,0,0.963410541,63303,0
20783,3/21/2011,3/22/2011,Male,5,zhuhai,guangdong,CN,34,3/31/2014,48,45730,16303,19444,68401,3/23/2014,9,15.36170213,56,1,0.792105379,48106,1
39744,09-06-2009,09-06-2009,Male,5,zhuhai,guangdong,CN,57,3/31/2014,47,42371,17779,25342,79714,3/29/2014,3,15.69565217,219,1,0.679591791,44198,2
47633,7/26/2007,7/27/2007,Male,6,guangzhou,guangdong,CN,59,3/31/2014,24,50882,42180,7480,39015,09-05-2013,209,22.60869565,125,0,1.38845239,52451,4
27764,5/26/2006,5/26/2006,Female,5,guangzhou,guangdong,CN,37,3/31/2014,47,46196,13608,34402,83087,3/24/2014,8,15.67391304,124,4,0.651815085,49598,5
11778,03-02-2008,03-02-2008,Male,4,CANBERRA,ACT,AU,33,3/31/2014,18,49319,21746,16221,67449,1/14/2014,78,37.58823529,166,1,0.802645703,50819,2
29346,10-01-2005,12/24/2005,Male,5,wuhan,hubei,CN,40,3/31/2014,57,52187,19124,31113,67045,3/26/2014,6,12.78571429,74,0,0.807451712,56100,1
36948,11/15/2006,01-10-2007,Male,5,guangzhou,guangdong,CN,42,3/31/2014,49,54720,13491,35705,71335,3/28/2014,4,14.75,110,1,0.758866896,66602,4
40320,11/19/2009,12/26/2009,Male,5,shanghai,shanghai,CN,41,3/31/2014,48,47714,2432,8556,65327,3/18/2014,14,14.82978723,61,2,0.828175793,50481,2
38579,08-05-2007,08-05-2007,Male,5,guangzhou,guangdong,CN,58,3/31/2014,36,51459,33119,17046,44577,03-06-2014,26,19.68571429,84,0,1.213644929,52121,0
8858,05-09-2006,8/23/2007,Male,4,wulumuqishi,xinjiang,CN,49,3/31/2014,35,43361,27249,14152,72002,3/17/2014,15,19.88235294,91,6,0.751002611,46535,9
20364,7/27/2005,11/29/2005,Male,4,beijing,beijing,CN,38,3/31/2014,45,49243,27955,20551,61290,3/15/2014,17,16.13636364,104,3,0.88209039,49243,4
62775,11/27/2005,11/27/2005,Male,5,haerbin,heilongjiangsheng,CN,49,3/31/2014,48,52183,23783,23445,61884,3/30/2014,2,15.42553191,87,4,0.873503329,55964,7
1875,12-07-2012,1/13/2013,Male,6,shenzhenshi,guangdongsheng,CN,40,3/31/2014,47,47155,10204,38112,64999,3/24/2014,8,9.47826087,84,0,0.831300482,61786,5
46067,03-02-2006,03-02-2006,Male,5,.,beijing,CN,34,3/31/2014,53,51744,29530,23804,56136,3/20/2014,12,13.63461538,76,2,0.962406477,80413,23
680,5/24/2006,6/22/2006,Male,5,guangzhou,guangdong,CN,45,3/31/2014,50,51216,18136,31863,70542,3/30/2014,2,14.75510204,128,5,0.765735307,62952,25
56244,4/17/2005,6/28/2005,Male,5,tahe,henan,CN,70,3/31/2014,50,52822,34707,26748,40188,3/21/2014,11,13.53061224,81,0,1.343804121,57383,4
44979,10-08-2006,10/16/2006,Male,5,wulumuqishi,xinjiang,CN,48,3/31/2014,36,48224,10004,28822,76745,3/14/2014,18,18.65714286,109,1,0.703610268,55278,3
62567,8/15/2006,8/15/2006,Male,6,changchunshi,jilinsheng,CN,40,3/31/2014,55,49299,26915,22430,64293,2/28/2014,33,11.85185185,77,0,0.839766382,52423,1
62727,3/30/2008,3/30/2008,Male,4,shenyang,liaoning,CN,35,3/31/2014,88,50064,34546,17547,64009,1/31/2014,61,7.666666667,66,18,0.843317815,56785,22
2035,12/24/2004,03-03-2005,Male,5,guangzhou,guangdongsheng,CN,41,3/31/2014,25,54253,14555,36533,71638,3/29/2014,3,26.75,148,2,0.753411178,64227,7
27919,09-09-2006,01-08-2007,Male,6,.,beijing,CN,49,3/31/2014,50,50608,22791,27328,66595,3/18/2014,14,14.42857143,61,3,0.810333358,52915,3
5370,07-12-2012,7/27/2012,Female,4,guangzhoushi,guangdong,CN,28,3/31/2014,45,42253,15286,36740,84032,1/29/2014,63,12.52272727,67,1,0.642080755,49028,9
2175,05-12-2005,06-07-2005,Male,4,guangzhou,guangdong,CN,36,3/31/2014,88,45308,34732,21392,58884,8/28/2013,217,5.712643678,53,2,0.916207119,50470,6
59206,7/20/2012,7/20/2012,Male,4,TSUYAMA-SHI,OKAYAMA-KEN,JP,71,3/31/2014,27,59285,20003,45053,71361,1/20/2014,72,21.11538462,135,2,0.755925926,74348,9
27121,1/19/2010,8/13/2010,Male,6,shunde,guangdong,CN,35,3/31/2014,36,50898,11475,35307,68792,3/29/2014,3,20.34285714,249,2,0.784099895,109269,32
3091,02-08-2008,5/20/2011,Male,4,dongguan,guangdong,CN,56,3/31/2014,24,51863,23205,23699,40099,12/13/2013,110,25.34782609,106,1,1.344394374,54265,3
47116,01-08-2005,04-04-2005,Male,4,guangzhoushi,guangdong,CN,60,3/31/2014,31,52530,24939,28912,60318,11-02-2013,151,17.13333333,108,0,0.893380583,52723,0
54703,03-06-2006,03-06-2006,Male,5,guangzhou,guangdong,CN,38,3/31/2014,39,50790,31980,18254,56424,3/13/2014,19,18.31578947,103,5,0.954449702,96494,49
36739,6/19/2006,6/19/2006,Female,5,guangzhoushi,guangdong,CN,35,3/31/2014,49,53402,12753,38591,70620,3/28/2014,4,14.77083333,103,3,0.762378363,73167,30
39239,5/28/2008,6/30/2008,Male,5,shanghai,shanghai,CN,60,3/31/2014,55,47162,10861,15520,66458,2/22/2014,39,12.59259259,67,0,0.809717115,51923,3
47198,3/28/2005,03-08-2008,Male,4,jiangmen,guangdong,CN,59,3/31/2014,23,49638,24524,25698,39624,2/22/2014,39,30.95454545,128,2,1.357985564,50568,2
43663,08-03-2009,9/27/2009,Male,4,shenyang,liaoning,CN,48,3/31/2014,65,38084,16593,11889,95016,3/24/2014,8,11.296875,70,1,0.565944367,38084,2
9519,1/19/2006,2/16/2006,Male,4,guangzhou,guangdong,CN,52,3/31/2014,57,41005,19593,29828,88425,3/25/2014,7,11.92857143,108,4,0.607900707,47943,16
9863,10/27/2006,10/27/2006,Female,4,beijing,beijing,CN,46,3/31/2014,36,48034,28033,20487,73155,3/31/2014,1,20.51428571,102,2,0.734755382,48034,4
47804,11/16/2007,05-06-2008,Female,5,guangzhou,guangdong,CN,41,3/31/2014,37,44934,10808,33174,76465,2/27/2014,34,19.11111111,146,1,0.702855947,50047,22
25962,11-03-2010,12/16/2010,Male,5,dalian,liaoning,CN,52,3/31/2014,62,40890,23081,21791,77411,3/14/2014,18,11.68852459,61,0,0.694175763,42968,7
45158,10/25/2007,10/25/2007,Male,5,shenyangshi,liaoning,CN,58,3/31/2014,53,45704,24585,21752,78663,3/30/2014,2,13.94230769,100,3,0.68290022,52216,27
45403,5/29/2012,6/16/2012,Male,5,shenyang,liaoning,CN,32,3/31/2014,53,39160,22419,25015,79844,3/29/2014,3,12.53846154,53,1,0.672599694,47102,27
35534,3/31/2006,3/31/2006,Male,5,changchun,jilin,CN,42,3/31/2014,51,48330,19538,27695,63366,3/26/2014,6,13.78,46,0,0.84746394,54264,2
23176,1/27/2011,1/27/2011,Female,4,beijing,beijing,CN,48,3/31/2014,33,51202,21778,24309,63784,02-11-2014,50,20.9375,75,0,0.841622821,51749,1
52247,12-12-2012,12-12-2012,Male,5,xining,qinghai,CN,39,3/31/2014,40,41076,16522,27913,67591,3/25/2014,7,12.02564103,94,0,0.793985738,43436,0
15278,2/14/2012,2/14/2012,Male,5,shanghaishi,shanghai,CN,32,3/31/2014,37,46331,0,11960,38581,03-01-2014,31,18.16666667,120,4,1.390457479,49412,6
4638,4/17/2010,4/22/2010,Male,4,yancheng,jiangsu,CN,58,3/31/2014,28,50151,13220,33487,37203,03-01-2014,31,23.51851852,85,0,1.441935328,51690,1
3812,10/26/2010,02-12-2011,Male,5,guangzhou,guangdong,CN,48,3/31/2014,69,43285,28083,34967,84347,3/31/2014,1,10.04411765,40,2,0.635778747,67130,16
12637,10-03-2008,11/15/2008,Female,4,guangzhou,guangdong,CN,40,3/31/2014,28,37960,29149,14025,74758,1/18/2014,74,23.88888889,147,1,0.716789507,37960,2
4191,11-02-2009,11-04-2009,Female,5,guangzhou,guangdong,CN,40,3/31/2014,56,55887,24437,25261,70246,3/19/2014,13,12.98181818,68,2,0.762727415,81316,39
15073,1/26/2012,03-09-2012,Male,4,changsha,hunan,CN,47,3/31/2014,45,52091,10337,34342,62443,3/30/2014,2,15.47727273,137,0,0.857958778,57308,6
50697,2/24/2006,2/24/2006,Male,6,shantou,guangdong,CN,39,3/31/2014,71,56584,19792,42845,60244,3/30/2014,2,10.12857143,52,0,0.889184815,64340,1
62179,5/31/2011,5/31/2011,Male,5,dalian,liaoning,CN,39,3/31/2014,45,38972,19792,29470,73867,3/26/2014,6,16.38636364,68,0,0.724737975,42829,21
35268,05-09-2010,05-10-2010,Male,4,wulumuqi,xinjiang,CN,47,3/31/2014,29,48360,19196,13616,74146,3/25/2014,7,25.71428571,168,0,0.721859709,52566,5
44699,10/30/2007,10/30/2007,Male,6,shenyang,liaoning,CN,36,3/31/2014,80,51273,27482,27248,58714,03-08-2014,24,8.924050633,61,2,0.911581735,77333,26
55253,2/16/2007,2/17/2011,Male,6,guangzhou,guangdong,CN,41,3/31/2014,30,52617,22085,29495,39021,3/27/2014,5,24.44827586,116,0,1.371430256,61176,8
13648,06-04-2010,06-04-2010,Male,4,guangzhou,guangdong,CN,32,3/31/2014,50,39095,16073,32596,80065,3/26/2014,6,14.63265306,76,2,0.668378817,50886,17
36719,06-08-2006,6/15/2006,Male,5,guangzhou,guangdong,CN,41,3/31/2014,43,50794,13235,40312,58987,2/26/2014,35,15.97619048,88,0,0.906853714,56877,2
58905,12-09-2010,12-09-2010,Male,4,LEEWOLDE,FLEVV LAND,CN,46,3/31/2014,9,61043,5850,35616,50971,3/15/2014,17,58.25,184,0,1.049346687,61043,0
54371,1/25/2012,04-02-2012,Male,5,guangzhou,guangdong,CN,32,3/31/2014,53,53787,24546,25695,70643,3/22/2014,10,13.84615385,116,1,0.757081523,59307,30
15906,8/14/2012,8/14/2012,Male,5,guangzhou,guangdong,CN,45,3/31/2014,44,45028,29055,20868,65329,1/24/2014,68,12.27906977,57,0,0.818129774,48186,1
46014,12-05-2006,5/13/2007,Male,4,guangzhou,guangdong,CN,46,3/31/2014,34,46054,36003,11026,62997,2/27/2014,34,20.78787879,116,0,0.848396908,47054,1
53782,1/20/2008,1/20/2008,Male,5,changchun,jilin,CN,51,3/31/2014,50,47913,23273,23616,63003,2/27/2014,34,14.16326531,70,0,0.848128502,49934,0
38083,03-12-2005,04-03-2005,Male,6,guangzhou,guangdong,CN,48,3/31/2014,66,59184,25039,54000,41981,3/19/2014,13,11,72,2,1.272723613,151340,35
58570,01-10-2010,2/27/2010,Male,5,guangzhou,guangdong,CN,32,3/31/2014,56,47250,9449,42157,81326,3/27/2014,5,9.2,48,6,0.656791063,59920,26
37748,5/19/2012,08-11-2012,Male,4,shenzhen,guangdong,CN,47,3/31/2014,26,53743,29101,22872,65695,2/24/2014,37,22.48,136,1,0.812536266,76438,22
57009,12-09-2007,12-09-2007,Male,5,qingdao,shandong,CN,42,3/31/2014,78,45906,34423,19311,71556,3/25/2014,7,9.376623377,36,0,0.745939544,49102,3
39209,07-02-2010,07-02-2010,Male,4,OSAKA,OSAKA,JP,31,3/31/2014,27,29882,27542,21899,71361,3/21/2014,11,26.88461538,122,0,0.747777778,34862,4
53951,3/26/2006,3/26/2006,Male,4,wulumuqishi,xinjiang,CN,46,3/31/2014,34,42953,25367,11205,71847,02-12-2014,49,19.45454545,120,2,0.742669701,42953,2
19985,11/28/2012,01-12-2013,Male,5,.,beijing,CN,56,3/31/2014,19,53776,15780,38658,38991,3/30/2014,2,24.61111111,69,0,1.368311149,56073,0
28119,03-05-2007,2/19/2011,Male,5,zhuzhou,hunan,CN,46,3/31/2014,48,50418,15783,31075,58282,3/26/2014,6,14.68085106,64,0,0.914743489,52618,0
11006,12/21/2004,4/26/2005,Male,5,haikou,hainansheng,CN,56,3/31/2014,45,52119,26743,28543,38655,3/21/2014,11,15.77272727,73,2,1.378929246,53679,3
2071,02-09-2005,04-01-2005,Male,5,guangzhou,guangdong,CN,68,3/31/2014,75,41286,32333,23170,83606,3/28/2014,4,9.824324324,52,2,0.637296725,46372,6
43153,10/26/2012,02-06-2013,Female,5,beijing,beijing,CN,26,3/31/2014,31,44257,3408,35670,79239,3/14/2014,18,13.4,53,0,0.672245107,48959,1
13880,9/23/2010,12/22/2011,Male,5,guangzhou,guangdong,CN,38,3/31/2014,53,44709,27911,21002,73785,03-01-2014,31,12.73076923,84,0,0.721889408,46970,1
2690,10-11-2007,11/28/2007,Female,6,shenzhen,guangdong,CN,47,3/31/2014,21,50828,21285,21563,36648,3/29/2014,3,35.8,151,0,1.453219548,54460,1
29503,8/16/2007,09-02-2011,Male,4,guangzhou,guangdong,CN,28,3/31/2014,19,51581,20894,26713,58589,2/14/2014,47,36.77777778,127,1,0.908637628,52381,2
19345,4/29/2007,4/29/2007,Female,4,wulumuqi,xinjiang,CN,42,3/31/2014,28,40223,20913,18067,83627,3/24/2014,8,26.55555556,99,4,0.636567257,40223,4
48210,7/17/2008,8/18/2012,Male,5,guangzhou,guangdong,CN,37,3/31/2014,52,43803,15704,31514,77107,03-12-2014,20,11.21568627,55,0,0.690345883,49998,2
50902,10-12-2011,10-12-2011,Male,4,beijing,beijing,CN,45,3/31/2014,49,42760,29982,18485,72492,01-09-2014,83,13.27083333,143,2,0.734195222,51504,13
12445,7/15/2008,7/29/2008,Male,4,guangzhou,guangdong,CN,37,3/31/2014,56,42778,24013,25267,79156,12/15/2013,108,11.30909091,78,0,0.672366087,45497,4
21335,5/28/2008,7/17/2008,Male,5,qingdao,shandong,CN,47,3/31/2014,47,45581,25599,22187,74322,1/30/2014,62,13.56521739,104,3,0.715916418,47281,3
799,01-05-2006,01-05-2006,Male,5,zhanjiang,guangdong,CN,52,3/31/2014,70,56340,23663,35482,63555,3/13/2014,19,9.579710145,71,0,0.837163874,62550,3
272,7/31/2011,1/20/2012,Male,5,guangzhou,guangdong,CN,30,3/31/2014,45,42816,8931,38456,81656,3/22/2014,10,11.81818182,62,1,0.651134638,54987,33
47423,10-08-2005,03-06-2006,Male,6,wuhan,hubei,CN,59,3/31/2014,38,52357,22817,28410,40307,3/31/2014,1,18.37837838,102,0,1.318885057,55543,2
53716,4/23/2007,4/23/2007,Female,5,changchun,jilin,CN,51,3/31/2014,55,46317,26843,22666,64857,3/19/2014,13,12.87037037,61,11,0.819298148,50563,14
7515,4/24/2009,4/24/2009,Male,6,dalianshi,liaoningsheng,CN,45,3/31/2014,68,48371,25253,25140,68714,3/30/2014,2,9.880597015,55,4,0.773164275,56955,14
54810,6/30/2006,6/30/2006,Male,5,shenzhen,guangdong,CN,36,3/31/2014,40,50180,5167,33398,57173,3/30/2014,2,16.33333333,92,7,0.92916639,53657,8
57005,03-12-2008,03-12-2008,Male,5,shanghai,shanghai,CN,52,3/31/2014,51,43452,16238,25771,73865,2/27/2014,34,13.76,66,2,0.718881879,80485,11
31411,10/17/2010,10/17/2010,Male,5,changsha,hunan,CN,55,3/31/2014,48,50118,16418,30237,70972,3/25/2014,7,15.27659574,74,0,0.748179282,52869,0
57332,5/15/2008,5/15/2008,Male,4,guangzhou,guangdong,CN,60,3/31/2014,6,27912,6400,11200,73392,01-02-2014,90,92.4,178,0,0.723333333,27912,0
38521,6/28/2007,1/31/2010,Male,6,beijing,beijing,CN,53,3/31/2014,35,50752,20086,27809,39729,03-10-2014,22,20.47058824,95,2,1.336175841,54684,3
22093,12/18/2010,12/18/2010,Male,5,shantou,guangdong,CN,41,3/31/2014,42,34237,19046,30099,75833,3/30/2014,2,13.80487805,43,0,0.699951868,38713,1
39213,01-08-2010,01-08-2010,Male,4,Nakatsugawa-shi,Gifu-ken,JP,64,3/31/2014,26,39688,39156,14272,68178,08-01-2013,244,19,61,2,0.778251195,39688,2
2555,8/15/2007,09-03-2007,Male,5,changsha,hunan,CN,50,3/31/2014,44,48010,24503,19121,58029,3/21/2014,11,16.34883721,77,4,0.914250116,48688,4
61760,3/28/2010,3/28/2010,Male,5,changchun,jilin,CN,38,3/31/2014,40,51228,12342,18127,58099,12/26/2013,97,15.94871795,106,2,0.912895403,53310,2
35455,09-09-2005,09-09-2005,Male,6,dalian,liaoning,CN,53,3/31/2014,80,50603,19680,33978,60819,3/28/2014,4,9.202531646,37,6,0.872041303,103652,43
49130,1/23/2009,03-06-2011,Male,4,shenzhen,guangdong,CN,65,3/31/2014,61,37325,23782,23492,94641,3/30/2014,2,11.83333333,136,0,0.560379117,38448,0
60207,1/13/2012,1/13/2012,Male,5,.,beijing,CN,35,3/31/2014,31,51329,19989,27004,38349,02-01-2014,60,22.06666667,119,0,1.382930715,51738,0
19357,5/26/2007,10-11-2007,Male,5,guangzhou,guangdong,CN,45,3/31/2014,36,48837,18693,27621,68154,03-10-2014,22,19.71428571,104,0,0.77778575,49981,0
23817,09-03-2011,10-09-2011,Male,5,changchunshi,jilinsheng,CN,45,3/31/2014,56,47336,20617,26423,64788,3/31/2014,1,12.16363636,75,0,0.818160925,48963,1
19396,6/25/2007,6/25/2007,Male,4,MELBOURNE,VIC,AU,49,3/31/2014,15,40833,18803,9254,77784,10/31/2013,153,36.35714286,148,0,0.68137689,40833,0
52639,6/23/2010,6/25/2010,Male,5,dalian,liaoning,CN,68,3/31/2014,82,43798,27487,26901,73921,3/13/2014,19,8.666666667,36,0,0.716978125,47328,2
37704,4/18/2012,5/24/2012,Male,4,wusu,xinjiang,CN,39,3/31/2014,20,49369,28313,16117,58705,2/17/2014,44,33.36842105,124,0,0.902687165,57977,2
62267,6/30/2010,07-01-2010,Female,5,wulumuqi,xinjiang,CN,58,3/31/2014,56,44225,7953,25645,78399,03-11-2014,21,11.56363636,97,0,0.675712445,53235,6
11181,5/24/2005,09-10-2005,Male,5,shanghaishi,shanghaishi,CN,48,3/31/2014,25,49146,8430,29306,37662,3/31/2014,1,30.33333333,103,3,1.406549307,77186,13
13105,6/17/2009,07-03-2009,Male,5,yibinxian,sichuan,CN,37,3/31/2014,49,49351,37665,13343,67656,3/17/2014,15,14.8125,81,2,0.782873803,49426,2
16700,11/20/2010,11/21/2010,Male,4,changchun,jilin,CN,31,3/31/2014,49,45906,24035,24192,74834,03-05-2014,27,14.64583333,68,5,0.707764519,48543,5
61568,4/22/2009,07-02-2009,Male,4,N,N,JP,47,3/31/2014,43,47569,41168,18355,53829,01-10-2014,82,15.4047619,42,0,0.983912203,47569,0
49899,3/28/2011,3/28/2011,Male,5,shanghai,shanghai,CN,49,3/31/2014,62,50933,19136,29500,66150,3/27/2014,5,11.8852459,66,4,0.800625699,60642,25
14982,3/14/2012,3/14/2012,Male,4,Shibuya-ku,Tokyo-to,JP,42,3/31/2014,19,56183,48879,12700,60783,9/20/2013,194,29.61111111,93,0,0.870773078,60877,2
30180,4/24/2008,4/29/2008,Male,5,guangzhou,guangdong,CN,36,3/31/2014,45,46845,25962,21255,71078,3/15/2014,17,15.86363636,46,4,0.744562453,72532,36
44809,9/23/2008,6/22/2009,Male,4,shanghaishi,shanghaishi,CN,35,3/31/2014,43,48174,4352,9636,64372,11/23/2013,130,14.28571429,61,5,0.821854844,48756,8
1080,3/29/2007,07-03-2007,Male,6,guangzhou,guangdong,CN,62,3/31/2014,29,50094,35245,12600,36412,5/23/2013,314,13.82142857,46,0,1.452817752,52796,3
24741,06-12-2012,06-12-2012,Male,4,guangzhou,guangdong,CN,50,3/31/2014,63,41799,16240,21678,81102,3/28/2014,4,10.56451613,65,0,0.652203891,44104,0
30721,3/14/2009,3/14/2009,Male,5,beijing,beijing,CN,41,3/31/2014,46,51278,17416,29602,53322,3/19/2014,13,14.13333333,96,4,0.99180976,55163,7
21718,10/23/2008,11/29/2008,Male,5,guangzhou,guangdong,CN,37,3/31/2014,48,43068,18570,30177,77552,3/28/2014,4,15.08510638,111,0,0.68187255,45115,0
38331,11-07-2005,10-04-2006,Male,5,guangzhou,guangdong,CN,42,3/31/2014,35,52061,24632,23450,57764,02-06-2014,55,19.02941176,109,7,0.915299841,52184,7
29214,6/18/2005,10/13/2005,Male,5,,,CN,48,3/31/2014,42,42542,20010,25080,71689,3/20/2014,12,16.56097561,66,2,0.737411458,46054,5
40610,06-11-2011,09-05-2011,Female,4,SHIBA MINATO-KU,TOKYO,JP,29,3/31/2014,20,55158,32378,18725,64600,2/15/2014,46,35.84210526,93,0,0.818,62199,3
62709,4/30/2008,4/30/2008,Male,4,yanji,jilin,CN,48,3/31/2014,55,47037,24186,20338,59171,02-02-2014,59,11.85185185,70,3,0.892817934,48734,4
16947,3/17/2011,07-11-2011,Male,4,songyuan,jilin,CN,38,3/31/2014,29,53852,24114,17114,61479,02-02-2014,59,19.17857143,129,0,0.859254217,53976,0
57666,1/20/2010,1/20/2010,Male,4,huadu,guangdong,CN,51,3/31/2014,42,47700,14732,26287,74767,3/27/2014,5,16.63414634,182,1,0.706091324,48969,1
26258,4/25/2011,4/25/2011,Male,4,kunming,yunnan,CN,43,3/31/2014,28,47584,20428,21548,64639,3/19/2014,13,24.92592593,99,2,0.816719473,47584,2
47852,10/30/2007,10/30/2007,Male,4,guangzhou,guangdong,CN,38,3/31/2014,46,57511,24340,21105,67640,11-02-2013,151,12.6,84,1,0.780097428,57783,2
27985,10/31/2006,10/31/2006,Female,4,guangzhou,guangdong,CN,40,3/31/2014,49,50088,34520,15193,65723,03-02-2014,30,14.47916667,205,5,0.802753678,64565,33
20398,9/13/2005,9/19/2005,Male,5,guangzhou,guangdong,CN,37,3/31/2014,57,43066,26190,22363,73819,3/19/2014,13,12.75,112,0,0.714524987,44619,0
21780,3/20/2009,09-10-2010,Male,6,beijing,beijing,CN,49,3/31/2014,82,51357,23755,28749,58614,3/31/2014,1,8.987654321,28,4,0.89987375,59326,8
44410,8/21/2010,8/21/2010,Male,4,wulumuqi,xinjiang,CN,29,3/31/2014,29,37652,21083,14036,77601,01-04-2014,88,22.75,75,1,0.679622943,37652,1
2134,04-05-2005,4/13/2005,Male,4,,,CN,45,3/31/2014,52,42947,21169,26451,70566,2014/2/29  0:00:00,32,13.66666667,72,5,0.747067285,47289,8
46125,03-01-2007,12-08-2010,Male,5,beijing,beijing,CN,67,3/31/2014,29,49955,22275,26956,35893,2014/2/29  0:00:00,32,24.89285714,89,0,1.468002396,55818,9
48114,3/19/2008,3/25/2008,Female,5,beijing,beijing,CN,47,3/31/2014,35,44615,14559,22734,54234,03-09-2014,23,20.29411765,80,1,0.971369805,45817,4
51625,08-07-2012,08-08-2012,Male,5,shanghai,shanghai,CN,37,3/31/2014,52,47920,22035,24738,69052,03-12-2014,20,11.41176471,82,1,0.762866391,51035,3
56537,08-01-2007,08-05-2007,Male,4,zhuhai,guangdong,CN,41,3/31/2014,67,39888,22331,20447,82048,2014/2/29  0:00:00,32,10.5,42,2,0.641917414,46858,8
27640,01-09-2006,7/25/2006,Male,4,fanyu,guangdong,CN,41,3/31/2014,19,42789,22073,4574,67880,6/23/2013,283,23.61111111,76,0,0.775889216,42789,0
19167,01-11-2007,01-11-2007,Male,4,beijing,beijing,CN,39,3/31/2014,36,50039,19504,26662,64434,1/28/2014,64,19.02857143,199,3,0.817238259,76530,10
17759,10/16/2006,11-05-2006,Male,5,shanghaishi,shanghai,CN,56,3/31/2014,36,58130,2515,10211,64237,3/21/2014,11,20.42857143,62,1,0.819461058,58130,1
34733,12-02-2010,12-02-2010,Male,5,.,.,JP,54,3/31/2014,49,44468,51514,50751,69810,03-11-2014,21,14.6875,118,0,0.753950723,46994,1
12543,8/15/2008,04-02-2010,Male,5,beijing,beijing,CN,41,3/31/2014,22,52288,23705,21617,39768,3/31/2014,1,33.9047619,119,2,1.323486723,54676,5
47576,6/26/2007,1/15/2010,Male,5,shenzhen,guangdong,CN,46,3/31/2014,54,44926,21399,27612,69123,3/30/2014,2,13.75471698,77,1,0.761393458,49503,5
26103,03-09-2012,03-09-2012,Male,5,,guangdong,CN,52,3/31/2014,19,46666,23286,21814,43462,12/29/2013,94,34.33333333,179,0,1.210662188,46666,0
11064,02-12-2005,3/18/2005,Male,5,beijing,beijing,CN,47,3/31/2014,48,45938,27365,18909,72522,3/27/2014,5,15.12765957,67,3,0.72545531,53288,7
53178,2/24/2010,2/24/2010,Female,4,haerbin,heilongjiang,CN,36,3/31/2014,63,49558,19806,26812,70241,03-08-2014,24,11.35483871,57,6,0.748315087,65169,13
5308,04-10-2011,04-10-2011,Female,4,changchun,jilin,CN,46,3/31/2014,44,42651,15732,26209,70269,03-09-2014,23,15.62790698,103,2,0.747928674,43954,2
19615,10/15/2010,12-04-2010,Male,4,guangzhou,guangdong,CN,38,3/31/2014,34,46440,23306,23704,62200,1/22/2014,70,19.3030303,70,4,0.844919936,47550,6
23581,09-05-2011,09-05-2011,Female,4,shanghai,shanghai,CN,40,3/31/2014,32,45115,17029,17220,44298,1/25/2014,67,20.96774194,76,1,1.186242043,46240,2
2257,7/20/2005,8/17/2005,Female,4,,,NL,45,3/31/2014,13,60768,31360,6770,52254,6/13/2013,293,34.66666667,216,0,1.005550006,63168,3
47064,11/25/2004,7/13/2005,Male,6,.,beijing,CN,40,3/31/2014,41,49505,21736,26643,69751,2/17/2014,44,17.15,122,5,0.753241244,75647,11
21226,4/19/2008,4/19/2008,Male,5,shanghai,shanghai,CN,64,3/31/2014,56,47671,21130,16045,66736,03-01-2014,31,12.6,55,1,0.786896278,50082,3
54659,03-01-2006,6/27/2006,Male,5,guangzhoushi,guangdongsheng,CN,37,3/31/2014,45,35519,14362,21721,82182,3/19/2014,13,16.29545455,69,2,0.638975445,36549,3
29207,06-09-2005,9/20/2005,Male,5,guangzhou,guangdong,CN,54,3/31/2014,51,47080,18417,30266,78236,3/30/2014,2,14.38,72,2,0.671176441,47821,7
49389,12/24/2009,12/24/2009,Male,4,shanghai,shanghai,CN,30,3/31/2014,47,48908,25380,23719,62300,3/30/2014,2,13.67391304,49,4,0.842580096,57105,32
16196,11-04-2012,11-11-2012,Male,5,.,beijing,CN,49,3/31/2014,48,49323,18205,32596,48023,3/23/2014,9,10.59574468,44,0,1.093051455,53523,2
26011,4/23/2008,4/23/2008,Male,6,shanghai,shanghai,CN,46,3/31/2014,72,52054,15299,34902,69727,3/29/2014,3,9.563380282,49,8,0.75271387,76068,48
28444,07-06-2010,3/20/2011,Female,4,guangzhou,guangdong,CN,31,3/31/2014,57,48020,30270,19525,77295,2/27/2014,34,12.39285714,61,3,0.678728637,72322,88
38565,6/27/2007,10-01-2007,Male,5,guangzhou,guangdong,CN,39,3/31/2014,26,49284,19380,30020,37863,03-12-2014,20,28.32,187,5,1.385577213,62346,16
49038,1/19/2009,1/20/2009,Male,6,guangzhou,guangdong,CN,42,3/31/2014,27,51028,25780,22609,38894,01-06-2014,86,21.23076923,103,4,1.348791073,58285,23
36880,4/17/2006,4/17/2006,Male,4,wuxishi,jiangsu,CN,36,3/31/2014,41,46962,20749,19463,62686,03-05-2014,27,17.275,79,1,0.836819386,51750,11
9587,3/29/2006,05-08-2006,Male,6,dalianshi,liaoning,CN,41,3/31/2014,72,51529,25945,28454,57835,3/24/2014,8,10.09859155,94,8,0.906908446,89073,43
9609,04-01-2006,07-11-2007,Male,5,wuhan,hubei,CN,40,3/31/2014,68,46484,31636,25020,64120,3/20/2014,12,10.6119403,105,1,0.817871803,51937,6
56098,12-04-2004,12-04-2004,Male,5,beijing,beijing,CN,48,3/31/2014,74,48549,23020,28622,62827,3/21/2014,11,9.232876712,43,0,0.834571601,55349,3
2657,7/15/2007,7/24/2007,Female,5,guangzhou,guangdong,CN,50,3/31/2014,49,42439,25605,24294,75576,3/31/2014,1,14.85416667,103,0,0.693752911,62256,28
53670,10/23/2006,10/23/2006,Male,5,anshan,liaoning,CN,42,3/31/2014,46,48311,11490,22034,60237,2/22/2014,39,14.46666667,75,1,0.870313595,50979,2
29203,4/28/2005,8/29/2007,Male,6,shenzhen,guangdong,CN,40,3/31/2014,44,49366,10459,33368,70539,3/29/2014,3,16.25581395,74,4,0.743063837,52935,5
37164,5/29/2007,08-07-2007,Male,5,shenzhen,guangdong,CN,33,3/31/2014,54,49692,25370,25282,54913,03-06-2014,26,12.98113208,51,2,0.954376013,56610,6
53677,01-09-2007,02-09-2007,Male,6,shenyangshi,liaoningsheng,CN,54,3/31/2014,46,50567,24923,22078,64946,3/28/2014,4,14.08888889,58,3,0.806643365,52296,3
38379,2/13/2007,2/13/2007,Male,4,shenyang,liaoning,CN,46,3/31/2014,54,43727,26592,20743,71253,3/30/2014,2,13.45283019,82,2,0.735079646,47573,3
56070,11-11-2004,2/14/2005,Male,5,guangzhoushi,guangdongsheng,CN,37,3/31/2014,58,44655,30371,18299,66810,3/29/2014,3,12.70175439,55,7,0.783947912,58712,28
52946,8/20/2011,8/20/2011,Male,4,shenyang,liaoning,CN,47,3/31/2014,42,43768,20020,23701,69770,3/16/2014,16,16.7804878,62,0,0.750047872,43768,0
31091,3/30/2009,3/30/2009,Male,4,wulumuqi,xinjiang,CN,43,3/31/2014,39,48574,16780,23171,60958,2/22/2014,39,16.89473684,116,0,0.858228124,49628,0
19263,03-05-2007,01-11-2008,Male,4,haikou,hainan,US,63,3/31/2014,16,51788,42740,6268,47254,3/29/2014,3,45.86666667,154,0,1.106824396,51788,0
41846,9/30/2011,9/30/2011,Male,5,guangzhou,guangdong,CN,28,3/31/2014,55,54250,28692,16526,65113,3/31/2014,1,13.31481481,178,3,0.80317141,60529,23
36961,11/30/2006,3/28/2010,Male,5,guangzhou,guangdong,CN,44,3/31/2014,37,49762,32304,15367,53716,2/24/2014,37,16.38888889,98,0,0.972195808,50409,0
35618,10/16/2006,10/16/2006,Male,5,changchun,jilin,CN,59,3/31/2014,51,46506,18932,18741,65122,3/28/2014,4,14.42,57,18,0.801868339,92236,26
59541,6/24/2011,6/29/2011,Male,5,guangzhou,guangdong,CN,28,3/31/2014,63,45730,19163,31805,72541,3/29/2014,3,11.74193548,54,3,0.719675218,49761,4
11768,12/27/2006,12/27/2006,Male,6,shenyang,liaoning,CN,49,3/31/2014,69,45019,17571,27183,68104,3/20/2014,12,10.57352941,59,6,0.766470398,48390,6
15017,10-12-2011,12-07-2011,Male,5,guangzhou,guangdong,CN,29,3/31/2014,46,46242,14089,33013,79069,3/29/2014,3,14.71111111,64,1,0.660163275,52359,30
44842,10/31/2005,10/31/2005,Male,4,shenyang,liaoning,CN,37,3/31/2014,70,46980,18384,19419,74716,2/21/2014,40,9.376811594,71,2,0.698464854,63028,19
20636,9/21/2008,9/21/2008,Male,4,guangzhoushi,guangdong,CN,33,3/31/2014,34,51117,19205,26587,66311,3/27/2014,5,21.3030303,94,5,0.786851503,66664,36
12608,09-01-2008,01-12-2009,Male,4,,OSAKA,JP,66,3/31/2014,27,60628,35093,23795,66897,3/13/2014,19,25.65384615,78,0,0.779255124,70588,5
49795,07-07-2010,07-07-2010,Male,4,zhongshanshi,guangdongsheng,CN,53,3/31/2014,22,55778,20508,42455,55901,3/27/2014,5,26.04761905,65,2,0.932533944,64647,4
30951,6/20/2010,08-01-2010,Female,5,guangzhou,guangdong,CN,52,3/31/2014,64,42161,22767,25102,80350,2014/2/29  0:00:00,32,10.92063492,42,4,0.648725078,44348,7
37079,03-07-2007,8/17/2007,Male,6,xuchang,henan,CN,44,3/31/2014,77,44438,26659,28472,72039,3/21/2014,11,9.434210526,46,0,0.723545579,53077,4
58647,05-09-2010,05-09-2010,Male,4,dongguan,guangdong,CN,37,3/31/2014,45,47464,28736,17884,72156,2/23/2014,38,15.11363636,79,5,0.722256223,47464,5
5758,3/13/2012,3/13/2012,Male,4,guangzhou,guangdong,CN,64,3/31/2014,24,51751,29678,18317,43077,10/28/2013,156,20.60869565,140,0,1.209802679,52583,0
59608,8/19/2011,8/20/2011,Male,5,dalian,liaoning,CN,47,3/31/2014,67,42972,27535,25219,67051,03-01-2014,31,10.48484848,54,0,0.777202726,57539,5
62020,12/26/2011,1/21/2012,Male,4,dandongshi,liaoningsheng,CN,43,3/31/2014,34,31455,17910,24730,85229,12/27/2013,96,19.06060606,64,0,0.611359866,33611,1
38801,11-11-2007,11-10-2010,Male,5,guangzhou,guangdong,CN,43,3/31/2014,52,49823,29232,20423,68345,2014/2/29  0:00:00,32,13.43137255,73,0,0.762165484,57923,5
46511,8/19/2010,10/17/2010,Female,4,guangzhoushi,guangdongsheng,CN,32,3/31/2014,71,40739,24145,25772,86106,3/21/2014,11,10.18571429,61,3,0.60493508,53101,35
2654,1/22/2008,5/28/2008,Male,5,beijing,beijing,CN,37,3/31/2014,34,50335,30683,17291,48212,3/27/2014,5,20.81818182,144,2,1.080389322,59870,26
8944,11-11-2008,3/24/2010,Male,5,wulumuqi,xinjiang,CN,50,3/31/2014,28,40186,16469,23057,79281,3/20/2014,12,24.11111111,91,0,0.657000795,43105,1
51534,6/18/2012,6/18/2012,Female,4,wulumuqi,xinjiang,CN,30,3/31/2014,21,44151,11925,29727,64337,3/31/2014,1,32.6,168,1,0.809487076,47722,3
20347,7/23/2005,10/20/2005,Female,6,guangzhou,guangdong,CN,38,3/31/2014,24,47231,44743,7972,64340,3/28/2014,4,29.60869565,108,4,0.809431147,86528,15
47593,08-01-2007,9/27/2007,Male,6,guangzhou,guangdong,CN,39,3/31/2014,58,43060,12808,36440,77626,3/22/2014,10,11.49122807,113,0,0.670858733,47706,4
57071,01-07-2008,01-11-2008,Male,5,guangzhoushi,guangdong,CN,40,3/31/2014,73,46585,22077,30001,78027,3/14/2014,18,9.027777778,61,9,0.667315673,59193,51
46108,2/22/2007,2/22/2007,Male,5,shenzhenshi,guangdong,CN,38,3/31/2014,44,51929,27186,20982,58643,3/20/2014,12,16.46511628,100,9,0.887773647,109067,77
40709,8/16/2010,8/16/2010,Male,5,guangzhou,guangdong,CN,34,3/31/2014,40,48200,32952,12490,68353,2014/2/29  0:00:00,32,17.35897436,200,0,0.760788115,49700,3
14554,11-06-2011,11/22/2011,Male,6,yantai,shandong,CN,36,3/31/2014,84,46970,16093,31641,68048,3/28/2014,4,8.746987952,54,2,0.763973225,55443,4
3848,02-09-2009,02-09-2009,Female,4,guangzhou,guangdong,CN,39,3/31/2014,31,54916,17171,26373,100373,12/21/2013,102,20.36666667,164,0,0.517901029,55373,0
32615,12-06-2011,12-06-2011,Female,5,guangzhou,guangdong,CN,33,3/31/2014,56,45667,18079,30843,68540,03-12-2014,20,12.03636364,91,2,0.758141523,49090,2
43953,03-06-2011,01-07-2012,Male,4,shenzhen,guangdong,CN,36,3/31/2014,46,44109,34380,11951,79994,1/29/2014,63,14.73333333,108,2,0.649567093,53609,5
45918,10-09-2006,10-09-2006,Male,5,guangzhoushi,guangdong,CN,47,3/31/2014,45,49517,23927,30169,43281,3/19/2014,13,16.27272727,49,3,1.2000067,59895,13
20153,01-11-2005,03-02-2005,Male,5,guangzhou,,CN,38,3/31/2014,42,49613,22641,26376,55383,3/14/2014,18,17.31707317,92,1,0.937671488,69415,27
59974,12/26/2012,12/27/2012,Female,4,WALNUT,CALIFORNIA,US,15,3/31/2014,5,60066,12600,15709,50895,01-05-2014,87,93.5,350,0,1.019951469,60066,0
47429,9/23/2005,12-06-2005,Male,4,rugao,jiangsu,CN,43,3/31/2014,41,39301,14778,24265,79338,03-07-2014,25,17.6,93,2,0.654149336,39301,2
32166,4/17/2011,4/17/2011,Male,6,dalian,liaoning,CN,31,3/31/2014,75,46233,21477,31852,64012,3/21/2014,11,9.594594595,59,5,0.810686278,84131,34
9580,03-01-2006,3/17/2006,Male,5,shenzhen,guangdong,CN,47,3/31/2014,55,47181,23903,22767,79075,3/24/2014,8,13.25925926,58,3,0.656156434,48768,5
48248,11/21/2010,11/28/2010,Male,4,SVITA,OSAKA,JP,58,3/31/2014,38,36090,40954,7511,72817,3/30/2014,2,19.21621622,123,0,0.712546658,36090,0
32134,03-07-2011,03-07-2011,Male,4,beijingshi,beijing,CN,59,3/31/2014,58,42898,21209,19170,76146,3/31/2014,1,12.70175439,70,1,0.681298295,44660,3
58221,09-12-2009,9/15/2009,Male,5,guangzhou,guangdong,CN,40,3/31/2014,64,39887,14574,36124,77633,3/31/2014,1,11.49206349,50,1,0.668124509,49660,21
39825,9/20/2010,9/20/2010,Male,4,,,KH,38,3/31/2014,50,28260,32763,15670,87826,2/26/2014,35,13.59183673,53,2,0.590458406,28730,2
2478,05-10-2008,7/18/2010,Male,4,wulumuqi,xinjiang,CN,42,3/31/2014,39,43157,21649,15418,71091,1/26/2014,66,16.92105263,86,2,0.729428338,45128,3
500,03-12-2013,04-01-2013,Male,5,beijing,beijing,CN,41,3/31/2014,65,46618,0,47063,75026,3/30/2014,2,5.6875,20,2,0.69095287,61944,18
21225,05-12-2008,3/21/2009,Male,4,sanshui,guangdong,CN,39,3/31/2014,69,35914,28057,19637,90823,12-05-2013,118,8.941176471,56,2,0.570273169,43638,20
46081,12/26/2006,8/30/2007,Male,5,nanning,guangxi,CN,44,3/31/2014,62,43344,28651,19525,71204,3/14/2014,18,11.68852459,66,2,0.727114207,44088,2
17650,11-04-2005,11-04-2005,Female,4,changchun,jilin,CN,53,3/31/2014,46,39605,13178,20961,78058,3/19/2014,13,15.68888889,56,3,0.66311371,39605,3
8736,11-03-2005,11-03-2005,Male,5,haerbin,heilongjiang,CN,42,3/31/2014,40,53275,14578,32114,48705,3/16/2014,16,17.58974359,75,0,1.062421107,55780,0
39836,2/13/2010,2/13/2010,Female,4,shenzhen,guangdong,CN,49,3/31/2014,10,57949,4494,23029,55746,12-02-2013,121,64.22222222,372,0,0.927492197,57949,0
39579,11-01-2004,10-02-2009,Male,4,dongguan,guangdong,CN,56,3/31/2014,36,49412,10641,23621,66349,03-08-2014,24,17.62857143,88,0,0.779253945,49412,0
30331,04-07-2009,04-07-2009,Male,4,wuhan,hubei,CN,37,3/31/2014,41,48324,46198,2945,46235,03-09-2014,23,17.25,268,0,1.117744998,48797,2
30325,06-12-2008,7/13/2009,Female,5,shenzhen,guangdong,CN,40,3/31/2014,44,43061,15209,23295,71723,3/25/2014,7,16.81395349,73,2,0.720284428,51328,5
18201,9/23/2010,10/29/2010,Male,4,guangzhou,guangdong,CN,52,3/31/2014,34,45795,29094,17134,56621,3/31/2014,1,22.12121212,147,3,0.912387983,52372,13
2045,12/30/2004,08-05-2005,Female,4,zhuhaishi,guangdongsheng,CN,49,3/31/2014,32,38233,15587,24541,74287,3/25/2014,7,20.48387097,71,0,0.694945145,38733,1
288,8/29/2011,9/22/2011,Male,5,guangzhou,guangdong,CN,30,3/31/2014,56,45005,18676,29477,75409,3/19/2014,13,12.94545455,60,1,0.684551314,48601,5
50522,07-11-2011,7/19/2011,Female,4,guangzhou,guangdong,CN,29,3/31/2014,41,50471,24094,25780,65636,03-12-2014,20,17,62,3,0.786322597,56201,5
23412,06-01-2011,06-01-2011,Female,4,changchun,jilin,CN,36,3/31/2014,39,46038,16996,22471,59686,2/21/2014,40,17.02631579,129,1,0.864602754,47538,2
12647,01-03-2009,01-03-2009,Male,5,wuhan,hubei,CN,40,3/31/2014,53,36368,20147,28187,74249,3/22/2014,10,13.32692308,50,4,0.695000202,38460,4
37273,11/29/2007,11/29/2007,Male,4,guangzhou,guangdong,CN,39,3/31/2014,66,58153,18842,29710,68037,03-05-2014,27,10.70769231,101,5,0.758270794,63304,10
51570,06-12-2012,12-12-2012,Male,6,shenzhen,guangdong,CN,59,3/31/2014,26,43430,0,38752,37631,1/30/2014,62,16.56,85,0,1.370714305,46766,2
12869,01-09-2009,01-09-2009,Male,4,langfang,hebei,CN,52,3/31/2014,39,46831,24759,21817,65794,1/30/2014,62,17.57894737,127,0,0.783891236,46831,0
26864,12/14/2005,12/14/2005,Male,5,haerbin,heilongjiang,CN,37,3/31/2014,76,51786,14603,31153,63132,3/25/2014,7,9.613333333,40,4,0.816826807,62428,7
12344,5/19/2008,10/27/2010,Male,4,fanyu,guangdong,CN,51,3/31/2014,45,38075,26974,17223,77263,3/19/2014,13,16.27272727,114,0,0.667262208,38963,1
28030,12-03-2006,8/24/2009,Male,4,zhanjiangshi,guangdongsheng,CN,47,3/31/2014,37,50103,17486,31576,52469,12/30/2013,93,16.52777778,159,0,0.982461263,52558,0
31637,4/14/2011,4/14/2011,Male,5,wuhan,hubei,CN,55,3/31/2014,72,42831,18475,30443,73121,3/25/2014,7,10.02816901,35,4,0.704958083,57471,30
36830,8/24/2006,10/25/2006,Male,5,guangzhou,guangdong,CN,43,3/31/2014,53,45793,27840,22796,74640,03-01-2014,31,12.94230769,50,2,0.690445874,50221,33
23239,3/20/2011,03-12-2012,Female,6,guangzhou,guangdong,CN,52,3/31/2014,39,46678,30311,15975,64352,2/20/2014,41,17.92105263,116,0,0.800816602,53030,5
21532,11/20/2008,11/20/2008,Male,5,MAKATI CITY,METRO MANILA,PH,54,3/31/2014,35,47511,37409,17894,46076,12/16/2013,107,17.61764706,113,0,1.118377463,47511,0
55170,3/14/2007,4/23/2009,Male,5,guangzhou,guangdong,CN,42,3/31/2014,76,45086,19447,31426,75477,3/29/2014,3,9.573333333,66,2,0.682545411,48604,5
19582,8/27/2010,8/19/2011,Male,4,guangzhou,guangdong,CN,35,3/31/2014,40,47288,23426,21586,63573,03-01-2014,31,17.43589744,121,5,0.809896025,48790,5
59398,09-12-2012,9/13/2012,Male,5,guangzhoushi,guangdong,CN,30,3/31/2014,58,34330,12565,34449,86027,3/31/2014,1,9.912280702,79,0,0.598479547,48570,24
10489,4/14/2011,4/28/2011,Male,5,guangzhou,guangdong,CN,58,3/31/2014,42,50627,13890,36603,66529,3/31/2014,1,17.58536585,140,0,0.773845391,59080,2
10816,11-02-2012,11-03-2012,Male,4,guangzhou,guangdong,CN,38,3/31/2014,33,44575,16080,33186,69734,02-12-2014,49,14.5625,65,1,0.738067083,51441,3
46269,03-06-2007,03-06-2007,Male,4,wuhan,hubei,CN,40,3/31/2014,59,48093,23045,21425,69893,3/23/2014,9,12.12068966,83,4,0.735930494,63766,39
48719,10/17/2008,5/30/2011,Female,5,guangzhou,guangdong,CN,53,3/31/2014,26,46676,22320,25056,39659,12-12-2013,111,19.12,80,0,1.296921254,51511,8
18171,1/19/2010,3/24/2010,Male,4,beijing,beijing,CN,46,3/31/2014,42,48881,23688,21223,70791,3/23/2014,9,17.46341463,80,4,0.726525406,52849,15
13581,1/19/2011,1/19/2011,Male,4,shunde,guangdong,CN,52,3/31/2014,33,46070,33085,19917,68920,3/18/2014,14,22.03125,104,4,0.74590177,50764,6
44859,08-08-2007,08-08-2007,Male,5,,beijing,CN,57,3/31/2014,70,48346,26543,23957,62459,3/31/2014,1,10.46376812,53,0,0.822804079,51926,3
23987,04-01-2011,05-07-2012,Male,5,Osaka-shi,Osaka-fu,JP,61,3/31/2014,44,50985,20397,47397,65358,3/29/2014,3,16.09302326,82,0,0.786177362,62777,4
38012,11/28/2004,1/25/2005,Male,5,beijing,beijing,CN,42,3/31/2014,60,39586,29738,16610,97713,3/23/2014,9,12.10169492,78,2,0.525715616,58721,45
39230,6/20/2009,3/24/2010,Female,4,guangzhou,guangdong,CN,31,3/31/2014,36,53944,20492,24988,60680,1/29/2014,63,18.54285714,79,1,0.845719018,57493,10
1824,10/19/2012,10/30/2012,Female,5,dongguan,guangdong,CN,40,3/31/2014,60,41648,17098,34132,74825,3/27/2014,5,8.711864407,26,3,0.685834414,46247,4
60269,01-01-2012,01-01-2012,Female,5,changchunshi,jilinsheng,CN,41,3/31/2014,43,44729,16014,25711,69298,3/30/2014,2,17.35714286,69,1,0.740439407,45893,4
47188,3/27/2005,3/28/2005,Male,5,,,CN,37,3/31/2014,61,42416,29776,15623,71531,1/23/2014,69,11.01666667,74,0,0.717274049,43389,4
31230,11-10-2009,11-10-2009,Male,5,wuhan,hubei,CN,49,3/31/2014,54,50753,24841,24605,60679,3/26/2014,6,13.56603774,66,0,0.845511462,52383,0
49710,10-06-2010,10-06-2010,Male,4,YOKOHAMA CITY,KANAGAWAKEY,JP,60,3/31/2014,20,55339,20140,32400,61515,3/16/2014,16,35.73684211,127,0,0.833807364,66719,5
5261,05-11-2011,05-11-2011,Male,6,shantou,guangdong,CN,45,3/31/2014,80,48047,32879,26391,67870,3/23/2014,9,9.139240506,92,1,0.755703256,50936,2
13858,4/25/2012,05-03-2012,Female,4,shamen,fujian,CN,41,3/31/2014,8,59632,26136,18100,52310,10/14/2013,170,75.57142857,351,0,0.980220226,59632,0
3939,7/13/2009,7/13/2009,Male,5,wuhan,hubei,CN,45,3/31/2014,66,51965,13118,34973,59480,3/21/2014,11,11.04615385,44,1,0.861908373,60076,3
1225,10-12-2007,03-06-2011,Male,4,ROSEMEAD,L.A.,US,42,3/31/2014,5,58684,13420,13500,50481,01-06-2014,86,147,270,3,1.015233256,58684,3
14631,7/19/2011,08-10-2012,Female,5,foshan,guangdong,CN,45,3/31/2014,15,53712,8249,23593,69081,2/22/2014,39,40.07142857,142,0,0.741636774,53712,0
24495,3/15/2012,3/15/2012,Female,4,beijing,.,CN,41,3/31/2014,45,44806,18712,24684,111205,3/28/2014,4,15.97727273,120,0,0.460557709,44806,1
13357,11/16/2009,4/13/2010,Male,5,nanning,guangxi,CN,48,3/31/2014,24,47246,25798,20162,40937,2014/2/29  0:00:00,32,28.43478261,103,2,1.251077754,47246,2
56405,9/28/2005,10/18/2005,Male,5,guangzhou,guangdong,CN,36,3/31/2014,37,53151,21201,25063,58957,11/27/2013,126,16.75,179,2,0.868407483,73006,20
59947,10/27/2011,10/27/2011,Female,4,zhuhai,guangdong,CN,33,3/31/2014,41,40459,22918,20870,68831,11-02-2013,151,14.275,80,2,0.743698915,44608,20
5592,4/16/2012,4/16/2012,Male,4,EAGLE,IDAHO,US,44,3/31/2014,6,61442,12600,13368,51544,10/26/2013,158,111.6,536,0,0.992950489,61442,0
19994,12-07-2012,12-07-2012,Male,5,shenzhen,guangdong,CN,47,3/31/2014,23,46614,4140,26633,35733,3/27/2014,5,21.63636364,128,0,1.432148434,48833,2
10280,01-01-2009,02-06-2009,Male,4,guangzhou,guangdong,CN,41,3/31/2014,32,52080,30068,7649,65372,2/21/2014,40,21.70967742,140,2,0.782574344,55880,5
56698,03-05-2008,04-09-2008,Male,4,guangzhou,guangdong,CN,51,3/31/2014,5,58783,7020,17300,55013,03-02-2014,30,94,184,0,0.92993238,58783,0
31153,8/16/2009,8/17/2009,Female,4,foshan,guangdong,CN,28,3/31/2014,72,34139,43517,3437,90966,5/18/2013,319,5.732394366,28,3,0.562365059,35663,17
17963,10/14/2007,10/14/2007,Female,5,.,beijing,CN,32,3/31/2014,75,45696,23668,22120,65997,3/14/2014,18,9.608108108,104,3,0.77504826,62201,35
5891,08-01-2011,10-02-2011,Male,4,wulumuqi,xinjiang,CN,37,3/31/2014,26,47210,21210,17914,54038,2/26/2014,35,25,92,0,0.946324994,51174,3
37374,10/21/2009,10/21/2009,Male,4,guangzhou,guangdong,CN,34,3/31/2014,4,60484,0,36300,48928,1/25/2014,67,95.66666667,274,0,1.045,60484,0
43755,10/21/2009,11/30/2009,Male,4,JEONJU-SI,JEOLLABUK-DO,KR,54,3/31/2014,39,38083,24991,20289,72182,2/22/2014,39,17.94736842,118,1,0.707918318,39597,2
47220,4/17/2005,4/25/2005,Male,4,guangzhou,guangdong,CN,39,3/31/2014,39,50872,41845,4002,56478,11/17/2013,136,15.55263158,279,1,0.90452725,75421,49
26442,5/18/2010,9/19/2010,Male,4,wulumuqi,xinjiang,CN,35,3/31/2014,30,37786,15658,21596,83155,3/29/2014,3,22.5862069,167,0,0.614307618,66110,50
38373,04-09-2007,04-09-2007,Male,4,beijing,beijing,CN,59,3/31/2014,21,51067,18900,28517,43408,3/16/2014,16,32.95,116,0,1.176802202,51067,0
34855,5/23/2012,8/15/2012,Male,6,beijing,beijing,CN,47,3/31/2014,73,47005,13844,32347,61341,03-11-2014,21,7.972222222,52,0,0.832736343,53369,1
38561,6/20/2007,10-08-2007,Male,4,.,beijing,CN,37,3/31/2014,36,45882,29138,15536,54878,2/25/2014,36,19.57142857,95,3,0.930500383,46083,6
11812,1/17/2008,3/18/2008,Male,5,shenzhen,guangdong,CN,55,3/31/2014,41,48123,17584,22558,71744,3/24/2014,8,17.975,92,2,0.711605709,48123,2
52847,12-04-2010,1/27/2011,Male,5,zhanjiang,guangdong,CN,47,3/31/2014,54,44349,13428,37931,62325,3/30/2014,2,12.58490566,81,0,0.818561893,49968,2
30350,6/25/2008,09-03-2008,Male,5,zhengzhou,henan,CN,45,3/31/2014,72,49968,26523,23188,58750,3/18/2014,14,9.774647887,60,0,0.867902468,57984,20
8316,10/24/2010,11/25/2010,Male,4,kelamayi,xinjiang,CN,38,3/31/2014,25,47852,19280,24318,53179,3/19/2014,13,26.45833333,63,0,0.958813441,50316,1
1771,8/22/2012,10-06-2012,Male,5,guangzhoushi,guangdong,CN,37,3/31/2014,48,39912,11161,25112,75931,3/13/2014,19,11.14893617,48,1,0.671169351,46662,11
57536,01-12-2010,01-12-2010,Male,5,shenyang,liaoning,CN,51,3/31/2014,31,43746,14167,24413,49318,3/29/2014,3,22.76666667,92,0,1.033152399,43746,0
23089,07-10-2011,07-10-2011,Male,4,,,SG,39,3/31/2014,28,29400,18315,11600,79016,03-01-2014,31,24.59259259,90,0,0.644642857,29400,0
27626,12/30/2005,1/30/2006,Male,6,guangzhou,guangdong,CN,38,3/31/2014,70,45555,28723,24428,71655,3/29/2014,3,10.49275362,59,4,0.71046989,50517,7
17940,04-12-2006,9/29/2006,Male,4,haerbin,heilongjiang,CN,41,3/31/2014,36,44458,33148,9943,69635,3/19/2014,13,19.02857143,164,0,0.731010986,44998,2
51310,9/21/2012,11-08-2012,Male,4,shenzhen,guangdong,CN,50,3/31/2014,20,45713,19704,23564,38948,11/15/2013,138,19.57894737,115,1,1.306759012,49938,5
60039,04-02-2012,04-03-2012,Male,5,KUALA LUMPUR,,MY,45,3/31/2014,42,35425,8631,29234,81359,03-12-2014,20,17.29268293,123,0,0.625529935,38111,0
37995,11/13/2004,11/15/2004,Female,4,guangzhoushi,guangdongsheng,CN,38,3/31/2014,47,50343,29216,20240,63275,3/30/2014,2,15.67391304,55,1,0.804304228,64258,49
36856,06-09-2006,2/15/2008,Female,4,guangzhou,guangdong,CN,40,3/31/2014,4,60484,12600,23500,48928,7/18/2013,258,113,182,6,1.04,60484,6
115,10/24/2008,10/24/2008,Male,5,shenyangshi,liaoning,CN,53,3/31/2014,78,51073,20023,25090,61691,03-05-2014,27,9.064935065,53,3,0.824487527,87859,44
38033,12/20/2004,6/17/2006,Male,6,Arcadia,California,US,50,3/31/2014,16,42011,13360,8230,73903,11/22/2013,131,39.86666667,207,5,0.688235254,45859,8
44946,4/18/2006,7/13/2006,Male,4,wulumuqishi,xinjiang,CN,46,3/31/2014,27,44695,14989,24974,72240,1/29/2014,63,24.76923077,121,2,0.703860742,47614,3
29241,07-03-2005,08-05-2005,Male,5,guangzhou,guangdong,CN,42,3/31/2014,53,47347,30117,16368,63349,3/13/2014,19,13.63461538,70,1,0.80251401,50916,7
57082,03-08-2008,07-03-2009,Male,4,dalian,liaoning,CN,38,3/31/2014,52,36925,21202,23084,76209,3/17/2014,15,13.84313725,52,0,0.666775184,40634,4
19612,10/22/2010,4/24/2011,Female,6,wangcheng,hunan,CN,44,3/31/2014,21,49761,42206,8670,48396,2/21/2014,40,30.4,157,3,1.049754525,52782,12
38206,07-02-2005,9/17/2005,Male,5,foshan,guangdong,CN,,3/31/2014,54,47841,33294,16586,69039,1/26/2014,66,12.24528302,75,3,0.735568592,48766,3
38605,7/22/2007,01-10-2008,Male,4,shenzhen,guangdong,CN,42,3/31/2014,31,49562,26164,16629,64387,3/26/2014,6,18.76666667,157,1,0.788709677,49562,1
989,11/20/2006,8/17/2009,Male,4,wulumuqi,xinjiang,CN,38,3/31/2014,27,41373,19176,17361,74301,3/14/2014,18,24.26923077,67,0,0.683212339,43837,1
38249,08-09-2005,8/19/2005,Male,5,guangzhoushi,guangdong,CN,41,3/31/2014,44,45701,18853,26489,72244,3/17/2014,15,16.39534884,71,3,0.702576961,47328,3
48040,5/24/2008,1/20/2010,Male,4,hangzhoushi,zhejiang,CN,35,3/31/2014,49,40550,20693,25677,73116,3/26/2014,6,14.66666667,67,6,0.694149571,56199,43
4935,1/14/2011,1/14/2011,Female,4,changchun,jilin,CN,33,3/31/2014,54,45886,18699,23685,65360,3/15/2014,17,13.03773585,77,4,0.776467258,50598,6
29316,9/15/2005,3/22/2006,Female,5,guangzhou,guangdong,CN,47,3/31/2014,38,44832,29860,12897,70963,3/15/2014,17,17.91891892,119,2,0.715050942,45819,13
43196,10/30/2012,11-03-2012,Male,4,foshan,guangdong,CN,40,3/31/2014,31,52557,14456,34549,65140,3/19/2014,13,16.73333333,72,0,0.778791372,58026,2
10991,11-08-2004,11-08-2004,Female,5,guangzhoushi,guangdong,CN,37,3/31/2014,30,51574,19080,20036,56023,03-05-2014,27,24.27586207,93,2,0.905490781,60795,26
29108,1/21/2005,03-12-2005,Male,6,dongguan,guangdong,CN,29,3/31/2014,19,47166,2007,41034,63836,2/21/2014,40,37.5,185,2,0.794303684,49147,2
14410,3/27/2012,3/27/2012,Male,5,dalian,liaoning,CN,62,3/31/2014,36,45043,28018,8771,34714,2/18/2014,43,19.6,165,0,1.460571527,46133,1
2577,7/26/2007,7/26/2007,Female,6,shenzhen,guangdong,CN,55,3/31/2014,28,45957,19270,19199,46152,3/16/2014,16,25.92592593,94,5,1.098501473,47378,10
32891,1/24/2012,1/28/2012,Male,5,guangzhou,guangdong,CN,38,3/31/2014,69,44758,26726,35526,70121,3/28/2014,4,10.26470588,104,0,0.722842658,50070,1
49348,9/25/2009,1/26/2011,Male,5,guangzhou,guangdong,CN,46,3/31/2014,63,39583,22491,27049,74355,3/16/2014,16,11.4516129,73,1,0.681498218,42625,3
37784,8/19/2012,8/31/2012,Male,6,zhuhai,guangdong,CN,40,3/31/2014,60,41475,9751,28055,77799,3/23/2014,9,9.661016949,61,2,0.651002327,49605,10
41520,3/29/2012,3/29/2012,Male,5,dalian,liaoning,CN,45,3/31/2014,61,44169,17644,27024,61428,03-01-2014,31,11.46666667,73,0,0.824465553,46680,1
52926,3/16/2012,3/16/2012,Male,5,huolinguoleshi,neimenggu,CN,58,3/31/2014,31,45796,15197,29522,36910,3/23/2014,9,24.03333333,77,2,1.371955839,47202,3
57494,8/23/2008,6/18/2010,Male,5,guangzhou,guangdong,CN,37,3/31/2014,52,43929,15947,31282,70809,3/20/2014,12,11.23529412,62,4,0.714735556,67252,33
31558,05-05-2010,05-05-2010,Male,6,changchun,changchun,CN,45,3/31/2014,34,45109,16038,27234,41626,3/25/2014,7,19.42424242,75,3,1.215350022,47167,5
38896,01-08-2008,04-07-2008,Male,5,,beijing,CN,58,3/31/2014,27,48569,10253,36751,51390,3/31/2014,1,24.65384615,99,0,0.984149445,50294,0
3045,4/13/2008,9/18/2008,Male,5,changshaxian,hunan,CN,52,3/31/2014,42,38440,10681,22260,71920,3/25/2014,7,17,86,0,0.702774055,40592,0
8356,6/14/2011,6/23/2011,Male,5,wulumuqi,xinjiang,CN,37,3/31/2014,50,39619,10824,16427,73216,3/26/2014,6,14.6122449,125,2,0.690326978,41355,2
59818,3/28/2012,3/28/2012,Male,5,beijing,beijing,CN,57,3/31/2014,40,46519,6470,26169,56367,3/26/2014,6,18.33333333,106,0,0.896432487,49416,0
19272,3/21/2007,9/25/2007,Male,4,zengcheng,guangdong,CN,46,3/31/2014,19,53169,16960,18095,60804,11-07-2013,146,31.88888889,140,3,0.830982666,53169,3
9910,11/27/2006,1/19/2007,Male,5,.,beijing,CN,61,3/31/2014,31,45562,13179,31932,61901,3/15/2014,17,23.36666667,132,0,0.816110725,47062,1
60677,5/25/2012,5/27/2012,Male,5,guangzhou,guangdong,CN,44,3/31/2014,18,51192,23800,19531,35956,3/25/2014,7,39.29411765,306,0,1.404529425,51192,0
18915,7/23/2006,11-09-2006,Male,5,guangzhou,guangdong,CN,69,3/31/2014,49,46391,21886,25933,69083,3/18/2014,14,14.6875,54,1,0.731013129,49043,3
54754,5/19/2006,6/26/2006,Male,5,beijing,,CN,54,3/31/2014,23,45703,14862,31808,37887,3/27/2014,5,23.81818182,90,2,1.332791987,47046,3
2465,11/24/2007,12/15/2007,Male,5,guangzhou,guangdong,CN,45,3/31/2014,70,42496,19895,38857,70833,3/28/2014,4,10.46376812,60,0,0.71282439,45063,2
60536,4/15/2012,4/26/2012,Male,4,shenzhen,guangdong,CN,46,3/31/2014,10,41767,48526,5609,93191,12/29/2013,94,68,483,0,0.541591677,41767,0
53541,12-06-2005,05-09-2006,Female,4,shenyang,liaoning,CN,53,3/31/2014,46,45278,32317,11540,58349,3/15/2014,17,15.82222222,95,4,0.864927077,64809,31
47081,11-06-2004,11-06-2004,Male,5,shenzhen,guangdong,CN,42,3/31/2014,60,44694,14648,19853,60099,3/30/2014,2,12.01694915,81,4,0.839483852,51440,19
62372,4/26/2011,5/26/2011,Male,4,alamutu,hasakesitan,CN,47,3/31/2014,29,42226,31499,13229,63714,11/19/2013,134,18.96428571,102,0,0.791779044,45145,1
9297,3/15/2012,05-11-2012,Male,5,beijing,beijing,CN,44,3/31/2014,39,43321,24707,20344,67841,2/28/2014,33,17.31578947,58,0,0.743163426,46798,6
31003,04-02-2009,04-02-2009,Male,5,guangzhou,guangdong,CN,40,3/31/2014,56,41020,25169,22634,68934,3/26/2014,6,13,50,2,0.731220008,71631,16
50416,6/30/2012,08-01-2012,Male,5,haikou,hainan,CN,48,3/31/2014,62,46242,11697,44499,73418,3/28/2014,4,9.918032787,49,0,0.68649037,54750,4
35110,4/21/2012,4/21/2012,Male,4,haerbin,heilongjiang,CN,39,3/31/2014,24,32998,23179,14076,75942,3/14/2014,18,30.13043478,60,0,0.6636279,32998,0
20897,1/27/2008,1/27/2008,Male,5,xuchang,henan,CN,33,3/31/2014,48,53019,28213,18182,59196,2/27/2014,34,13.70212766,89,6,0.851339449,55256,7
24241,12-04-2011,12-04-2011,Male,4,dongguan,guangdong,CN,66,3/31/2014,6,27912,11350,5700,73392,09-12-2013,202,98,173,0,0.686666667,27912,0
33167,1/27/2012,7/23/2012,Male,4,zhuhai,guangdong,CN,56,3/31/2014,4,60484,25200,0,48928,2/23/2013,403,71.66666667,194,0,1.03,60484,0
47441,10-08-2005,12/28/2005,Male,4,.,beijing,CN,44,3/31/2014,24,46557,25541,18293,38472,03-02-2014,30,30,211,3,1.309841183,48657,4
4136,4/30/2009,4/30/2009,Male,5,zhuhai,guangdong,CN,39,3/31/2014,59,37556,21003,23358,77920,3/24/2014,8,12.32758621,50,3,0.646664656,39631,3
13969,11/19/2010,11/19/2010,Male,5,zhongqing,zhongqing,CN,33,3/31/2014,73,52734,33160,18057,59725,3/29/2014,3,10.06944444,78,6,0.843651067,59471,12
18071,08-03-2007,08-09-2007,Male,4,wulumuqishi,xinjiang,CN,37,3/31/2014,27,36009,14090,25473,78853,3/26/2014,6,25.38461538,169,2,0.63883175,36009,2
59189,3/19/2011,3/19/2011,Male,5,zhengzhou,henan,CN,54,3/31/2014,52,47856,25246,20721,44279,03-06-2014,26,12.80392157,80,0,1.136604711,51316,3
35539,08-11-2006,08-11-2006,Female,5,liaoyuan,jilin,CN,46,3/31/2014,30,45456,3862,22322,52579,3/19/2014,13,23.96551724,210,3,0.956941174,48429,12
45852,8/16/2006,11-08-2006,Male,4,ARCADIA,CA,US,69,3/31/2014,8,35707,0,16838,75870,02-02-2014,59,35.85714286,97,0,0.662752076,35707,0
47688,10/26/2007,10/26/2007,Female,5,guangzhou,guangdong,CN,40,3/31/2014,48,43571,22321,23679,66246,02-02-2014,59,14.25531915,89,1,0.759022582,55167,30
28179,04-11-2007,6/17/2007,Female,4,guangzhou,guangdong,CN,33,3/31/2014,39,46880,28160,18296,69980,12/27/2013,96,16.5,73,1,0.718097456,51684,3
45041,7/26/2007,11/14/2007,Male,4,,,,49,3/31/2014,46,44113,19660,13741,61442,3/13/2014,19,15.37777778,95,1,0.817299242,44113,1
29359,11-07-2005,11/25/2005,Male,4,guangzhoushi,guangdongsheng,CN,35,3/31/2014,57,44631,37964,8946,71391,2/27/2014,34,12.33928571,116,4,0.703237803,82471,37
48674,12/20/2008,03-04-2009,Male,5,guangzhou,guangdong,CN,37,3/31/2014,63,41221,20785,25251,75542,3/27/2014,5,11.56451613,91,5,0.664296683,47518,15
49252,08-04-2009,8/14/2009,Male,5,shenzhenshi,guangdong,CN,48,3/31/2014,13,55034,9189,32984,45122,3/22/2014,10,59.16666667,267,2,1.111672798,55034,2
33185,11/14/2011,11/20/2011,Male,5,guangzhou,guangdong,CN,36,3/31/2014,80,46884,27557,25725,63517,1/23/2014,69,8.253164557,68,3,0.789717084,52201,4
56213,04-11-2005,4/25/2005,Male,5,shanghai,shanghai,CN,53,3/31/2014,48,53273,18633,39897,40001,3/21/2014,11,15,89,14,1.253854154,61145,19
53977,6/25/2006,9/27/2006,Female,5,wulumuqishi,xinjiang,CN,53,3/31/2014,38,45232,16469,10942,64229,2/27/2014,34,17.02702703,83,3,0.780875617,48305,6
38368,4/22/2007,7/23/2008,Female,5,changsha,hunan,CN,47,3/31/2014,55,45595,24778,21036,59442,03-04-2014,28,13.01851852,78,0,0.843655664,64127,29
48379,1/27/2009,1/27/2009,Male,4,shunde,guangdong,CN,48,3/31/2014,48,44811,27720,8741,73233,2014/2/29  0:00:00,32,14.80851064,98,1,0.68475141,44811,2
22032,6/25/2009,10/29/2011,Male,5,guiyang,guizhou,CN,55,3/31/2014,47,44483,24955,18340,71277,2/27/2014,34,14.58695652,79,1,0.703431963,46449,2
39972,01-06-2009,8/28/2009,Male,4,,,AU,48,3/31/2014,14,40925,17469,11585,67744,1/23/2014,69,46.69230769,194,0,0.739888108,40925,0
14576,5/27/2011,5/27/2011,Male,4,guangzhoushi,guangdong,CN,36,3/31/2014,40,46159,18948,24605,68953,3/24/2014,8,18.12820513,107,2,0.726904413,50127,14
36757,07-08-2006,07-08-2006,Female,5,guangzhou,guangdong,CN,46,3/31/2014,42,44646,10667,33802,71856,1/26/2014,66,15,72,0,0.69738811,46568,0
13499,09-03-2010,10-08-2010,Male,5,zhuzhou,hunan,CN,37,3/31/2014,55,41359,14237,30789,69792,3/27/2014,5,13.16666667,65,0,0.717866661,44500,0
48512,7/28/2008,7/28/2008,Female,5,guangzhou,guangdong,CN,39,3/31/2014,39,44015,21519,23009,65506,3/24/2014,8,18.73684211,96,0,0.764808109,44781,7
30898,03-02-2009,09-12-2010,Male,5,haerbin,heilongjiang,CN,48,3/31/2014,60,45244,26077,18122,70108,2/27/2014,34,11.50847458,41,4,0.714509328,49450,5
62921,3/19/2007,04-01-2008,Male,5,wulumuqishi,xinjiang,CN,41,3/31/2014,37,45146,9811,26324,69234,3/31/2014,1,19.94444444,84,2,0.723418118,48599,3
4060,3/26/2009,3/26/2009,Male,5,guangzhou,guangdong,CN,39,3/31/2014,45,41792,31611,15911,65795,2/28/2014,33,15.72727273,76,1,0.760955544,50195,21
14085,4/20/2012,4/20/2012,Male,4,NAGAOKA-SHI,NIIGATA-KEN,JP,39,3/31/2014,18,49290,55908,3650,58140,6/15/2013,291,24.76470588,103,0,0.861111111,49290,0
47597,6/17/2007,12-12-2009,Male,4,beijing,beijing,CN,58,3/31/2014,45,46325,11568,33388,50740,3/30/2014,2,16.38636364,174,1,0.98647162,50976,3
14891,10/26/2011,10/26/2011,Male,4,guangzhou,guangdong,CN,45,3/31/2014,33,44672,21408,22315,65742,3/14/2014,18,22.15625,102,3,0.761302364,44672,3
24798,06-10-2012,06-10-2012,Male,4,,,JP,49,3/31/2014,31,42834,32294,23654,66750,03-02-2014,30,21.03333333,58,0,0.749679101,47722,6
8884,01-05-2007,03-02-2007,Male,6,wulumuqishi,xinjiang,CN,54,3/31/2014,25,46707,17692,21053,61795,03-06-2014,26,29,162,2,0.809548669,49678,4
38124,4/19/2005,5/14/2005,Male,5,,,CN,41,3/31/2014,80,40524,29534,22840,69279,3/21/2014,11,9.075949367,65,0,0.722001472,44298,4
38175,5/31/2005,07-01-2005,Female,5,guangzhoushi,guangdong,CN,39,3/31/2014,50,44749,24324,22324,66558,3/30/2014,2,14.79591837,67,4,0.751283542,53953,41
49660,3/23/2010,3/23/2010,Male,5,shanghaishi,,CN,43,3/31/2014,56,47801,21036,21610,62996,3/16/2014,16,12.98181818,62,0,0.79376262,49163,3
11007,12/19/2004,02-10-2005,Male,5,foshanshi,guangdongsheng,CN,60,3/31/2014,33,45931,26654,17789,48122,3/25/2014,7,21.25,112,0,1.038886788,48664,1
30516,10/16/2009,10/16/2009,Male,5,dalian,liaoning,CN,48,3/31/2014,48,40643,22144,29871,71341,3/21/2014,11,15.17021277,84,0,0.700609047,42724,0
39015,04-04-2008,4/20/2009,Male,5,guangzhou,guangdong,CN,55,3/31/2014,62,41387,24523,26250,73746,3/20/2014,12,11.18032787,65,0,0.677760421,43088,0
26483,03-06-2011,06-11-2011,Female,4,wulumuqi,xinjiang,CN,28,3/31/2014,26,39324,20190,17241,78820,02-06-2014,55,27.04,69,4,0.634111774,41788,5
22364,5/19/2010,8/17/2010,Male,4,guangzhou,guangdong,CN,37,3/31/2014,53,47392,29619,17210,65144,3/15/2014,17,13.65384615,101,0,0.767083231,51196,3
9787,8/26/2006,01-10-2009,Male,4,shenzhen,guangdong,CN,59,3/31/2014,20,48742,17565,25516,37568,3/31/2014,1,30.63157895,135,0,1.329684306,50518,2
26725,05-11-2007,05-11-2007,Male,5,changchun,jilin,CN,56,3/31/2014,34,48140,20650,24296,39877,03-02-2014,30,20.57575758,72,4,1.252192492,51092,6
49798,09-11-2010,09-12-2010,Male,4,guangzhou,guangdong,CN,38,3/31/2014,42,41906,29536,14794,76022,3/27/2014,5,16.80487805,101,0,0.656594802,46241,14
35714,01-04-2008,01-04-2008,Male,5,changchun,jilin,CN,38,3/31/2014,55,42254,22452,19022,63712,3/27/2014,5,13.37037037,51,9,0.783405795,44019,9
50632,2/15/2012,03-01-2012,Male,4,beijing,beijing,CN,43,3/31/2014,41,37559,29011,17110,77240,02-12-2014,49,16.95,52,0,0.646040264,37559,2
35901,05-08-2006,5/15/2006,Male,4,beijing,beijing,CN,55,3/31/2014,46,40777,19195,21771,80054,2/22/2014,39,15.22222222,91,2,0.623314013,43563,2
3059,5/14/2008,12-09-2008,Male,5,zhuhai,guangdong,CN,40,3/31/2014,55,38976,19025,22929,86826,3/20/2014,12,13.09259259,64,6,0.574586069,46534,34
56434,11-06-2005,12-02-2005,Male,5,shanghaishi,shanghai,CN,52,3/31/2014,23,47621,9443,28242,42591,02-01-2014,60,28.72727273,127,0,1.171318588,54713,4
30971,2/13/2009,03-04-2009,Male,5,guangzhou,guangdong,CN,39,3/31/2014,41,43525,15285,28934,63850,2/18/2014,43,12.575,71,6,0.781289272,46779,7
26855,7/19/2008,7/19/2008,Male,6,beijing,beijing,CN,38,3/31/2014,52,44328,6321,35659,67646,3/16/2014,16,7.882352941,37,7,0.73737235,50844,8
5702,08-10-2011,08-10-2011,Male,4,anshanshi,liaoning,CN,40,3/31/2014,38,45879,26982,15201,61022,2/19/2014,42,18.59459459,120,2,0.817397004,45879,2
17531,04-01-2011,9/24/2011,Male,5,shanghai,shanghai,CN,46,3/31/2014,19,45716,19145,18512,50833,11/27/2013,126,32.66666667,146,0,0.980998761,51189,1
26947,3/28/2006,04-05-2006,Male,4,shanghaishi,shanghai,CN,43,3/31/2014,46,43700,16245,21480,64983,1/17/2014,75,14.4,60,5,0.76707385,48514,8
54423,6/26/2012,7/23/2012,Female,5,guangzhou,guangdong,CN,37,3/31/2014,63,45301,13825,37413,74483,3/24/2014,8,9.838709677,77,5,0.669037767,86088,35
11875,12/27/2007,12/27/2007,Male,4,guangzhou,guangdong,CN,49,3/31/2014,12,29209,7414,6578,75349,11/23/2013,130,36.09090909,203,0,0.661214217,29209,0
10988,12-03-2004,01-11-2005,Male,5,guangzhoushi,guangdongsheng,CN,43,3/31/2014,53,47605,30200,18266,65388,03-12-2014,20,13.65384615,79,4,0.761607634,48499,7
26764,08-12-2007,08-12-2007,Male,4,changchun,jilin,CN,45,3/31/2014,39,42223,22027,21380,59207,3/19/2014,13,18.68421053,111,0,0.841060348,42223,0
11083,3/21/2005,04-01-2008,Male,4,,,CN,47,3/31/2014,42,48673,23271,21188,65703,3/30/2014,2,17.3902439,59,1,0.757844999,52419,14
10061,1/26/2007,1/26/2007,Female,4,guangzhou,guangdong,CN,58,3/31/2014,6,27912,5700,10600,73392,3/25/2014,7,101.4,144,0,0.678333333,27912,0
47685,7/29/2007,08-01-2007,Female,5,xinhui,guangdong,CN,55,3/31/2014,20,50135,20720,23931,37123,3/20/2014,12,36.21052632,187,3,1.34056892,55390,5
8066,10-07-2009,12/23/2009,Male,5,hashi,heilongjiang,CN,39,3/31/2014,44,44910,10371,28538,66742,3/13/2014,19,10.81395349,66,0,0.745605166,49316,1
37661,2/17/2012,1/28/2013,Male,4,zhongshan,guangdong,CN,42,3/31/2014,7,45326,7020,11326,64498,1/29/2014,63,61,116,0,0.771047784,47070,0
20245,3/25/2005,08-05-2005,Male,4,wuhan,hubei,CN,59,3/31/2014,21,41598,14287,10306,67339,1/16/2014,76,28.15,122,0,0.738517055,41598,0
17772,9/18/2006,9/23/2006,Male,5,dalian,liaoningsheng,CN,46,3/31/2014,56,41918,23759,25564,62433,3/26/2014,6,13.07272727,88,3,0.796528438,44262,4
8641,5/29/2007,5/29/2007,Male,4,changchun,jilin,CN,34,3/31/2014,35,40711,22203,15868,65275,3/28/2014,4,21.17647059,128,0,0.761810647,40711,0
19078,12-04-2006,9/16/2009,Male,5,guangzhou,guangdong,CN,35,3/31/2014,30,44753,26492,18815,46669,3/24/2014,8,23.10344828,93,0,1.064747263,77259,41
5890,10/29/2011,10/31/2011,Female,4,wulumuqi,xinjiang,CN,34,3/31/2014,20,38876,18102,17396,63827,01-08-2014,84,32.05263158,120,2,0.77832422,38876,2
32082,2/26/2011,03-11-2011,Female,4,guangzhou,guangdong,CN,40,3/31/2014,6,34892,3200,18900,73392,2/27/2014,34,136.8,396,0,0.676666667,34892,0
47421,10-07-2005,11-11-2005,Male,4,guangzhou,guangdong,CN,45,3/31/2014,45,43074,30280,15574,64032,12-09-2013,114,13.93181818,102,0,0.775392616,43074,1
44520,8/13/2005,12/29/2005,Male,4,changchun,jilin,CN,57,3/31/2014,38,44917,13528,19469,46628,3/31/2014,1,19.35135135,77,4,1.064775028,46519,5
18148,9/30/2009,11-08-2009,Female,5,guangzhou,guangdong,CN,31,3/31/2014,35,47979,19600,23808,57674,3/21/2014,11,21.02941176,144,0,0.860810764,56811,29
13022,01-07-2009,01-07-2009,Female,4,changchun,jilin,CN,40,3/31/2014,42,46150,39081,7849,55805,01-09-2014,83,15.58536585,113,5,0.889423528,46150,5
41190,4/24/2011,4/24/2011,Male,5,guangzhou,guangdong,CN,41,3/31/2014,74,41332,27259,24393,71373,3/28/2014,4,9.945205479,66,1,0.695332689,44832,5
22152,04-08-2009,03-01-2010,Male,5,haerbin,heilongjiang,CN,62,3/31/2014,50,44460,20496,22180,70457,3/27/2014,5,14.48979592,50,1,0.704360816,46441,1
50246,7/16/2011,08-11-2011,Male,4,JAKARTA,,ID,50,3/31/2014,37,32758,15418,13044,81789,2/25/2014,36,18,97,0,0.606722787,32758,0
50736,9/20/2011,9/20/2011,Male,4,shanghai,shanghai,CN,40,3/31/2014,42,45632,22877,11010,68736,1/17/2014,75,15.92682927,47,0,0.721880965,46737,3
4262,10/13/2009,10/13/2009,Male,5,guangzhou,guangdong,CN,55,3/31/2014,39,37207,22135,14250,74715,2/18/2014,43,17.84210526,64,3,0.664070401,47202,13
20547,5/15/2007,5/18/2007,Male,5,shenyangshi,liaoningsheng,CN,33,3/31/2014,44,39757,17621,24848,69998,3/27/2014,5,16.37209302,141,0,0.708815109,39757,0
44623,5/31/2006,5/31/2006,Female,5,shenyang,liaoning,CN,54,3/31/2014,52,33004,12001,25964,74390,3/28/2014,4,13.82352941,66,0,0.66677376,34914,1
59690,09-10-2011,09-10-2011,Male,5,guangzhou,guangdong,CN,31,3/31/2014,50,35161,12696,29892,71090,03-08-2014,24,14.30612245,87,3,0.697566465,47205,21
13567,4/28/2010,4/28/2010,Male,4,zhanjiang,guangdong,CN,59,3/31/2014,30,46909,24444,18691,62688,2/22/2014,39,23.86206897,80,5,0.790226678,46909,5
57739,06-06-2008,06-06-2008,Female,6,shenyang,liaoning,CN,45,3/31/2014,60,44577,21534,14900,63926,3/14/2014,18,11.88135593,78,1,0.77486719,48047,5
18952,11-12-2005,11-12-2005,Female,5,shenzhenshi,guangdong,CN,46,3/31/2014,40,45975,10792,32577,68431,3/29/2014,3,16.25641026,123,0,0.723708553,45975,0
31182,10/20/2010,10/28/2010,Male,5,guangzhou,guangdong,CN,55,3/31/2014,48,35860,22384,16872,73455,2/26/2014,35,14.23404255,88,0,0.673834048,38538,3
20456,10/28/2005,4/18/2006,Female,5,guangzhoushi,guangdong,CN,48,3/31/2014,42,37778,20749,23697,69182,03-01-2014,31,16.51219512,99,1,0.715156833,43946,19
30707,11-04-2008,11-04-2008,Female,5,guangzhou,guangdong,CN,52,3/31/2014,30,37703,17516,18347,69523,3/28/2014,4,22.13793103,91,2,0.711618745,38203,3
55039,12/26/2006,02-09-2007,Male,4,sg,sg,SG,46,3/31/2014,24,30715,24711,16610,67728,02-02-2014,59,28.65217391,64,1,0.730416667,31215,2
11639,7/21/2007,09-04-2008,Male,5,guangzhou,guangdong,CN,56,3/31/2014,53,37236,17677,28401,79101,3/17/2014,15,12.78846154,60,0,0.625088305,44308,25
8509,11-11-2005,11-11-2005,Male,4,shanghai,shanghaishi,CN,33,3/31/2014,33,43654,0,2738,51867,03-02-2014,30,21.71875,58,6,0.953053772,46042,8
47205,4/13/2005,7/25/2006,Male,5,foshan,guangdong,CN,45,3/31/2014,57,41757,32871,15502,68291,3/14/2014,18,12.625,71,3,0.723710591,44522,5
2901,12-02-2007,6/28/2008,Male,4,guangzhou,guangdong,CN,31,3/31/2014,46,37458,15483,28528,78361,3/24/2014,8,14.35555556,61,0,0.630668955,40826,4
30927,9/13/2009,9/21/2009,Male,4,.,beijing,CN,35,3/31/2014,38,45029,13413,30375,65075,01-09-2014,83,13.81081081,77,2,0.759309259,46549,2
28007,11-03-2006,11-03-2006,Male,5,aomen,aomen,MO,55,3/31/2014,41,34562,26448,29045,68304,3/22/2014,10,17.725,53,3,0.7231698,38489,4
27790,6/27/2006,9/14/2006,Male,4,guangzhou,guangdong,CN,45,3/31/2014,50,41707,17794,26513,72255,01-08-2014,84,12.04081633,49,2,0.683592001,44209,6
13440,03-07-2010,03-07-2010,Male,5,guangzhou,guangdong,CN,43,3/31/2014,55,41850,16161,31237,69145,3/17/2014,15,12.05555556,71,0,0.714214911,47003,1
54937,10-11-2006,12-12-2006,Male,5,guangzhou,guangdong,CN,37,3/31/2014,72,41207,20592,29361,72372,3/30/2014,2,10.04225352,36,4,0.682124579,45789,6
1214,6/27/2007,3/20/2008,Male,4,beijing,beijing,CN,46,3/31/2014,30,45799,32841,13213,39249,1/19/2014,73,22.65517241,180,0,1.25737471,46175,1
53573,02-04-2006,02-04-2006,Male,5,tieling,liaoning,CN,49,3/31/2014,51,45134,22358,16117,49022,03-03-2014,29,13.86,74,0,1.006655583,49256,4
6233,01-12-2012,3/15/2012,Male,5,taicangshi,jiangsusheng,CN,31,3/31/2014,37,46348,12217,30635,59892,2/24/2014,37,17.61111111,80,3,0.823821045,47924,3
6136,10-08-2011,10-08-2011,Male,4,guangzhou,guangdong,CN,50,3/31/2014,22,47019,12887,16519,70806,3/18/2014,14,31.04761905,172,0,0.696795893,72519,1
13040,1/17/2009,7/20/2009,Male,5,shenyang,liaoning,CN,44,3/31/2014,39,36654,10992,29987,64470,3/13/2014,19,18.07894737,93,0,0.765195595,38927,0
13935,5/23/2011,5/26/2011,Male,4,KANZAKI-GUN,HYOGO KEN,JP,61,3/31/2014,27,47343,27430,25696,65525,03-10-2014,22,27.23076923,94,0,0.752822587,54815,6
48774,9/17/2008,04-02-2009,Male,5,guangzhou,guangdong,CN,46,3/31/2014,38,44325,26902,18708,50782,2/28/2014,33,18.64864865,84,2,0.971334725,45289,2
56714,08-02-2007,08-02-2007,Male,5,beijing,beijing,CN,45,3/31/2014,46,47676,19100,22476,51349,3/18/2014,14,15.06666667,61,2,0.96044402,50172,6
20905,12/17/2007,11/16/2008,Male,5,wuhan,hubei,CN,48,3/31/2014,64,40313,22285,25648,70829,3/24/2014,8,11.07936508,49,1,0.696282596,42754,1
20089,02-04-2013,02-04-2013,Male,5,zhuhai,guangdong,CN,52,3/31/2014,52,36523,2901,30942,75275,3/28/2014,4,8.196078431,48,0,0.655099568,41135,1
41061,06-08-2011,07-12-2011,Male,6,wuhan,hubei,CN,40,3/31/2014,62,48072,13499,33790,63464,3/13/2014,19,11.67213115,50,3,0.776200681,52642,5
28465,9/20/2010,10-02-2010,Male,4,guangzhoushi,guangdong,CN,53,3/31/2014,39,42012,20651,22708,70495,11-06-2013,147,14.84210526,59,3,0.698672388,42012,3
30405,10/16/2008,11-01-2008,Male,5,,beijing,CN,,3/31/2014,53,42354,22607,22784,64362,2/28/2014,33,13.40384615,65,3,0.765140456,44521,3
20876,11-08-2008,11-08-2008,Male,4,,,SG,56,3/31/2014,25,34130,16974,15200,70550,03-12-2014,20,28.54166667,63,0,0.698,34130,0
45061,10/21/2009,3/27/2012,Male,4,zhuhai,guangdong,CN,36,3/31/2014,40,38174,23219,20279,64908,2014/2/29  0:00:00,32,17.64102564,80,0,0.758355673,48821,28
62381,2/28/2011,3/28/2013,Male,5,beijing,beijing,CN,38,3/31/2014,31,50657,1700,41102,60579,3/23/2014,9,12.03333333,92,1,0.812386305,55838,8
40693,06-12-2012,06-12-2012,Male,4,shanghai,shanghai,CN,49,3/31/2014,46,37302,10228,5893,68106,3/14/2014,18,14.24444444,52,1,0.72254471,37602,2
43675,4/22/2009,4/22/2009,Male,6,beijing,beijing,CN,48,3/31/2014,49,47675,16001,25091,45202,03-09-2014,23,14.58333333,95,0,1.088652051,51094,1
44679,12-11-2006,12-11-2006,Male,5,changchun,jilin,CN,56,3/31/2014,35,42715,23520,22783,42920,2/24/2014,37,19.85294118,90,6,1.146472973,43735,6
2125,04-07-2005,6/22/2005,Male,5,guangzhou,guangdong,CN,48,3/31/2014,43,42234,24433,23313,65623,3/25/2014,7,15.73809524,68,0,0.74954391,45640,1
41877,10/26/2011,10/31/2011,Female,5,dalian,liaoning,CN,61,3/31/2014,57,42540,16138,27506,61806,03-08-2014,24,11.80357143,111,0,0.795606252,45069,1
41424,09-05-2011,09-08-2011,Male,5,dalian,liaoning,CN,48,3/31/2014,69,42960,24318,27727,58468,3/19/2014,13,10.17647059,57,1,0.841010809,48982,3
30711,2/17/2008,2/17/2008,Male,5,guangzhou,guangdong,CN,58,3/31/2014,43,39827,20921,23898,71624,3/22/2014,10,14.02380952,99,0,0.686400927,39827,0
14853,1/20/2012,1/25/2012,Female,6,beijing,beijing,CN,33,3/31/2014,49,44218,14200,32105,67438,3/27/2014,5,15.08333333,66,4,0.728904327,58490,10
24656,6/26/2012,6/26/2012,Male,4,shanghai,shanghai,CN,39,3/31/2014,46,39078,2996,11746,63904,2/22/2014,39,13.46666667,139,0,0.768844517,39078,2
14114,4/28/2011,4/28/2011,Male,5,dalian,liaoning,CN,57,3/31/2014,54,36989,14651,32932,76647,2/24/2014,37,12.1509434,98,4,0.640941589,42786,6
26551,9/26/2011,9/26/2011,Male,4,tianjin,tianjin,CN,37,3/31/2014,42,42669,28239,4685,75918,01-05-2014,87,15.24390244,107,2,0.646998867,42669,2
46564,11/28/2010,11/28/2010,Male,5,zhongshan,guangdong,CN,37,3/31/2014,30,48822,23097,20364,56042,2/28/2014,33,23.93103448,107,1,0.876431962,48822,1
2921,01-02-2008,01-02-2008,Male,5,guangzhou,guangdong,CN,,3/31/2014,26,45685,22485,25659,33928,03-09-2014,23,27.56,69,2,1.447624971,58939,5
19311,04-01-2007,5/22/2007,Male,5,sanya,hainan,CN,47,3/31/2014,99,31849,27866,28335,78698,3/27/2014,5,7.408163265,44,0,0.623999085,37202,2
11470,4/28/2007,04-02-2009,Female,4,guangzhou,guangdong,CN,39,3/31/2014,47,37173,13188,26983,78992,03-12-2014,20,15.39130435,110,5,0.621666751,45629,24
55324,09-03-2007,2/15/2012,Male,5,changsha,hunan,CN,36,3/31/2014,62,42537,30935,17817,64886,3/21/2014,11,11.68852459,88,2,0.756509262,48952,3
32784,04-11-2012,04-11-2012,Male,4,qinhuangdao,hebei,CN,29,3/31/2014,45,43406,16630,27371,73155,2/20/2014,41,15.45454545,57,1,0.670862142,44756,1
10318,10-04-2009,10/26/2009,Male,5,shunde,guangdong,CN,33,3/31/2014,64,41246,29928,16418,74962,1/25/2014,67,10.3015873,69,5,0.654643553,46198,9
27625,12-08-2005,12-08-2005,Male,4,,beijing,CN,52,3/31/2014,38,45328,23790,18791,62453,3/30/2014,2,18.62162162,79,0,0.785643444,51729,27
46454,03-02-2010,04-02-2010,Male,6,jiaozuo,henan,CN,40,3/31/2014,73,47981,17844,30413,58892,3/27/2014,5,9.902777778,54,4,0.832899036,68620,52
20338,07-07-2005,02-02-2006,Female,6,shenzhen,guangdong,CN,37,3/31/2014,39,45054,14993,27083,60723,3/27/2014,5,18.76315789,117,0,0.807561221,46824,0
58690,12/24/2010,12/24/2010,Male,4,yilejun,qunmaxian,JP,44,3/31/2014,18,49895,34548,22814,55064,2/17/2014,44,33.58823529,161,0,0.89048489,49895,0
33734,7/13/2012,7/13/2012,Male,4,guangzhou,guangdong,CN,53,3/31/2014,22,51668,22694,25287,60802,3/30/2014,2,29.80952381,143,2,0.806351107,58709,5
61615,02-08-2010,3/19/2010,Male,5,anshan,liaoning,CN,54,3/31/2014,39,42109,8453,33704,53361,3/30/2014,2,18.47368421,103,2,0.91837072,44432,2
10,9/29/2005,9/29/2005,Female,5,,beijing,CN,45,3/31/2014,54,45135,17618,28121,62170,3/20/2014,12,12.83018868,51,2,0.78806627,47420,5
41221,04-07-2011,4/30/2011,Male,5,shenzhen,guangdong,CN,40,3/31/2014,35,42637,13101,29445,66955,3/18/2014,14,20.79411765,98,2,0.731721007,43966,2
50805,10/23/2011,10/23/2011,Male,6,zhengzhou,henan,CN,59,3/31/2014,50,47908,17826,29977,39028,2/24/2014,37,13.91836735,51,0,1.255212412,53949,3
21243,9/20/2006,9/20/2006,Female,4,changchun,jilin,CN,54,3/31/2014,39,45725,15770,24246,57633,3/26/2014,6,18.60526316,96,0,0.849802717,49435,1
18661,11/30/2005,6/18/2006,Male,4,wulumuqi,xinjiang,CN,47,3/31/2014,32,40761,14156,22807,67203,3/30/2014,2,23.25806452,194,1,0.728682946,43225,2
38599,08-11-2007,10/31/2008,Male,6,shenzhen,guangdong,CN,52,3/31/2014,59,46641,23312,23577,58247,03-09-2014,23,12.20689655,73,0,0.840673339,49982,0
39257,09-04-2008,11-07-2008,Male,5,wuhan,hubei,CN,55,3/31/2014,26,49349,20460,27202,37191,3/18/2014,14,28.64,151,1,1.316133473,52416,3
50389,2/18/2012,2/20/2012,Male,5,dalian,liaoning,CN,36,3/31/2014,59,38522,18898,26079,64342,3/23/2014,9,12.43103448,45,3,0.760689441,42896,4
30712,10/14/2008,11/14/2008,Male,4,guangzhou,guangdong,CN,36,3/31/2014,40,39961,15478,26762,68272,2/28/2014,33,17.64102564,82,2,0.716802056,41757,3
21473,6/27/2008,10/28/2008,Male,5,shenzhen,guangdong,CN,42,3/31/2014,23,46057,30390,13455,33094,3/20/2014,12,32.22727273,133,6,1.478692512,46557,7
19335,5/18/2007,5/18/2007,Male,4,guangzhou,guangdong,CN,54,3/31/2014,36,37151,20771,16549,79482,3/20/2014,12,20.28571429,77,2,0.615612843,37151,2
32114,12-11-2011,12-11-2011,Male,4,KANI-SHI,GIFU-KEN,JP,42,3/31/2014,32,40417,21414,25872,69200,3/26/2014,6,23.03225806,60,0,0.706966329,41117,1
53767,10/31/2005,10/31/2005,Male,5,changchun,jilin,CN,72,3/31/2014,52,43297,25329,21492,59187,03-02-2014,30,13.64705882,64,2,0.826500752,45772,4
5063,11/25/2012,11/25/2012,Female,4,Kawasaki-shi,Kanagawa-ken,JP,42,3/31/2014,22,49835,18428,35200,62709,02-06-2014,55,20.85714286,197,1,0.779879443,59223,5
10608,01-09-2012,8/18/2012,Male,4,guangzhou,guangdong,CN,43,3/31/2014,20,51004,14438,20320,59370,2/24/2014,37,29.21052632,130,0,0.82367273,51004,0
39790,9/29/2010,10/16/2010,Male,5,dongguan,guangdong,CN,44,3/31/2014,32,45046,44220,2467,32894,03-05-2014,27,22.70967742,216,0,1.486519426,46447,3
47981,11/25/2007,9/23/2008,Male,4,beijing,beijing,CN,40,3/31/2014,46,43159,29392,14925,62014,1/22/2014,70,14.44444444,59,1,0.788479859,47939,16
41245,07-02-2011,07-02-2011,Male,4,NANTES,.,FR,50,3/31/2014,14,32088,6630,24866,68732,03-01-2014,31,29.69230769,200,0,0.711088285,32088,0
31535,3/24/2010,04-06-2010,Male,5,guangzhoushi,guangdong,CN,34,3/31/2014,79,40969,27739,23094,66610,3/23/2014,9,9.217948718,30,2,0.733657259,44394,5
46003,11-03-2006,4/13/2007,Male,6,wuhan,hubei,CN,47,3/31/2014,44,46727,20043,23665,49792,03-09-2014,23,16,63,0,0.981059005,48683,0
50690,12/13/2011,12/22/2011,Male,4,shenzhen,guangdong,CN,46,3/31/2014,20,45826,19440,19330,33237,2/26/2014,35,36.36842105,117,1,1.469550501,60114,17
5116,4/19/2011,7/27/2011,Male,6,dalian,liaoning,CN,53,3/31/2014,53,44759,20685,27318,56385,3/21/2014,11,13.28846154,59,2,0.866189767,51488,3
62674,8/23/2007,8/23/2007,Male,5,changchun,jilin,CN,56,3/31/2014,59,45517,20456,29849,54479,2/21/2014,40,11.25862069,61,0,0.896388517,47749,1
48564,08-09-2008,1/27/2011,Male,5,guangzhou,guangdong,CN,46,3/31/2014,51,42015,22901,22793,68621,3/29/2014,3,14.48,83,2,0.711479722,42985,3
57201,7/29/2008,08-05-2008,Male,5,guangzhou,guangdong,CN,34,3/31/2014,87,46494,19147,36393,62188,03-11-2014,21,8.139534884,48,9,0.784875699,53740,24
57995,10/17/2009,9/25/2010,Male,4,taizhong,taiwan,TW,53,3/31/2014,41,46484,32533,22077,60371,2/27/2014,34,16.875,105,1,0.808486856,49226,3
56732,12-10-2007,6/16/2009,Male,5,wuhan,hubei,CN,40,3/31/2014,35,47296,11794,12894,45301,3/27/2014,5,18.55882353,61,0,1.077432507,49080,1
35159,1/20/2012,02-04-2012,Female,6,haerbinshi,heilongjiang,CN,31,3/31/2014,73,49536,18145,29647,57527,3/30/2014,2,9.916666667,47,0,0.848445078,54507,2
35921,05-01-2006,7/14/2006,Male,4,wulumuqishi,xinjiang,CN,41,3/31/2014,28,39847,21696,15257,74569,3/30/2014,2,26.85185185,124,0,0.654286232,40339,1
62748,11/22/2008,11/22/2008,Male,5,songyuan,jilin,CN,52,3/31/2014,31,45999,32595,13168,36574,02-02-2014,59,21.86666667,175,3,1.333376442,46327,3
50151,9/16/2011,9/16/2011,Male,5,shenzhen,guangdong,CN,46,3/31/2014,20,47594,7918,31122,52172,3/19/2014,13,36.57894737,148,0,0.934647512,50273,1
29194,5/27/2005,7/15/2005,Male,4,guangzhou,guangdong,CN,39,3/31/2014,42,45574,16614,30267,70093,12/25/2013,98,12.19512195,52,1,0.69542251,54154,10
53214,10/14/2009,10/14/2009,Male,5,haerbin,heilongjiang,CN,48,3/31/2014,38,41606,20334,18328,67437,3/20/2014,12,19.35135135,91,1,0.722693922,41606,1
11794,01-06-2011,01-10-2011,Male,4,SYANEY,NSW,AU,54,3/31/2014,8,59596,36952,18000,54277,11-01-2013,152,79,153,2,0.897809385,59596,2
41971,11-10-2011,11-11-2011,Female,4,LACRESCETA,CA,US,48,3/31/2014,5,50839,17360,6300,51250,9/15/2013,199,120.75,192,0,0.950485463,50839,0
57534,01-07-2010,01-08-2010,Male,5,dalian,liaoning,CN,47,3/31/2014,54,43662,19809,27887,47629,3/25/2014,7,13.22641509,76,1,1.022643557,45064,1
49064,09-04-2009,5/20/2011,Male,5,guangzhou,guangdong,CN,33,3/31/2014,66,36604,27407,20052,80259,2/28/2014,33,10.6,99,4,0.60671202,43901,10
62448,11/18/2005,11/18/2005,Male,5,changchun,jilin,CN,44,3/31/2014,35,41510,20973,17494,60412,03-08-2014,24,20.47058824,123,0,0.805970006,43010,1
11035,12/29/2004,07-02-2005,Male,5,wuhan,hubei,CN,45,3/31/2014,67,44179,17991,27671,65767,3/18/2014,14,10.84848485,73,6,0.740332081,49459,10
3519,10/27/2008,10-10-2009,Female,4,ALHAMBRA,CA,US,40,3/31/2014,6,27912,5800,10100,73392,11/28/2013,125,107,182,0,0.663333333,27912,0
29053,12/18/2004,05-06-2005,Male,4,,,CN,46,3/31/2014,6,41872,0,21900,73392,02-05-2014,56,32.2,57,0,0.663333333,41872,0
36738,6/24/2006,12/24/2006,Male,4,shenzhen,guangdong,CN,41,3/31/2014,46,39914,8575,22419,67154,2/16/2014,45,13.4,110,3,0.724942967,46355,18
24060,12-10-2011,01-09-2012,Male,5,dalian,liaoning,CN,43,3/31/2014,57,38359,27008,18630,65176,3/23/2014,9,12.46428571,120,0,0.746886431,40179,1
4983,11/23/2010,11/23/2010,Male,4,.,beijing,CN,59,3/31/2014,41,47338,28050,21221,33309,02-03-2014,58,16.7,381,0,1.461069981,48270,2
1994,3/25/2013,3/25/2013,Male,4,guangzhou,guangdong,CN,39,3/31/2014,4,40189,25000,0,42844,3/31/2013,367,2,6,0,1.135799645,40189,0
48823,01-05-2009,01-05-2009,Female,4,shanghai,shanghai,CN,40,3/31/2014,48,42885,10328,21253,65530,3/26/2014,6,14.72340426,47,4,0.74256127,42885,4
4618,4/15/2010,4/15/2010,Male,5,dalian,liaoning,CN,36,3/31/2014,71,41043,26249,23613,64219,3/29/2014,3,10.4,50,0,0.75745636,45492,5
21046,5/23/2008,12/25/2008,Male,5,beijing,beijing,CN,62,3/31/2014,38,47972,20375,19950,53752,3/26/2014,6,18.13513514,72,0,0.904904748,50647,1
15753,03-01-2013,03-04-2013,Female,5,zhanjiang,guangdong,CN,45,3/31/2014,14,58380,9000,43222,47938,3/15/2014,17,29,81,0,1.014575285,60158,0
8065,10/14/2009,10/16/2009,Male,4,haerbin,heilongjiang,CN,47,3/31/2014,36,37836,17401,22919,71086,3/23/2014,9,18.71428571,151,1,0.684074783,39330,1
57838,10/20/2009,12-02-2009,Male,4,wulumuqi,xinjiang,CN,54,3/31/2014,24,40607,18934,20446,60853,12/18/2013,105,26.86956522,150,1,0.799007937,44121,3
5627,01-02-2012,03-12-2012,Female,4,guangzhoushi,,CN,40,3/31/2014,10,31674,13418,5043,66059,12/18/2013,105,65.77777778,288,1,0.735854615,32174,2
20160,01-06-2005,6/22/2005,Male,6,.,beijing,CN,54,3/31/2014,61,44762,33861,13594,50123,2/22/2014,39,11.48333333,72,0,0.969567863,50451,4
36620,3/21/2006,4/25/2006,Male,6,guangzhou,guangdong,CN,55,3/31/2014,38,42527,23797,19330,71165,03-07-2014,25,17.75675676,101,1,0.682880348,42527,1
23175,02-01-2011,02-01-2011,Male,4,guangzhou,guangdong,CN,35,3/31/2014,38,43616,28532,14722,67098,3/18/2014,14,18.86486486,91,3,0.72410817,59483,12
15254,12/26/2011,12/26/2011,Female,4,beijing,beijing,CN,42,3/31/2014,45,46827,32334,14614,37953,11/15/2013,138,13.43181818,68,0,1.279919374,49264,4
38951,1/16/2008,1/16/2008,Male,5,qianjiang,hubei,CN,45,3/31/2014,52,44946,16989,29478,57327,3/24/2014,8,14.11764706,63,0,0.847255569,48041,1
47321,7/26/2005,8/20/2005,Female,6,guangzhoushi,guangdong,CN,38,3/31/2014,50,51534,20191,28863,58473,03-11-2014,21,13.55102041,74,3,0.830540591,53803,3
56330,7/31/2005,6/13/2006,Male,5,guangzhou,guangdong,CN,41,3/31/2014,49,44880,34266,12974,49989,11/18/2013,135,12.375,65,8,0.971115645,62190,39
35267,4/16/2010,4/16/2010,Male,4,wulumuqi,xinjiang,CN,49,3/31/2014,25,38289,26551,13378,71634,1/17/2014,75,26.29166667,128,1,0.677349443,40753,2
37002,02-05-2007,2/17/2008,Male,6,.,beijing,CN,64,3/31/2014,22,45279,31590,12198,33292,9/20/2013,194,25.23809524,98,2,1.457156374,47873,6
54978,11-01-2006,04-10-2007,Male,4,guangzhou,guangdong,CN,39,3/31/2014,37,41992,17480,21544,64818,3/18/2014,14,19.61111111,64,2,0.748072603,52407,43
12048,03-05-2008,03-05-2008,Male,4,guangzhoushi,guangdongsheng,CN,59,3/31/2014,60,41893,21686,24762,70672,3/24/2014,8,12.15254237,63,0,0.685775413,43418,0
58322,10/16/2009,10/16/2009,Female,4,shanghai,shanghai,CN,41,3/31/2014,56,28289,19440,1957,82284,01-12-2014,80,11.78181818,131,1,0.588995187,28289,1
52938,5/27/2011,5/27/2011,Male,5,guangzhou,guangdong,CN,32,3/31/2014,7,34815,7130,14750,62538,01-12-2014,80,68.16666667,151,0,0.774799642,61997,13
49918,10/21/2010,10/21/2010,Male,6,guangzhou,guangdong,CN,45,3/31/2014,48,38389,5921,41965,40606,3/29/2014,3,9.787234043,35,0,1.193269468,44647,2
19526,1/30/2010,6/14/2010,Female,4,shenyang,liaoning,CN,34,3/31/2014,59,48021,27917,18150,50030,01-12-2014,80,11.20689655,58,4,0.968302618,112384,61
6411,3/15/2012,3/15/2012,Female,4,guangzhou,guangdong,CN,35,3/31/2014,55,42619,27544,15580,66702,12-05-2013,118,11.2962963,64,1,0.726079878,49226,24
8548,5/22/2006,5/22/2006,Male,5,changchun,jilin,CN,47,3/31/2014,44,44049,16848,23568,51048,3/17/2014,15,16.60465116,101,0,0.948618751,46405,0
30436,08-07-2008,08-07-2008,Male,5,guangzhou,guangdong,CN,54,3/31/2014,48,38469,23857,20666,69478,3/30/2014,2,15.5106383,75,3,0.696902761,74729,9
57601,3/29/2011,3/30/2011,Male,5,taihexian,anhui,CN,47,3/31/2014,42,43875,17110,20902,54562,03-08-2014,24,16.73170732,86,3,0.887377112,46949,4
49691,4/26/2010,4/28/2010,Male,5,dalian,liaoning,CN,52,3/31/2014,56,38386,19507,18262,67856,03-11-2014,21,12.89090909,80,0,0.713490627,40303,0
14113,1/28/2011,1/28/2011,Male,4,wulumuqi,xinjiang,CN,42,3/31/2014,33,42344,12131,21401,65314,3/20/2014,12,21,98,2,0.741046789,42344,2
11708,9/18/2007,12/26/2007,Male,5,wuhan,hubei,CN,62,3/31/2014,56,43588,17045,25980,64962,3/29/2014,3,12.29090909,51,2,0.744854222,45772,2
24967,9/22/2012,9/22/2012,Male,5,wulumuqi,xinjiang,CN,43,3/31/2014,23,43787,8842,30251,59489,3/29/2014,3,25.18181818,98,0,0.813347173,44287,1
18693,01-09-2006,2/20/2006,Male,5,guangzhou,guangdong,CN,42,3/31/2014,65,44100,33799,16390,64116,03-08-2014,24,10.96875,68,2,0.754613669,46524,5
53805,1/26/2009,6/24/2009,Female,5,dalian,liaoning,CN,46,3/31/2014,50,39774,21512,19807,61194,3/27/2014,5,14.75510204,90,0,0.790610681,41432,0
43113,12/13/2012,12/16/2012,Female,4,MONTROUGE,MONTROUGE,FR,58,3/31/2014,7,26572,8500,13350,70952,03-08-2014,24,74.66666667,154,0,0.681428571,26572,0
3099,4/16/2006,4/22/2006,Male,4,beijing,beijing,CN,49,3/31/2014,26,42899,20462,21119,61174,3/21/2014,11,23.68,124,1,0.790264982,45363,2
18920,7/20/2006,8/15/2006,Male,5,shenzhen,guangdong,CN,40,3/31/2014,45,45315,18075,26983,64104,3/17/2014,15,16.25,105,3,0.754137651,47697,3
36172,01-04-2011,01-09-2011,Male,5,guangzhou,guangdong,CN,36,3/31/2014,49,40701,24241,20640,68761,3/14/2014,18,14.8125,126,0,0.703001265,47411,28
17821,09-12-2007,9/14/2007,Male,6,shenyang,liaoning,CN,48,3/31/2014,45,44500,11110,31188,51003,3/30/2014,2,15.04545455,76,3,0.947583279,46838,3
48201,09-04-2008,09-04-2008,Male,6,guangzhou,guangdong,CN,43,3/31/2014,69,41741,12184,38273,62134,3/16/2014,16,9.588235294,125,0,0.777504426,51302,2
59137,05-11-2012,6/21/2012,Male,4,SHIWA-GUN,IWATE-KEN,JP,41,3/31/2014,19,45768,26147,24225,59514,3/13/2014,19,35.05555556,145,0,0.811631885,50462,2
15200,2/20/2012,2/20/2012,Male,5,xiningshi,qinghai,CN,49,3/31/2014,45,35781,20192,21979,72007,3/17/2014,15,15.59090909,127,1,0.670756176,36831,2
16719,4/23/2010,4/23/2010,Male,4,shanghai,shanghai,CN,48,3/31/2014,34,43234,31685,6698,36623,01-04-2014,88,19.42424242,95,8,1.318610436,82167,43
25887,5/25/2010,5/25/2010,Male,5,dalian,liaoning,CN,39,3/31/2014,65,41401,21590,22483,59156,3/28/2014,4,11.28125,57,1,0.816271553,56916,34
49402,07-01-2009,07-01-2009,Male,4,suzhou,jiangsu,CN,38,3/31/2014,40,41729,20889,6308,53773,3/31/2014,1,18.23076923,250,2,0.897889833,43329,4
2642,8/27/2007,9/13/2007,Female,4,shenzhen,guangdong,CN,36,3/31/2014,32,42003,16405,24679,64320,12/14/2013,109,18.48387097,94,3,0.750494403,53683,17
21488,07-03-2008,07-03-2008,Male,4,nanhai,guangdong,CN,40,3/31/2014,43,39646,19173,24278,69652,3/29/2014,3,17.23809524,83,1,0.692856487,40852,1
11363,11-10-2005,12/31/2005,Male,5,shenzhen,guangdong,CN,52,3/31/2014,28,43083,8370,21742,39647,3/18/2014,14,25.48148148,88,3,1.217062073,48309,6
39248,2/13/2009,2/13/2009,Male,5,guangzhou,guangdong,CN,35,3/31/2014,48,39582,24250,20408,75725,02-01-2014,60,14.14893617,100,2,0.637128161,40831,5
4429,12-06-2009,8/22/2010,Female,4,guangzhou,guangzhou,CN,31,3/31/2014,9,45399,19500,11510,57146,10-06-2013,178,36.125,104,0,0.844156546,45399,0
56844,8/29/2007,9/28/2007,Male,4,guangzhou,guangdong,CN,43,3/31/2014,36,44790,28775,14612,58805,11-12-2013,141,16.37142857,81,2,0.819984355,44790,2
14471,02-11-2012,2/24/2012,Male,5,changsha,hunan,CN,35,3/31/2014,55,39310,22134,17740,65570,03-06-2014,26,13.03703704,64,1,0.735326674,40680,1
36544,12/27/2005,12/27/2005,Male,6,guangzhou,guangdong,CN,33,3/31/2014,67,38388,26244,21930,67543,3/28/2014,4,10.6969697,45,5,0.713548406,41472,9
32174,04-06-2011,04-06-2011,Male,4,,beijing,CN,43,3/31/2014,19,34570,16050,8972,93742,3/24/2014,8,31.22222222,181,0,0.514123659,34570,0
8955,02-07-2008,12/26/2009,Male,5,.,beijing,CN,49,3/31/2014,31,43655,21583,26330,33279,03-10-2014,22,21.96666667,62,0,1.447885153,44820,1
2838,01-03-2009,1/27/2009,Male,4,SYDNEY,N.S.W,AU,46,3/31/2014,12,58937,36000,15782,50418,09-10-2013,204,37.90909091,137,5,0.955632909,61353,7
62619,7/18/2007,7/18/2007,Male,5,dalianshi,liaoning,CN,43,3/31/2014,67,45681,18939,25557,54114,3/28/2014,4,10.96969697,60,0,0.890336697,48642,2
1758,08-03-2012,8/19/2012,Male,4,nanning,guangxi,CN,44,3/31/2014,45,37784,25545,18320,66367,3/23/2014,9,13.22727273,83,1,0.725955821,37784,1
35961,03-04-2008,03-04-2008,Male,4,wulumuqi,xinjiang,CN,55,3/31/2014,17,40326,24320,15518,50436,2/28/2014,33,41.5625,156,1,0.955150289,42790,2
56211,04-06-2005,5/14/2005,Male,5,guangzhou,guangdong,CN,,3/31/2014,47,41622,26073,17738,61770,03-04-2014,28,15.19565217,64,0,0.779862231,49338,6
14985,02-11-2013,02-11-2013,Female,5,guangzhou,guangdong,CN,43,3/31/2014,9,24123,9600,7546,66125,3/21/2014,11,50.5,208,0,0.72832983,24123,0
21509,08-09-2008,8/20/2010,Male,5,guangzhou,guangdong,CN,32,3/31/2014,52,41019,28026,16797,67226,3/15/2014,17,13.98039216,120,3,0.716286556,45790,5
61454,11-07-2006,11-07-2006,Male,6,,beijing,CN,53,3/31/2014,29,47924,14496,26476,43790,3/16/2014,16,25.21428571,85,1,1.099567024,57533,5
45627,2/14/2006,2/14/2006,Male,5,.,beijing,CN,49,3/31/2014,40,45620,24328,22779,47184,3/20/2014,12,14.66666667,94,4,1.020103849,48350,6
38008,12-04-2004,2/27/2005,Male,4,guangzhoushi,guangdongsheng,CN,42,3/31/2014,53,39096,22103,19867,78602,3/28/2014,4,13.86538462,40,1,0.612289891,45404,19
54021,01-07-2008,10/22/2008,Male,4,wulumuqi,xinjiang,CN,50,3/31/2014,29,39573,17633,20660,68816,3/26/2014,6,24.42857143,115,2,0.698824401,42037,3
29450,7/13/2007,7/13/2007,Male,4,TAHARA,NAGOYA,JP,58,3/31/2014,26,34995,21370,26093,65327,03-11-2014,21,24.8,181,0,0.736086764,35695,1
51856,8/14/2012,8/14/2012,Male,5,guangzhoushihaizhuqu,guangdong,CN,28,3/31/2014,39,43086,12981,26219,64767,2/15/2014,46,14.47368421,45,1,0.74243658,58678,20
10545,8/27/2011,9/24/2011,Male,4,guangzhou,guangdong,CN,29,3/31/2014,40,40634,27158,16844,65110,3/18/2014,14,18.07692308,99,0,0.738475196,42234,2
6205,02-08-2012,03-09-2012,Female,5,HO CHI MINH,HO CHI MINH,VN,46,3/31/2014,66,25052,6092,33668,112328,3/22/2014,10,9.723076923,91,0,0.427987679,28223,1
55978,12/30/2012,01-03-2013,Male,4,changchunshi,jilin,CN,38,3/31/2014,49,43648,13790,24308,60629,12-01-2013,122,6.916666667,39,6,0.792634713,49238,11
20482,12-01-2005,01-03-2006,Male,5,wuhan,hubei,CN,72,3/31/2014,59,44655,23683,22131,62121,3/28/2014,4,12.48275862,48,3,0.773296631,47140,3
35607,11/27/2006,11/27/2006,Male,5,,beijing,CN,42,3/31/2014,51,45944,16320,28405,50637,02-05-2014,56,12.06,77,1,0.948414006,47677,1
35784,03-03-2008,03-03-2008,Male,5,foshanshi,guangdongsheng,CN,39,3/31/2014,39,35836,9958,31554,74850,3/31/2014,1,18.89473684,159,1,0.641605878,35836,1
46796,4/16/2012,4/23/2012,Male,4,changji,xinjiang,CN,34,3/31/2014,36,34854,23733,14801,90193,2/14/2014,47,18.91428571,60,1,0.532407947,36742,3
49936,11-11-2010,12-09-2010,Male,4,dongguanshi,guangdong,CN,54,3/31/2014,22,50188,27996,30394,58776,01-09-2014,83,28.66666667,124,0,0.816712774,58628,13
14191,07-08-2012,08-01-2012,Male,4,SUZUKA-SHI,MIE-KEN,JP,68,3/31/2014,23,48323,21355,31744,60789,3/16/2014,16,26.95454545,80,0,0.789565217,56789,8
17173,07-11-2012,07-11-2012,Male,5,shenyang,liaoning,CN,32,3/31/2014,57,43724,9581,34813,73958,03-10-2014,22,10.85714286,80,0,0.648521188,49496,1
41481,8/13/2011,12/19/2011,Male,4,shenzhen,guangdong,CN,41,3/31/2014,30,48804,19076,22122,61336,3/21/2014,11,24.13793103,81,0,0.781273314,96304,2
17460,02-07-2011,4/18/2011,Male,4,wulumuqi,xinjiang,CN,46,3/31/2014,20,36725,21524,7526,61770,12-11-2013,112,30.42105263,144,0,0.775476121,40184,1
850,9/21/2006,10/16/2006,Female,4,guangzhou,guangdong,CN,31,3/31/2014,9,51385,13648,7600,57245,08-01-2013,244,49.625,108,0,0.836728099,51385,0
18028,06-01-2006,8/18/2006,Male,5,shenyangshi,liaoning,CN,42,3/31/2014,49,44607,19051,24792,60047,02-03-2014,58,12.54166667,78,5,0.797296951,52805,11
2016,12-01-2004,1/13/2005,Male,5,guangzhoushi,guangdongsheng,CN,48,3/31/2014,62,40448,22948,25844,66309,3/20/2014,12,11.60655738,68,0,0.721804431,42404,0
12591,8/23/2008,7/27/2009,Female,4,shenzhen,guangdong,CN,40,3/31/2014,34,40345,17925,18944,66083,2/20/2014,41,20.15151515,93,2,0.724151749,44196,17
56206,04-03-2005,04-08-2005,Female,5,shunde,guangdong,CN,37,3/31/2014,35,43645,6335,23847,65727,3/20/2014,12,20.85294118,91,4,0.728040683,52040,17
45015,02-01-2008,4/16/2008,Male,4,wulumuqi,xinjiang,CN,49,3/31/2014,33,40284,20275,18805,59608,2014/2/29  0:00:00,32,21.34375,169,0,0.802731513,40784,1
51544,07-08-2012,7/18/2012,Male,5,guangzhou,guangdong,CN,37,3/31/2014,73,40796,21016,28961,66134,3/20/2014,12,8.486111111,43,3,0.723123658,48020,6
39417,7/29/2008,7/29/2008,Male,4,guangzhou,guangdong,CN,43,3/31/2014,7,45323,8300,10535,68035,2/26/2014,35,88.5,207,1,0.702750937,83106,11
51113,11/13/2011,11/13/2011,Male,4,huizhou,guangdong,CN,50,3/31/2014,36,36604,12025,25665,67741,3/19/2014,13,19.17142857,109,0,0.705557196,38596,1
23225,2/18/2011,2/21/2011,Male,6,dongguanshi,guangdong,CN,49,3/31/2014,59,42397,20263,26112,66953,3/28/2014,4,11.89655172,74,1,0.713847475,66081,34
13859,11/14/2010,11/26/2010,Male,4,anshan,liaoning,CN,42,3/31/2014,34,39553,22148,16929,60529,03-06-2014,26,21.03030303,130,2,0.789585653,41645,14
6328,4/15/2012,4/15/2012,Male,4,xining,qinghai,CN,58,3/31/2014,21,37744,27550,11091,33276,03-04-2014,28,34.45,167,0,1.435951136,37744,0
15956,8/23/2012,9/26/2012,Male,5,foshan,guangdong,CN,46,3/31/2014,39,40680,22050,21787,59751,3/31/2014,1,14.52631579,102,0,0.799607538,41406,0
39236,07-02-2009,07-02-2009,Male,4,KUSATSU,SHIGA,JP,52,3/31/2014,29,45370,24539,25675,63052,03-12-2014,20,24.75,149,2,0.757211349,49354,4
38515,10/14/2009,10/22/2009,Male,4,fugangshi,guangzhou,JP,62,3/31/2014,40,48555,45073,6633,61731,4/22/2013,345,9.666666667,51,1,0.773243589,49355,2
9766,7/18/2006,1/23/2012,Male,6,wuhan,hubei,CN,35,3/31/2014,62,48976,15045,34923,40078,3/20/2014,12,11.03278689,58,0,1.190853336,57581,4
23538,9/13/2011,9/14/2011,Male,5,wuhanshi,hubeisheng,CN,47,3/31/2014,47,33887,26279,17676,67120,3/24/2014,8,15.67391304,60,3,0.711044845,38777,22
53638,5/15/2006,5/15/2006,Male,5,changchun,jilin,CN,59,3/31/2014,40,39270,17157,22229,57032,03-03-2014,29,15.05128205,53,37,0.836522829,69455,46
29155,4/15/2005,4/26/2005,Male,4,guangzhou,guangdong,CN,53,3/31/2014,5,37220,6720,9800,61160,9/30/2013,184,131.25,325,1,0.78,37220,1
47419,9/17/2005,11/19/2005,Male,4,guiyang,guizhou,CN,47,3/31/2014,32,43000,24309,16392,63441,2/18/2014,43,21.87096774,122,0,0.751885374,43500,1
47166,03-06-2005,03-06-2005,Male,4,,,CN,57,3/31/2014,43,43190,22199,21317,62025,3/17/2014,15,16.4047619,52,3,0.769031681,49990,5
32533,7/28/2011,7/28/2011,Female,4,PARIS,paris,FR,47,3/31/2014,12,30211,6600,15998,66385,01-07-2014,85,29.36363636,132,0,0.718209535,30211,0
18104,09-11-2008,09-11-2008,Male,4,jinan,shandong,CN,35,3/31/2014,45,45626,19090,22646,49627,3/22/2014,10,16.36363636,56,3,0.960496302,64904,22
